asdf_id,worldbank_geocodedresearchrelease_level1_v1_4_2.bf1de3f.sum,worldbank_geocodedresearchrelease_level1_v1_4_2.a4b4c97.sum,worldbank_geocodedresearchrelease_level1_v1_4_2.a127a6e.sum,worldbank_geocodedresearchrelease_level1_v1_4_2.c2de8df.sum,worldbank_geocodedresearchrelease_level1_v1_4_2.887790a.sum,worldbank_geocodedresearchrelease_level1_v1_4_2.653b730.sum,worldbank_geocodedresearchrelease_level1_v1_4_2.034e602.sum,worldbank_geocodedresearchrelease_level1_v1_4_2.6142400.sum,worldbank_geocodedresearchrelease_level1_v1_4_2.381e47f.sum,worldbank_geocodedresearchrelease_level1_v1_4_2.be4c261.sum,worldbank_geocodedresearchrelease_level1_v1_4_2.98af255.sum,worldbank_geocodedresearchrelease_level1_v1_4_2.993244c.sum,worldbank_geocodedresearchrelease_level1_v1_4_2.0cf8a0f.sum,worldbank_geocodedresearchrelease_level1_v1_4_2.c3898aa.sum,worldbank_geocodedresearchrelease_level1_v1_4_2.e9437ae.sum,worldbank_geocodedresearchrelease_level1_v1_4_2.56d6ad1.sum,worldbank_geocodedresearchrelease_level1_v1_4_2.a8d2793.sum,worldbank_geocodedresearchrelease_level1_v1_4_2.d56e944.sum,ucdp_deaths_171.1989.sum,ucdp_deaths_171.1990.sum,ucdp_deaths_171.1991.sum,ucdp_deaths_171.1992.sum,ucdp_deaths_171.1993.sum,ucdp_deaths_171.1994.sum,ucdp_deaths_171.1995.sum,ucdp_deaths_171.1996.sum,ucdp_deaths_171.1997.sum,ucdp_deaths_171.1998.sum,ucdp_deaths_171.1999.sum,ucdp_deaths_171.2000.sum,ucdp_deaths_171.2001.sum,ucdp_deaths_171.2002.sum,ucdp_deaths_171.2003.sum,ucdp_deaths_171.2004.sum,ucdp_deaths_171.2005.sum,ucdp_deaths_171.2006.sum,ucdp_deaths_171.2007.sum,ucdp_deaths_171.2008.sum,ucdp_deaths_171.2009.sum,ucdp_deaths_171.2010.sum,ucdp_deaths_171.2011.sum,ucdp_deaths_171.2012.sum,ucdp_deaths_171.2013.sum,ucdp_deaths_171.2014.sum,ucdp_deaths_171.2015.sum,ucdp_deaths_171.2016.sum,worldpop_pop_count_1km_mosaic.2000.sum,worldpop_pop_count_1km_mosaic.2001.sum,worldpop_pop_count_1km_mosaic.2003.sum,worldpop_pop_count_1km_mosaic.2002.sum,worldpop_pop_count_1km_mosaic.2005.sum,worldpop_pop_count_1km_mosaic.2004.sum,worldpop_pop_count_1km_mosaic.2006.sum,worldpop_pop_count_1km_mosaic.2008.sum,worldpop_pop_count_1km_mosaic.2007.sum,worldpop_pop_count_1km_mosaic.2009.sum,worldpop_pop_count_1km_mosaic.2010.sum,worldpop_pop_count_1km_mosaic.2011.sum,worldpop_pop_count_1km_mosaic.2012.sum,worldpop_pop_count_1km_mosaic.2013.sum,worldpop_pop_count_1km_mosaic.2014.sum,worldpop_pop_count_1km_mosaic.2015.sum,worldpop_pop_count_1km_mosaic.2016.sum,worldpop_pop_count_1km_mosaic.2017.sum,worldpop_pop_count_1km_mosaic.2018.sum,worldpop_pop_count_1km_mosaic.2019.sum,worldpop_pop_count_1km_mosaic.2020.sum,Level,gqid,id,shapeGroup,shapeID,shapeISO,shapeName,shapeType
0,7395.00734871,10806.5566533,1949148.31339,767394.946272,1598855.04926,0.0,27246.5366255,6141.72975241,0.0,6695722.62831,2139.91423057,613284.652494,384800.800072,1038150.54635,6112.09144063,16941.7275044,443.845883407,2241221.58655,NA,NA,NA,NA,NA,NA,NA,NA,NA,NA,NA,NA,NA,NA,NA,NA,NA,40.0,101.0,NA,NA,15.0,33.0,NA,2.0,NA,NA,NA,48900.541687,49455.2980957,51220.9851074,50143.8390503,53290.4266052,52134.1517944,54220.0600586,56248.4674072,55061.0061035,57238.0213623,58521.151825,59703.8994751,60699.393219,61948.3965149,62925.9491577,64132.4294739,65219.2202759,66565.6943359,67909.8221436,69081.5449219,70537.4604492,ADM1,0,0,CAF,CAF-ADM1-2339639B51952767,CF-VK,Vakaga,ADM1
1,5871.4984677,8580.20524377,2435390.32362,997939.802309,1996760.27916,0.0,25539.1771732,9422.98835685,0.0,8378399.84327,1699.05214874,767406.943444,481658.728659,1291667.25244,4852.88706769,48237.1594925,352.405386693,2828071.73264,NA,NA,NA,NA,NA,NA,NA,NA,NA,NA,NA,NA,NA,NA,NA,NA,NA,3.0,11.0,4.0,26.0,13.0,7.0,13.0,NA,2.0,NA,NA,39933.1461182,40627.0047607,42251.0761719,41186.9728699,43894.7020569,42999.34552,44725.9833679,46696.7900391,45635.2403564,47433.8369751,48543.4780884,49222.3817139,50438.9674072,51461.1169434,52818.862915,53991.0369873,55110.0405273,55987.5775146,57084.3416138,58428.9782715,59563.2216187,ADM1,1,1,CAF,CAF-ADM1-2339639B30325539,CF-BB,Bamingui-Bangoran,ADM1
2,0.0,0.0,3631832.95766,1421955.81688,2954884.19859,0.0,0.0,0.0,0.0,12526554.7334,0.0,1147350.95718,726060.412853,1929457.32091,0.0,37018.0086664,2386.62171229,4208620.05548,NA,NA,NA,NA,NA,NA,NA,NA,NA,NA,NA,NA,NA,NA,NA,NA,NA,13.0,NA,NA,NA,1.0,57.0,17.0,39.0,NA,18.0,143.0,84611.3143845,86114.9087067,89415.5378876,87779.4566345,92862.0930557,91118.392643,94690.6956787,98349.8295441,96478.8458557,100305.845001,102165.206467,104176.546799,106183.629204,108326.894714,110543.35968,112589.844452,114748.74057,116982.166199,119199.225159,121420.664749,123794.73027,ADM1,2,2,CAF,CAF-ADM1-2339639B95641656,CF-HK,Haute-Kotto,ADM1
3,0.0,0.0,2339378.64638,915926.78212,1903949.24478,99221.1917032,1573.95915661,78073.6055144,21207.8077578,8068750.68251,37613.9640287,753506.963531,475680.138118,1257788.69638,3929.87187107,14080.1669241,68113.4727062,2768421.01945,NA,NA,NA,NA,NA,NA,NA,NA,NA,NA,NA,NA,NA,NA,NA,NA,NA,NA,NA,2.0499999821186066,159.49999982118607,38.44999995827675,6.0,14.0,5.0,3.0,12.0,4.0,54932.8585281,56062.9298172,58291.5927429,57086.1789322,60580.2992554,59376.1145477,61797.7981262,64100.8251114,63088.8712769,65413.9780884,66745.1040955,67961.2807312,69499.3092041,71206.7262878,72807.2879639,74061.3712616,75395.5396576,77011.5318604,78944.4488068,80570.5299072,82045.389679,ADM1,3,3,CAF,CAF-ADM1-2339639B1537712,CF-HM,Haut-Mbomou,ADM1
4,0.0,0.0,2505639.07817,981022.008377,2039061.50299,73659.7047362,1168.47383863,58323.080825,15987.5376949,8642199.52312,27923.8077748,802030.435215,1406609.7736,1349046.86559,3502.97759523,1828658.59846,16685.8844825,4543452.20781,NA,NA,NA,NA,NA,NA,NA,NA,NA,NA,NA,NA,NA,NA,NA,NA,NA,NA,NA,NA,1.0,39.200000047683716,13.0,25.12000000476837,40.0,20.0,1.0,2.0,2.75628697735e+38,153176.873962,159303.905914,156091.87323,165269.974365,162175.389099,168682.595947,175187.762756,172001.358307,178406.16217,181730.143738,185395.732056,189165.875977,192905.846436,196715.563293,200594.248779,204526.852783,208342.982483,212322.624146,216684.72998,220457.688049,ADM1,4,4,CAF,CAF-ADM1-2339639B87872056,CF-MB,Mbomou,ADM1
5,0.0,0.0,692326.097202,271063.436169,563440.154673,25646.2867494,406.830508376,20995.6445601,6028.47875739,2387901.88068,9722.3031764,221836.284165,1019163.11601,386922.806249,2331.57039438,1788134.97698,14127.3268885,2415152.50368,0.0,0.0,0.0,0.0,0.0,0.0,0.0,0.0,0.0,0.0,0.0,0.0,0.0,0.0,0.0,0.0,0.0,0.0,0.0,0.0,0.0,0.0,0.0,0.0,209.0,0.0,4.079999998211861,0.0,inf,236679.640625,245855.046875,240789.734375,255299.0,250335.1875,259938.78125,270245.3125,265423.25,275245.71875,280669.71875,285715.15625,291295.3125,296553.75,302557.8125,307858.9375,313466.53125,319526.96875,325710.90625,332392.71875,338761.21875,ADM1,5,5,CAF,CAF-ADM1-2339639B45931864,CF-BK,Basse-Kotto,ADM1
6,10161.6186026,72711.0186898,1349069.9727,569190.556213,1140151.27218,9241.55911166,31646.6719974,47927.9292835,6388.64076182,4650058.23873,4786.08127732,439467.393045,314549.574763,728744.253637,74718.9530127,1982939.99742,16688.4220649,3261337.47901,NA,NA,NA,NA,NA,NA,NA,NA,NA,NA,NA,NA,NA,2.0,2.0,NA,NA,87.0,6.0,1.0,NA,NA,NA,NA,245.0499999821186,497.0,3.0,62.0,410917.445404,419300.086075,435608.422974,427136.944275,452665.679199,443638.640778,461119.379242,479107.772278,469685.105087,488430.709686,498132.425629,507819.730469,517618.320068,527861.810242,538037.91394,548691.233887,559042.593018,569775.675995,581158.570587,592141.415405,603739.192871,ADM1,6,6,CAF,CAF-ADM1-2339639B25797465,CF-OP,Ouham-Pendé,ADM1
7,0.0,0.0,1310014.22022,512904.1898,1065960.58905,20020.0312995,317.580458755,16389.6421089,26138.973145,4518369.9312,8196396.3973,416288.841546,7075721.93433,13301590.9774,144691.915571,23108.6688575,11028.0887541,4644096.71735,NA,NA,NA,0.23999999463558197,0.3199999928474426,NA,NA,NA,NA,NA,0.3999999910593033,NA,17.519999608397484,17.759999781847,1.1199999749660492,NA,0.07999999821186066,NA,0.1599999964237213,NA,NA,NA,0.8799999803304672,0.6399999856948853,488.11999778449535,255.39999936521053,8.47999981045723,1.1199999749660492,inf,360214.490234,373315.183105,365739.94043,387497.68457,380463.74707,394877.763672,410207.828613,404436.510742,419494.155762,428742.87207,436479.775391,445902.352539,453057.928711,461625.203125,469315.926758,478405.4375,491036.240723,498682.677734,510527.641113,519549.401367,ADM1,7,7,CAF,CAF-ADM1-2339639B552201,CF-MP,Ombella M'Poko,ADM1
8,0.0,0.0,686254.228134,268686.14359,558439.730784,15912.0535391,252.415053058,13026.5961537,3740.32614093,2366959.39762,6032.13284549,218733.870498,1022806.45259,376441.514117,1446.60602558,1793934.66054,8765.19801912,2416313.09415,0.0,0.0,0.0,0.0,0.0,0.0,0.0,0.0,0.0,0.0,0.0,0.0,0.0,0.0,0.0,0.0,0.0,0.0,4.0,0.0,0.0,0.0,0.0,3.0,6.0,213.0,0.0,0.0,inf,112000.125,116337.695312,114159.828125,120776.984375,118572.328125,123097.71875,127894.3125,125500.09375,130432.132812,132911.71875,135447.234375,138047.671875,140810.734375,143554.390625,146361.671875,149159.90625,152102.59375,155060.3125,157915.671875,160986.28125,ADM1,8,8,CAF,CAF-ADM1-2339639B66823349,CF-KG,Kémo,ADM1
9,11449.4755311,83142.355782,1233806.91804,492608.083708,1027273.25724,2198.85409816,1293.70267196,0.0,5063.24531495,4275660.34168,3958.37353006,408160.47285,1181701.43349,655475.573452,5961715.79314,1827440.51349,11993.3909732,1471783.67643,0.0,0.0,0.0,0.0,0.0,0.0,0.0,0.0,0.0,0.0,0.0,0.0,0.0,0.0,0.0,0.0,0.0,0.0,0.0,0.0,0.0,0.0,0.0,0.0,0.0,161.0,3.0,0.0,338565.855469,345902.960938,359752.730469,352878.902344,373763.957031,366448.878906,380676.84375,395703.976562,388245.726562,403156.9375,411097.757812,418418.027344,426628.867188,434884.714844,443360.007812,452106.65625,460568.679688,469355.859375,478163.296875,488035.117188,497112.140625,ADM1,9,9,CAF,CAF-ADM1-2339639B33467748,CF-HS,Mambéré-Kadéï,ADM1
10,13.3384475425,19.4918926025,832192.391773,325942.196349,677113.937907,0.0,59.3689994796,11.0778984063,0.0,2870265.85208,3.85978436044,262897.68758,179623.703038,442105.909608,11.0244394916,1820716.81155,0.800569188591,2592488.74557,0.0,0.0,0.0,0.0,0.0,0.0,0.0,0.0,0.0,0.0,0.0,0.0,2.0,0.0,0.0,0.0,0.0,14.0,2.0,0.0,0.0,0.0,0.0,0.0,29.0,157.0,50.0,72.0,110760.390625,112540.3125,116830.492188,114743.9375,121314.570312,119061.351562,123814.875,128631.726562,126149.234375,131341.078125,133681.296875,136450.09375,138997.796875,141540.59375,144322.125,147074.3125,149830.34375,152746.03125,155719.671875,158548.65625,161728.875,ADM1,10,10,CAF,CAF-ADM1-2339639B98692755,CF-KB,Nana-Grébizi,ADM1
11,14977.6512014,178999.557304,1132807.21101,458932.794099,959516.865469,19977.1281175,2089.4610193,6999.44753996,9982.11504163,3939688.56427,6393.17469938,442455.326522,1163058.16088,601818.198122,5851454.6156,377126.090878,24640.4422717,3010965.41349,0.0,0.0,0.0,0.0,0.0,0.0,0.0,0.0,0.0,0.0,0.0,0.0,0.0,0.0,0.0,0.0,0.0,0.0,0.0,0.0,0.0,0.0,0.0,0.0,100.0,294.0,41.0,0.0,218795.90918,222871.634766,231426.176758,227291.584961,240447.396484,235895.9375,245041.272461,254678.152344,250000.623047,259030.963867,264297.797852,269033.134766,274225.920898,279827.856445,285118.464844,290439.463867,296064.033203,301680.078125,307453.585938,313486.139648,319387.986328,ADM1,11,11,CAF,CAF-ADM1-2339639B37834509,CF-NM,Nana-Mambéré,ADM1
12,0.0,0.0,2054449.12152,804369.560187,1671614.25521,16198.8967914,256.965286287,13261.4238708,3807.75221591,7086000.28348,6140.87283933,651002.225072,441319.402303,1103526.20617,1472.68368904,1882877.7355,8923.20640571,4060899.55031,NA,NA,NA,NA,NA,NA,NA,NA,NA,NA,NA,6.0,13.0,4.0,1.0,NA,NA,NA,2.0,NA,NA,NA,8.0,3.0,56.0,444.0,159.92000007629395,101.0,259939.442383,265268.894531,275849.238281,270448.855469,286501.381836,281197.948242,291931.070312,303383.084961,297837.771484,308851.71582,315103.273438,320679.113281,327033.526367,333396.669922,339828.095703,346399.780273,353127.59668,359864.984375,366674.955078,374261.214844,380945.916992,ADM1,12,12,CAF,CAF-ADM1-2339639B3646738,CF-UK,Ouaka,ADM1
13,10093.93463,14750.583913,2220887.60774,965699.535065,1830643.208,0.0,41859.9294863,49272.4364815,0.0,7623093.62534,2920.91046549,698225.805409,1350104.49201,1196356.31433,8342.79785606,1896525.16501,17656.0953935,4249441.60239,NA,NA,NA,NA,NA,NA,NA,NA,NA,NA,NA,NA,21.0,16.0,NA,NA,7.0,7.0,6.0,NA,NA,NA,NA,12.0,825.9499998688698,207.4899999499321,29.0,NA,346699.373291,353369.629395,367509.536133,360358.725464,381944.205688,374299.932617,388874.91394,404263.043945,396429.254883,411668.714233,420104.636475,427599.220947,436466.956787,445217.247803,454202.685791,463048.879395,472118.968018,481115.067139,490457.379883,500218.500732,510115.948242,ADM1,13,13,CAF,CAF-ADM1-2339639B42395864,CF-AC,Ouham,ADM1
14,13870.445753,49444.3511863,710450.238808,284677.201019,619812.828613,6851.65855816,24752.0693323,32549.2738793,3458.82771416,2464169.9437,7164.03508181,257187.125946,999492.593366,378423.173457,5440004.82563,1689785.6074,9857.45693389,827488.818884,0.0,0.0,0.0,0.0,0.0,0.0,0.0,0.0,0.0,0.0,0.0,0.0,0.0,0.0,0.0,0.0,0.0,0.0,0.0,0.0,0.0,0.0,0.0,0.0,0.0,14.0,0.0,0.0,94854.404541,96836.4915466,100544.493652,98773.2154541,104413.415863,102587.227753,106530.93631,110702.942627,108576.35083,112866.763184,115088.83728,117446.508423,119574.601868,121906.427856,124301.273926,126821.543854,129303.475891,131818.271271,134543.989014,136892.021484,139726.811157,ADM1,14,14,CAF,CAF-ADM1-2339639B80827301,CF-SE,Sangha-Mbaéré,ADM1
15,7963.69052908,0.0,767718.697028,300581.574014,658583.305736,11982.5840548,31501.568344,43085.9529903,35162.0440619,2647938.49008,7147.58576097,269712.636219,1067812.50945,412963.754026,5857784.63627,22374.0739479,4912.39709963,2508511.71217,0.0,0.0,0.0,0.0,0.0,0.0,0.0,0.0,0.0,0.0,0.0,0.0,0.0,0.0,0.0,0.0,0.0,0.0,0.0,0.0,0.0,0.0,0.0,0.0,0.0,138.0,0.0,0.0,232029.828125,236580.59375,245859.78125,240949.75,255492.0625,250407.59375,260351.0,270589.84375,265644.4375,275688.125,280982.3125,286674.625,292500.9375,297845.28125,303291.0625,309409.46875,315147.0,321543.59375,328022.53125,334780.96875,341352.71875,ADM1,15,15,CAF,CAF-ADM1-2339639B88811873,CF-LB,Lobaye,ADM1
16,0.0,0.0,2798.52201991,1095.69319715,2282.13227672,845.044397953,13.4050533466,691.805873896,153646.609085,9652.38205159,8786726.06947,986.899328157,1895330.06379,5868698.32261,261314.916545,128.451368195,465.495007593,1406982.53444,0.0,0.0,0.0,2.7600000500679016,3.680000066757202,0.0,0.0,0.0,0.0,0.0,4.600000083446503,0.0,201.48000365495682,112.24000203609467,12.880000233650208,0.0,0.9200000166893005,0.0,1.840000033378601,0.0,0.0,0.0,10.120000183582306,7.360000133514404,1139.8800206780434,326.6000059247017,97.52000176906586,12.880000233650208,509853.375,520386.375,548911.6875,534255.9375,576112.75,562400.75,592042.625,621525.25,606000.9375,636071.75,649619.5,667281.625,684894.375,703472.0,721905.0625,741185.0,759877.5,774935.4375,797091.75,815197.375,837407.1875,ADM1,16,16,CAF,CAF-ADM1-2339639B24755629,CF-BGF,Bangui,ADM1
