asdf_id,worldbank_geocodedresearchrelease_level1_v1_4_2.f99c939.sum,worldbank_geocodedresearchrelease_level1_v1_4_2.485401a.sum,worldbank_geocodedresearchrelease_level1_v1_4_2.887790a.sum,worldbank_geocodedresearchrelease_level1_v1_4_2.653b730.sum,worldbank_geocodedresearchrelease_level1_v1_4_2.034e602.sum,worldbank_geocodedresearchrelease_level1_v1_4_2.6142400.sum,worldbank_geocodedresearchrelease_level1_v1_4_2.381e47f.sum,worldbank_geocodedresearchrelease_level1_v1_4_2.be4c261.sum,worldbank_geocodedresearchrelease_level1_v1_4_2.98af255.sum,worldbank_geocodedresearchrelease_level1_v1_4_2.993244c.sum,worldbank_geocodedresearchrelease_level1_v1_4_2.0cf8a0f.sum,worldbank_geocodedresearchrelease_level1_v1_4_2.c3898aa.sum,worldbank_geocodedresearchrelease_level1_v1_4_2.e9437ae.sum,worldbank_geocodedresearchrelease_level1_v1_4_2.56d6ad1.sum,worldbank_geocodedresearchrelease_level1_v1_4_2.a8d2793.sum,worldbank_geocodedresearchrelease_level1_v1_4_2.d56e944.sum,ucdp_deaths_171.1989.sum,ucdp_deaths_171.1990.sum,ucdp_deaths_171.1991.sum,ucdp_deaths_171.1992.sum,ucdp_deaths_171.1993.sum,ucdp_deaths_171.1994.sum,ucdp_deaths_171.1995.sum,ucdp_deaths_171.1996.sum,ucdp_deaths_171.1997.sum,ucdp_deaths_171.1998.sum,ucdp_deaths_171.1999.sum,ucdp_deaths_171.2000.sum,ucdp_deaths_171.2001.sum,ucdp_deaths_171.2002.sum,ucdp_deaths_171.2003.sum,ucdp_deaths_171.2004.sum,ucdp_deaths_171.2005.sum,ucdp_deaths_171.2006.sum,ucdp_deaths_171.2007.sum,ucdp_deaths_171.2008.sum,ucdp_deaths_171.2009.sum,ucdp_deaths_171.2010.sum,ucdp_deaths_171.2011.sum,ucdp_deaths_171.2012.sum,ucdp_deaths_171.2013.sum,ucdp_deaths_171.2014.sum,ucdp_deaths_171.2015.sum,ucdp_deaths_171.2016.sum,worldpop_pop_count_1km_mosaic.2000.sum,worldpop_pop_count_1km_mosaic.2001.sum,worldpop_pop_count_1km_mosaic.2003.sum,worldpop_pop_count_1km_mosaic.2002.sum,worldpop_pop_count_1km_mosaic.2005.sum,worldpop_pop_count_1km_mosaic.2004.sum,worldpop_pop_count_1km_mosaic.2006.sum,worldpop_pop_count_1km_mosaic.2008.sum,worldpop_pop_count_1km_mosaic.2007.sum,worldpop_pop_count_1km_mosaic.2009.sum,worldpop_pop_count_1km_mosaic.2010.sum,worldpop_pop_count_1km_mosaic.2011.sum,worldpop_pop_count_1km_mosaic.2012.sum,worldpop_pop_count_1km_mosaic.2013.sum,worldpop_pop_count_1km_mosaic.2014.sum,worldpop_pop_count_1km_mosaic.2015.sum,worldpop_pop_count_1km_mosaic.2016.sum,worldpop_pop_count_1km_mosaic.2017.sum,worldpop_pop_count_1km_mosaic.2018.sum,worldpop_pop_count_1km_mosaic.2019.sum,worldpop_pop_count_1km_mosaic.2020.sum,Level,gqid,id,shapeGroup,shapeID,shapeISO,shapeName,shapeType
0,1837794.07688,404475.120211,58028.843591,6054.24601355,7877.38873317,41647.6795998,2333070.58804,4620671.9273,10593.799277,45503.4209702,88287.1935821,205.652420485,5468.9926215,274.588841576,346.64573626,1805548.63124,NA,NA,NA,NA,NA,NA,NA,NA,NA,NA,NA,NA,NA,NA,NA,NA,NA,NA,NA,NA,NA,NA,NA,NA,NA,NA,NA,NA,136609.890625,142924.771484,155877.415039,149526.411865,169792.052979,162489.402832,177464.105225,193840.500488,185327.85791,202212.327637,211626.254883,220937.950684,230699.052734,241091.542969,251864.991211,263652.665039,274889.095703,287143.165039,300384.822266,313155.951172,327619.56543,ADM1,0,0,GAB,GAB-ADM1-98808126B5631826,GA-9,Woleu-Ntem,ADM1
1,984490.367972,1822514.43322,0.0,0.0,0.0,0.0,1248654.40476,3438149.96373,0.0,0.0,0.0,0.0,0.0,0.0,0.0,3106832.93021,0.0,0.0,0.0,0.0,0.0,0.0,0.0,0.0,0.0,0.0,0.0,0.0,0.0,0.0,0.0,0.0,0.0,0.0,0.0,0.0,0.0,0.0,0.0,0.0,0.0,0.0,0.0,0.0,inf,561553.625,605677.4375,580126.4375,643291.375,621819.4375,663431.375,708184.5,688243.875,734705.625,754141.5625,781259.5,812900.0625,839847.625,861791.3125,892701.8125,924471.9375,955428.25,980206.1875,1021112.625,1052708.125,ADM1,1,1,GAB,GAB-ADM1-98808126B94440017,GA-1,Estuaire,ADM1
2,910807.785845,150105.457222,0.0,0.0,0.0,0.0,1155200.89447,4575430.35263,0.0,0.0,0.0,0.0,0.0,0.0,0.0,1765057.44999,0.0,0.0,0.0,0.0,0.0,0.0,0.0,0.0,0.0,0.0,0.0,0.0,0.0,0.0,0.0,0.0,0.0,0.0,0.0,0.0,0.0,0.0,0.0,0.0,0.0,0.0,0.0,0.0,inf,61036.6523438,65048.7890625,62590.7421875,68727.875,67144.75,71264.5859375,75806.2109375,73398.46875,78388.453125,79946.4765625,82517.3203125,85002.484375,88100.3046875,91094.96875,93452.515625,96522.8359375,99738.1328125,102776.765625,105925.507812,108831.640625,ADM1,2,2,GAB,GAB-ADM1-98808126B27151897,GA-3,Moyen-Ogooué,ADM1
3,1484763.22767,244696.045224,1401.87853174,1156.09260877,1298.2483913,2591.63174161,1883163.3143,0.0,816.276840623,1098.05825253,687.729207533,772.323332986,0.0,455.514109175,609.65712701,1799859.03065,0.0,0.0,0.0,0.0,0.0,0.0,0.0,0.0,0.0,0.0,0.0,0.0,0.0,0.0,0.0,0.0,0.0,0.0,0.0,0.0,0.0,0.0,0.0,0.0,0.0,0.0,0.0,0.0,58590.8547363,60633.2036133,65304.9648438,62871.4193115,70390.3398438,67759.7397461,73047.1657715,78549.4838867,75710.7404785,81759.331543,84828.2092285,88002.3852539,91366.8286133,94972.4868164,98525.3876953,102639.561035,106036.492188,110294.057617,114585.450684,118729.623535,123469.748535,ADM1,3,3,GAB,GAB-ADM1-98808126B24214246,GA-7,Ogooué-Lolo,ADM1
4,1672644.41977,275659.759722,115629.548039,59603.9507493,107081.941359,150103.840381,2121457.853,4575430.35263,40289.1624156,90569.8864678,39807.2244449,5513.24979827,0.0,33019.899318,20564.9590877,1772455.07498,0.0,0.0,0.0,0.0,0.0,0.0,0.0,0.0,0.0,0.0,0.0,0.0,0.0,0.0,0.0,0.0,0.0,0.0,0.0,0.0,0.0,0.0,0.0,0.0,0.0,0.0,0.0,0.0,181446.660156,195583.4375,226918.203125,210841.769531,263370.140625,244597.058594,283795.34375,329495.8125,305890.710938,354680.835938,382261.195312,412158.890625,444098.804688,478339.171875,515422.390625,554836.25,598925.0625,644863.484375,694778.1875,749126.671875,807131.390625,ADM1,4,4,GAB,GAB-ADM1-98808126B51917242,GA-2,Haut-Ogooué,ADM1
5,1895022.53778,312308.731765,16030.4468771,13219.8908324,14845.4387443,29635.2458635,2403505.72833,4575430.35263,8896.69592197,12556.2693819,7864.1667431,8831.49850793,0.0,5208.79274742,6971.41440324,1779834.80107,NA,NA,NA,NA,NA,NA,NA,NA,NA,NA,NA,NA,NA,NA,NA,NA,NA,NA,NA,NA,NA,NA,NA,NA,NA,NA,NA,NA,94016.4020996,96173.5506592,100823.255127,98490.8164062,105605.4729,103184.61084,107949.406738,113197.501953,110618.016357,115906.167969,118436.398438,121240.061279,124152.041992,127052.345459,130079.929688,133276.137207,136257.798828,139497.032715,142896.770752,146282.430664,149661.333496,ADM1,5,5,GAB,GAB-ADM1-98808126B7312655,GA-4,Ngounié,ADM1
6,1118511.90029,1154271.04051,0.0,0.0,0.0,0.0,1418637.35442,2008583.18325,0.0,0.0,0.0,0.0,0.0,0.0,0.0,1729105.22737,0.0,0.0,0.0,0.0,0.0,0.0,0.0,0.0,0.0,0.0,0.0,0.0,0.0,0.0,0.0,0.0,0.0,0.0,0.0,0.0,0.0,0.0,0.0,0.0,0.0,0.0,0.0,0.0,inf,98990.8538513,105294.381104,101402.90567,110857.786743,108632.036194,112839.054138,118752.368927,114340.609741,122679.322052,124658.679749,128371.898743,131937.246155,136187.53656,138444.266113,144209.984985,144183.232056,149222.424438,152232.689911,156428.523346,160618.606323,ADM1,6,6,GAB,GAB-ADM1-98808126B12388875,GA-8,Ogooué-Maritime,ADM1
7,981988.631535,161836.399308,19561.5303079,23510.1465658,18115.4962278,44509.3382592,1245481.38821,0.0,11666.7934181,15322.0834049,11814.5299737,3880.42645819,0.0,9629.42739744,3525.08905327,1594037.71852,0.0,0.0,0.0,0.0,0.0,0.0,0.0,0.0,0.0,0.0,0.0,0.0,0.0,0.0,0.0,0.0,0.0,0.0,0.0,0.0,0.0,0.0,0.0,0.0,0.0,0.0,0.0,0.0,inf,43425.8398438,45372.9726562,44363.2304688,47230.40625,46511.375,48448.5117188,50314.1328125,49352.9765625,51810.1796875,52636.0351562,54001.0078125,55207.03125,56424.1367188,57705.8398438,59228.8945312,60048.4570312,61506.765625,63128.7421875,64022.7539062,65628.15625,ADM1,7,7,GAB,GAB-ADM1-98808126B19165502,GA-5,Nyanga,ADM1
8,2139157.09329,352543.268238,30682.0442923,6368.37584564,28413.9558046,42570.3701289,2713147.85183,0.0,8676.02240627,24032.5186363,11291.1138581,1175.53484704,0.0,3611.95405927,1981.47019904,1762753.9495,NA,NA,NA,NA,NA,NA,NA,NA,NA,NA,NA,NA,NA,NA,NA,NA,NA,NA,NA,NA,NA,NA,NA,NA,NA,NA,NA,NA,58512.4360352,59971.7189941,62950.5583496,61428.5131836,66192.2843018,64555.0202637,67767.2336426,71255.8447266,69483.9978027,73003.7570801,74802.6694336,76734.9077148,78700.1538086,80605.3029785,82533.2661133,84487.5305176,86644.4494629,88853.3364258,91005.9492188,93389.8757324,95696.0217285,ADM1,8,8,GAB,GAB-ADM1-98808126B54093993,GA-6,Ogooué-Ivindo	,ADM1
