asdf_id,worldbank_geocodedresearchrelease_level1_v1_4_2.bf1de3f.sum,worldbank_geocodedresearchrelease_level1_v1_4_2.a4b4c97.sum,worldbank_geocodedresearchrelease_level1_v1_4_2.f99c939.sum,worldbank_geocodedresearchrelease_level1_v1_4_2.485401a.sum,worldbank_geocodedresearchrelease_level1_v1_4_2.c2de8df.sum,worldbank_geocodedresearchrelease_level1_v1_4_2.887790a.sum,worldbank_geocodedresearchrelease_level1_v1_4_2.653b730.sum,worldbank_geocodedresearchrelease_level1_v1_4_2.034e602.sum,worldbank_geocodedresearchrelease_level1_v1_4_2.6142400.sum,worldbank_geocodedresearchrelease_level1_v1_4_2.381e47f.sum,worldbank_geocodedresearchrelease_level1_v1_4_2.be4c261.sum,worldbank_geocodedresearchrelease_level1_v1_4_2.98af255.sum,worldbank_geocodedresearchrelease_level1_v1_4_2.993244c.sum,worldbank_geocodedresearchrelease_level1_v1_4_2.0cf8a0f.sum,worldbank_geocodedresearchrelease_level1_v1_4_2.c3898aa.sum,worldbank_geocodedresearchrelease_level1_v1_4_2.e9437ae.sum,worldbank_geocodedresearchrelease_level1_v1_4_2.56d6ad1.sum,worldbank_geocodedresearchrelease_level1_v1_4_2.a8d2793.sum,worldbank_geocodedresearchrelease_level1_v1_4_2.d56e944.sum,ucdp_deaths_171.1989.sum,ucdp_deaths_171.1990.sum,ucdp_deaths_171.1991.sum,ucdp_deaths_171.1992.sum,ucdp_deaths_171.1993.sum,ucdp_deaths_171.1994.sum,ucdp_deaths_171.1995.sum,ucdp_deaths_171.1996.sum,ucdp_deaths_171.1997.sum,ucdp_deaths_171.1998.sum,ucdp_deaths_171.1999.sum,ucdp_deaths_171.2000.sum,ucdp_deaths_171.2001.sum,ucdp_deaths_171.2002.sum,ucdp_deaths_171.2003.sum,ucdp_deaths_171.2004.sum,ucdp_deaths_171.2005.sum,ucdp_deaths_171.2006.sum,ucdp_deaths_171.2007.sum,ucdp_deaths_171.2008.sum,ucdp_deaths_171.2009.sum,ucdp_deaths_171.2010.sum,ucdp_deaths_171.2011.sum,ucdp_deaths_171.2012.sum,ucdp_deaths_171.2013.sum,ucdp_deaths_171.2014.sum,ucdp_deaths_171.2015.sum,ucdp_deaths_171.2016.sum,worldpop_pop_count_1km_mosaic.2000.sum,worldpop_pop_count_1km_mosaic.2001.sum,worldpop_pop_count_1km_mosaic.2003.sum,worldpop_pop_count_1km_mosaic.2002.sum,worldpop_pop_count_1km_mosaic.2005.sum,worldpop_pop_count_1km_mosaic.2004.sum,worldpop_pop_count_1km_mosaic.2006.sum,worldpop_pop_count_1km_mosaic.2008.sum,worldpop_pop_count_1km_mosaic.2007.sum,worldpop_pop_count_1km_mosaic.2009.sum,worldpop_pop_count_1km_mosaic.2010.sum,worldpop_pop_count_1km_mosaic.2011.sum,worldpop_pop_count_1km_mosaic.2012.sum,worldpop_pop_count_1km_mosaic.2013.sum,worldpop_pop_count_1km_mosaic.2014.sum,worldpop_pop_count_1km_mosaic.2015.sum,worldpop_pop_count_1km_mosaic.2016.sum,worldpop_pop_count_1km_mosaic.2017.sum,worldpop_pop_count_1km_mosaic.2018.sum,worldpop_pop_count_1km_mosaic.2019.sum,worldpop_pop_count_1km_mosaic.2020.sum,Level,gqid,shapeGroup,shapeID,shapeISO,shapeName,shapeType
0,1448812.51255,144620.513536,110987.954062,26979.0247863,3620389.21819,5360588.65596,5382648.66336,5567779.93789,6809665.63062,8679647.94129,2747244.10561,8553523.09943,45383198.1448,26603424.4028,0.0,6660805.95816,2656395.39413,14200144.3521,76665400.8643,NA,NA,NA,NA,NA,NA,NA,NA,NA,NA,NA,NA,NA,NA,2.0,NA,NA,NA,NA,NA,NA,NA,8.0,11.0,4.0,NA,NA,NA,inf,3224742.39844,3423016.78906,3322101.02344,3627559.17969,3525842.57812,3740227.55469,3971788.15625,3851082.75,4092456.59375,4213738.29688,4338207.52344,4468820.46094,4603360.9375,4746412.625,4897688.20312,5043092.73438,5195414.96875,5358711.625,5519717.33594,5685239.9375,ADM1,0,NGA,NGA-ADM1-2878026B92454901,NG-SO,Sokoto,ADM1
1,0.0,0.0,0.0,0.0,1758126.82086,2883780.20242,3004585.02978,3032699.77692,35476498.7176,4744702.0264,23220444.8416,5142436.44386,5820361.1542,25614162.8339,275817.696063,3504171.18122,6300968.64664,8800522.76715,47757027.4985,0.0,0.0,0.0,0.0,0.0,0.0,0.0,0.0,0.0,0.0,0.0,10.0,0.0,0.0,0.0,0.0,0.0,0.0,1.0,0.0,0.0,0.0,11.0,27.0,18.33999991416931,90.0,57.389999985694885,32.0,inf,1850394.5,1975102.875,1916064.625,2101318.25,2038135.125,2166835.5,2307391.0,2242662.5,2385754.75,2461749.5,2535653.5,2614612.5,2699768.25,2786230.25,2890333.0,2979398.75,3075413.25,3174320.5,3276208.0,3383627.75,ADM1,1,NGA,NGA-ADM1-2878026B9233885,NG-GO,Gombe,ADM1
2,183574.2215,954390.672662,0.0,505615.027809,4136741.23293,13035697.4908,7093038.16027,13125737.067,8482974.69399,10755792.1455,4239560.85989,10154031.6797,9751975.00994,40446386.7082,19568.6473934,8117825.56019,92050251.1257,17577641.8747,52827534.0907,NA,NA,NA,NA,NA,NA,NA,NA,NA,11.0,NA,NA,NA,NA,110.0,162.0,NA,NA,NA,7.0,NA,NA,29.0,66.0,48.0,1412.6399994790554,442.9000000357628,152.0,inf,3017587.25,3185914.125,3100415.25,3377191.4375,3278123.0,3465676.75,3660692.6875,3555612.0,3757133.3125,3861578.6875,3970510.4375,4093871.9375,4206863.0,4327602.625,4455466.6875,4575465.5625,4703359.0625,4833726.0625,4970521.5625,5113263.6875,ADM1,2,NGA,NGA-ADM1-2878026B37840865,NG-AD,Adamawa,ADM1
3,332.028159577,53.6776196524,859.982354197,1911.55966346,3699386.14129,5938021.75827,5977132.12512,6141897.09427,7570706.754,9640523.89456,3026542.5271,9258945.89702,16537679.7276,29453517.9118,37271.9737155,7268258.18698,10601895.3406,15722355.9591,48740170.4821,NA,NA,NA,NA,NA,NA,NA,NA,NA,NA,NA,NA,2.0,NA,NA,NA,NA,NA,NA,NA,NA,3.0,7.0,NA,NA,NA,NA,NA,3.40282346639e+38,2842487.27612,3012989.67261,2926871.03369,3199660.59277,3105393.82373,3295842.75098,3498442.96826,3400630.50391,3604662.55273,3716209.58862,3832079.28442,3947312.37207,4074248.54443,4197313.0979,4325223.60669,4452443.27417,4590546.42529,4723628.08618,4868088.73315,5016018.99512,ADM1,3,NGA,NGA-ADM1-2878026B11077031,NG-ZA,Zamfara,ADM1
4,9231.17831556,101806.155458,23909.5698086,53145.9383949,13998161.3172,7885730.3543,7966453.46208,8161157.09315,13285906.5281,12750651.8205,5469638.17768,15279204.4214,21063749.0507,39576968.8718,108228.386998,9631128.62826,2896650.92442,21231699.2881,55545316.5448,NA,NA,NA,NA,NA,NA,NA,NA,NA,NA,NA,NA,NA,NA,2.0,NA,NA,NA,NA,NA,56.0,1.0,154.0,276.0,287.6600000858307,451.0,494.0900000035763,69.0,inf,1996224.03125,2136281.78125,2063501.9375,2285920.17188,2208222.79688,2365238.29688,2529980.4375,2443649.85938,2619696.45312,2708381.90625,2801907.35938,2897892.10938,2996522.95312,3096468.6875,3195856.40625,3305152.9375,3416629.25,3534083.25,3656620.84375,3779032.875,ADM1,4,NGA,NGA-ADM1-2878026B40661069,NG-YO,Yobe,ADM1
5,390286.716117,703967.94756,200654.616569,172598.968172,7901311.63523,18984990.3805,19889763.8899,12794807.6549,15749856.9071,20108692.4806,7300433.27864,15744163.7818,9755518.06044,69086475.7721,125.359254932,15349929.5944,3768671.77077,34801820.847,66890610.7783,NA,NA,NA,NA,NA,0.7699999958276749,0.15000000223517418,NA,NA,NA,NA,NA,NA,NA,1.0,31.0,NA,21.0,NA,NA,293.8100000023842,23.0,149.0,617.8100000023842,2109.3100001215935,6514.4400025606155,6780.660004083067,2789.910000309348,inf,3616979.6875,3864779.4375,3737505.25,4128392.5,3999148.625,4273235.1875,4567285.8125,4415259.625,4717194.5,4879718.6875,5045218.8125,5209375.1875,5384869.5,5569913.125,5750868.6875,5946235.1875,6149550.375,6355927.875,6574148.0,6796736.0,ADM1,5,NGA,NGA-ADM1-2878026B53614188,NG-BO,Borno,ADM1
6,0.0,0.0,0.0,0.0,1040411.82927,6789232.56293,17560417.5326,1302607.72604,1456744.85718,1938063.4441,23869844.19,1637656.69804,37528728.2108,25031324.9327,500597.357446,1590887.21043,3586104.34811,3491202.11442,8754754.99045,0.0,0.0,0.0,0.0,0.0,0.0,1.0,0.0,0.0,0.0,0.0,45.0,0.0,0.0,0.0,0.0,0.0,0.0,0.0,0.0,0.0,0.0,15.0,0.0,0.0,0.0,0.0,0.0,inf,3346116.0,3566203.0,3454864.0,3808599.5,3680384.5,3926191.5,4189193.5,4057756.25,4321864.0,4458229.5,4610707.5,4760262.0,4945483.0,5099582.0,5253917.0,5428170.0,5604974.5,5787591.5,5970475.0,6170848.0,ADM1,6,NGA,NGA-ADM1-2878026B89024088,NG-AK,Akwa Ibom,ADM1
7,0.0,0.0,0.0,0.0,5303902.36682,8775152.91745,25938973.3745,33282646.6045,10920190.6697,20426575.1836,29353301.5471,10927648.0942,35505809.3597,55528144.9755,19543726.7474,10498084.9061,2945362.18821,109160985.934,63544954.6843,NA,NA,150.0,NA,NA,NA,NA,NA,NA,NA,NA,NA,NA,NA,NA,NA,NA,25.0,7.0,NA,64.0,6.0,94.0,44.0,1.0,63.0,NA,NA,3.40282346639e+38,3972569.85938,4232813.95312,4104737.21875,4518696.09375,4371520.71875,4659663.9375,4964427.75,4811026.6875,5127043.46875,5290919.1875,5459840.40625,5636665.5,5814817.96875,6001635.71875,6198028.9375,6394002.07812,6599572.70312,6813603.8125,7037359.76562,7257893.15625,ADM1,7,NGA,NGA-ADM1-2878026B40324489,NG-BA,Bauchi,ADM1
8,253140.088426,0.0,0.0,159345.175955,1735478.49078,3395641.27968,27232080.5252,3418731.95827,58013612.6205,39260813.4432,5594990.59174,8187678.48772,21258324.6704,40283773.1857,30202895.2724,20856923.6827,14233432.2711,35348760.1858,48033400.3949,0.0,0.0,0.0,0.0,0.0,0.0,0.0,0.0,0.0,0.0,60.0,0.0,0.0,0.0,0.0,2.0,0.0,0.0,0.0,0.0,0.0,8.0,1.0,3.0,0.0,3.0,5.0,12.0,2.2458635081e+38,3576029.25,3816032.25,3693882.0,4070898.25,3937462.0,4201906.0,4472973.5,4337182.5,4601653.5,4758507.0,4917437.0,5066880.5,5232169.5,5409354.0,5565754.0,5753846.0,5946377.0,6133353.0,6319054.5,6533005.5,ADM1,8,NGA,NGA-ADM1-2878026B98574394,NG-OG,Ogun,ADM1
9,65987.6511806,0.0,0.0,8040.71078766,10422885.9468,35806271.7164,19599984.1722,21847063.3314,24108685.5202,19895365.7452,6255168.02611,18033439.3357,57907422.5798,60542850.6652,637799.465148,14943009.2946,46211053.7925,95195438.6177,56768200.8973,NA,NA,NA,NA,NA,NA,NA,NA,NA,NA,NA,NA,NA,NA,NA,NA,NA,9.0,NA,NA,1.0,NA,8.0,6.0,NA,1.0,NA,4.0,inf,3316206.17056,3544536.14081,3428909.8112,3787783.01326,3663353.71153,3913258.00414,4178986.68542,4046671.94397,4316738.18677,4456809.71667,4609759.85287,4770619.01678,4931414.22766,5098564.86575,5275187.99042,5455749.04178,5637130.31693,5834212.19937,6031635.86444,6241339.71368,ADM1,9,NGA,NGA-ADM1-2878026B90588298,NG-NI,Niger,ADM1
10,0.0,0.0,0.0,0.0,521499.428228,12387669.3343,1126201.54868,6201971.478,1023651.61318,1303782.5684,23310029.1265,2715084.71565,38176380.957,16463894.8705,19736353.4587,982014.813851,99258026.8952,74776300.8791,21025776.737,0.0,0.0,0.0,0.0,0.0,0.0,0.0,0.0,0.0,0.0,420.0,32.0,57.0,63.0,0.0,0.0,7.0,80.0,1.0,0.0,0.0,0.0,0.0,0.0,0.0,1.0,8.259999960660934,27.0,2.58614575332e+38,3643111.5,3845661.0,3738662.25,4057903.5,3947246.5,4167138.75,4395411.5,4280172.0,4510488.5,4619495.5,4742230.0,4881214.0,5016327.0,5153128.5,5290509.0,5435508.5,5585825.0,5735657.0,5890197.5,6052444.0,ADM1,10,NGA,NGA-ADM1-2878026B62576036,NG-AN,Anambra,ADM1
11,0.0,0.0,0.0,0.0,2150315.4981,16523191.8771,11346720.6397,8958932.20881,43157783.0902,5733611.52484,25976462.2081,33895833.6762,41395997.3951,73914922.7718,19616559.4042,67541333.0374,6583573.01688,34392449.2931,89093832.5491,0.0,0.0,200.0,0.0,0.0,0.0,0.0,0.0,0.0,17.0,33.0,0.0,200.0,0.0,3.0,225.0,0.0,0.0,9.0,0.0,3.0,0.0,14.0,273.0,77.0,132.0,58.0,1.0,inf,8017955.5,8550109.0,8275475.5,9115573.0,8827300.0,9413618.0,10040029.0,9718520.0,10372249.0,10699746.0,11051292.0,11417634.0,11792431.0,12172185.0,12569137.0,12977718.0,13399319.0,13837201.0,14290602.0,14756606.0,ADM1,11,NGA,NGA-ADM1-2878026B32790005,NG-KN,Kano,ADM1
12,0.0,0.0,0.0,0.0,2796470.23208,12596740.8788,15250548.5528,4764072.2728,41305848.4299,7355121.13421,2292489.08552,7936303.26172,7195112.3185,26855903.523,448730.06304,21499958.9334,49943059.6391,12147335.4645,31687320.8568,0.0,0.0,0.0,0.0,0.0,0.0,0.0,0.0,0.0,0.0,0.0,0.0,200.0,0.0,4.0,0.0,0.0,0.0,0.0,0.0,33.0,0.0,10.0,75.0,142.27000001072884,260.0,3.0,54.710000067949295,1548006.96875,1589739.53125,1682687.32812,1634208.59375,1777529.8125,1727736.85938,1828964.6875,1945060.8125,1885260.5625,2005158.5,2062873.4375,2126902.375,2187735.6875,2251186.96875,2318786.8125,2391185.8125,2461204.75,2532933.5625,2608001.46875,2682974.8125,2759498.65625,ADM1,12,NGA,NGA-ADM1-2878026B23992215,NG-NA,Nasarawa,ADM1
13,250721.3719,270.797834264,4338.5187445,28549.8779915,12936281.3587,6557524.59357,6743919.34527,10459531.5792,8311547.89363,10435371.0437,3413007.34388,13497528.4451,13313429.968,38827477.2393,140075.956925,8174175.39194,3906028.87181,18706125.2896,41571198.469,NA,NA,NA,NA,NA,NA,NA,NA,NA,NA,NA,NA,NA,NA,NA,3.0,NA,NA,NA,NA,NA,NA,NA,NA,NA,NA,NA,NA,inf,2717909.42188,2889852.9375,2806259.80469,3079913.53906,2979912.125,3166754.42188,3362826.22656,3265009.5,3469049.60938,3578637.625,3688685.17188,3805706.26562,3915795.13281,4036593.58594,4153594.5,4281849.0,4410085.21875,4542519.90625,4683767.875,4823375.875,ADM1,13,NGA,NGA-ADM1-2878026B39454595,NG-KE,Kebbi,ADM1
14,0.0,0.0,0.0,0.0,4799526.23303,21127222.4639,8236420.51468,13578019.8261,48877559.1966,19237054.9676,4614531.83658,31208245.4567,73874161.1838,52646216.1899,46169111.4832,25869879.0155,3530103.08255,21930568.4244,43238419.3855,NA,NA,NA,582.0,NA,NA,NA,2.0,NA,NA,100.0,1850.0,11.0,221.0,2.0,NA,NA,NA,NA,NA,NA,6.0,692.0,193.0,55.0,285.0,315.0,149.0,inf,5402513.23438,5723310.67188,5560665.96875,6062877.65625,5889738.10938,6256211.9375,6626889.125,6438103.8125,6825175.09375,7030542.25,7238172.9375,7459782.4375,7684527.6875,7911059.03125,8135290.4375,8382595.71875,8636042.90625,8894006.28125,9150736.09375,9431480.125,ADM1,14,NGA,NGA-ADM1-2878026B36478466,NG-KD,Kaduna,ADM1
15,5981.19627786,83320.9210268,15491.8283512,34435.0718884,4873485.61859,4234236.00947,11929571.5657,10651790.582,5368121.37199,6738425.91158,2689595.87728,7243869.0505,25970343.2373,25105069.8987,129455.296906,5355535.22307,2731549.19651,11260648.8821,43588763.7716,0.0,0.0,0.0,0.0,0.0,0.0,0.0,0.0,0.0,0.0,0.0,0.0,0.0,0.0,0.0,0.0,0.0,0.0,0.0,0.0,0.0,0.0,15.0,0.0,0.0,2.0,0.0,0.0,inf,5084634.59375,5391580.5,5236398.25,5715701.5625,5554717.04688,5880647.60938,6234910.84375,6058330.46875,6412123.46875,6610325.1875,6806048.03125,6988567.57812,7196623.32812,7407760.90625,7629832.67188,7860025.45312,8091682.0625,8327411.46875,8577700.96875,8840474.3125,ADM1,15,NGA,NGA-ADM1-2878026B39418602,NG-KT,Katsina,ADM1
16,0.0,0.0,0.0,0.0,2740806.36078,9967985.4082,11718022.1204,4893652.37142,5712829.54265,7326374.08246,2484547.27391,7306374.3285,13457416.7988,29421445.0571,282811.604366,5462971.55941,2898289.8659,12576287.3024,44034401.9876,0.0,0.0,0.0,0.0,0.0,4.0,0.0,0.0,0.0,0.0,0.0,0.0,1071.0,130.0,0.0,1007.6000000238419,0.0,25.0,0.0,333.0,0.0,839.0,192.0,109.0,195.0,210.0,223.0,0.0,2664697.29297,2742320.59766,2901636.875,2817499.91992,3065122.48438,2983171.94922,3155204.94922,3338909.55078,3245880.25391,3432047.23047,3527650.71875,3630285.36719,3735723.04883,3843628.09375,3954325.07422,4065129.85156,4184633.11719,4304962.22656,4428068.75586,4553972.63672,4688887.58984,ADM1,16,NGA,NGA-ADM1-2878026B72059276,NG-PL,Plateau,ADM1
17,0.0,0.0,0.0,0.0,2165845.68489,16604586.7796,19921596.0829,3432188.87445,4250668.95273,5413900.60178,1725962.82918,4234416.32697,17065673.3102,30837337.6911,598412.014517,4077773.94828,158687085.16,9711721.53405,11528902.3597,0.0,0.0,0.0,0.0,0.0,0.0,0.0,0.0,0.0,0.0,0.0,0.0,0.0,0.0,4.0,0.0,17.550000071525574,7.0,0.0,36.0,23.0,27.0,24.0,20.0,22.0,4.0,67.0,12.0,1.02084703992e+38,2940820.25,3094007.75,3014165.5,3260387.75,3176325.25,3343154.25,3540387.75,3437581.75,3640171.0,3720651.25,3820114.25,3953843.5,4055576.75,4186539.5,4297776.0,4414954.5,4532948.0,4657218.5,4781678.0,4914556.0,ADM1,17,NGA,NGA-ADM1-2878026B66017415,NG-ED,Edo,ADM1
18,46178.0611375,0.0,0.0,6594.78093662,3068212.17705,10468543.9647,12400294.6371,11124250.13,6189976.80667,7686010.95623,2436917.77537,8208879.86658,51195274.5766,30598943.5281,19895288.1364,5801746.31927,3733834.8644,51972322.5947,229145394.19,0.0,0.0,0.0,0.0,0.0,0.0,0.0,0.0,0.0,19.0,0.0,3.0,0.0,3.0,0.0,7.0,0.0,0.0,5.0,0.0,0.0,0.0,31.0,0.0,0.0,0.0,0.0,3.0,inf,4745732.58008,5059564.86475,4900637.38916,5388148.12012,5222738.22266,5564563.67871,5937666.0166,5748314.67676,6130365.16016,6329076.14258,6535931.7959,6752097.13623,6969428.41406,7196961.75928,7432142.25781,7674034.34961,7924375.96484,8182526.6875,8447858.15039,8721759.44727,ADM1,18,NGA,NGA-ADM1-2878026B17111478,NG-OY,Oyo,ADM1
19,1362.15284649,33532.5312481,3528.09657226,7842.21567272,2564122.31689,4110103.8123,27749231.0138,5256231.07937,5236841.30806,6623633.36296,25437114.9286,7042637.08712,9463543.8481,32346394.1615,150699.554872,5123483.66354,2598538.32665,11634372.8659,44100406.2516,NA,NA,NA,NA,NA,NA,NA,NA,NA,NA,NA,NA,NA,NA,NA,NA,NA,NA,NA,NA,NA,NA,8.0,1.0,3.0,63.0,NA,NA,3584120.83691,3683434.88477,3895447.57812,3786412.80078,4117813.49414,4005039.04883,4233527.45312,4479113.13086,4356026.3457,4601532.83984,4743309.96387,4874316.16797,5010645.03711,5152990.84961,5311089.75977,5465470.15625,5622918.93164,5780344.47266,5945305.80469,6111389.73047,6284074.97266,ADM1,19,NGA,NGA-ADM1-2878026B88721364,NG-JI,Jigawa,ADM1
20,12243.4507635,150294.840287,0.0,93900.8220957,11404437.1376,9370610.52177,3809493.68714,3697976.5973,4489025.75458,96232591.1888,2057220.53426,9815276.14564,35567439.7608,63331476.8659,23687969.0899,19517589.9435,130615219.739,46340865.9953,28236417.5237,0.0,0.0,0.0,0.0,0.0,0.0,0.0,0.0,0.0,0.0,0.0,45.0,0.0,0.0,1.0,0.0,100.0,0.0,0.0,0.0,0.0,30.0,0.0,44.0,0.0,0.0,0.0,0.0,inf,2359528.0625,2495003.25,2431516.6875,2633086.125,2563328.125,2716366.375,2861684.25,2785292.8125,2947058.9375,3043870.9375,3112703.0,3193998.75,3239580.1875,3347785.6875,3453560.1875,3544486.875,3642526.5625,3748115.75,3858379.625,3961408.9375,ADM1,20,NGA,NGA-ADM1-2878026B85034656,NG-CR,Cross River,ADM1
21,38176.7775927,664159.172549,0.0,292795.786921,6131349.12819,15906972.4253,17568539.9376,10307443.7187,12644397.646,16089898.8012,5181053.669,14191803.6464,12126499.8121,49466190.3801,70260.253962,12113626.9136,3065481.75078,26489698.7933,49592367.9126,NA,9.0,30.0,300.0,7.0,NA,NA,80.0,NA,NA,100.0,NA,171.0,50.0,NA,57.400000005960464,NA,NA,NA,NA,NA,NA,4.0,39.0,80.0,256.0,122.0,52.0,1904345.76562,1959635.8125,2068901.9375,2011086.8125,2180251.1875,2123179.03125,2252310.875,2382118.1875,2316149.5,2451811.53125,2534235.78125,2602568.625,2669893.5625,2747345.3125,2825035.75,2894369.6875,2980340.96875,3064122.0,3151663.21875,3237295.59375,3330791.21875,ADM1,21,NGA,NGA-ADM1-2878026B1826022,NG-TA,Taraba,ADM1
22,0.0,0.0,0.0,0.0,1233764.23281,1958822.71826,9685777.76517,2647236.2475,1964674.55415,2502324.42689,23415730.0705,3851962.39178,42178695.7202,33654574.0344,60694.588467,1884761.85816,66741872.3178,4307249.94232,37316558.7307,0.0,80.0,0.0,60.0,1176.0,80.0,0.0,3.0,1.0,3.0,25.0,1.0,1.0,1.0,6.0,126.0,74.0,44.0,121.0,14.0,15.0,2.0,8.0,49.0,19.0,7.0,48.87000000476837,25.0,inf,4419757.0,4707069.0,4560391.0,5012280.5,4858618.0,5172953.0,5504491.0,5341045.0,5685130.0,5868593.0,6057238.0,6240592.0,6423623.0,6620452.0,6825220.0,7048549.5,7273964.5,7512455.5,7753126.5,8005277.0,ADM1,22,NGA,NGA-ADM1-2878026B20189392,NG-RI,Rivers,ADM1
23,0.0,0.0,0.0,0.0,9943237.20507,988924.361667,8554800.33867,1016803.46763,1261433.40487,1606635.36626,504403.41894,3076609.31271,6188483.97496,4910865.19726,333495.006441,1210124.8846,4268057.76231,91044932.674,66371132.2886,0.0,0.0,0.0,0.0,0.0,0.0,0.0,0.0,0.0,0.0,0.0,0.0,0.0,0.0,0.0,6.0,0.0,0.0,0.0,0.0,0.0,0.0,2.0,0.0,0.0,0.0,0.0,0.0,2076274.25,2138118.25,2261093.5,2200894.5,2403001.75,2330391.75,2468339.5,2613685.25,2539968.5,2695339.0,2773176.25,2856538.75,2942037.75,3031898.5,3122947.5,3212287.25,3307956.75,3406370.0,3505373.75,3610238.75,3716540.75,ADM1,23,NGA,NGA-ADM1-2878026B16918709,NG-EK,Ekiti,ADM1
24,1437.36126304,17644.3704995,0.0,11023.8042244,3469037.36905,11070527.5571,12930190.2647,11599062.5842,6695414.10514,15236455.7128,2682172.52425,8411224.12787,34911133.4842,27202965.7681,461253.16299,6505170.9445,12912085.6628,15171708.9865,35957655.7019,0.0,0.0,0.0,0.0,0.0,0.0,0.0,0.0,0.0,32.0,0.0,0.0,684.0,0.0,17.0,439.0,17.0,0.0,0.0,1.0,0.0,4.0,177.0,71.0,208.73000007867813,56.0,215.0,277.29000049829483,3529290.625,3633203.21875,3846838.5625,3732591.84375,4073827.625,3957936.84375,4183265.15625,4436182.625,4311664.3125,4565504.0,4696697.5,4836284.9375,4979806.375,5120120.4375,5267874.375,5431194.5625,5589849.125,5753854.5,5920770.3125,6103953.375,6277809.625,ADM1,24,NGA,NGA-ADM1-2878026B19296501,NG-BE,Benue,ADM1
25,0.0,0.0,0.0,0.0,1722446.02475,11727094.4119,3173280.50662,3098709.82438,3578741.61555,4558094.6438,1934430.91403,3598656.74713,53499428.9863,21333621.6928,482015.276682,3433177.10454,52916163.0521,8826746.95067,26871211.9401,0.0,0.0,0.0,0.0,0.0,0.0,0.0,0.8600000143051147,437.0,105.0,135.0,0.0,0.0,0.0,194.0,20.0,2.4500000178813934,5.0,4.0,5.0,17.0,0.0,4.0,0.0,1.0,0.0,4.740000128746033,41.0,inf,3506142.75,3727834.0,3619060.75,3967134.25,3847204.0,4087257.0,4344800.5,4212195.5,4482398.0,4628315.0,4772025.5,4913587.5,5068859.5,5223341.0,5385189.0,5556425.0,5731108.0,5912335.5,6094079.5,6288212.0,ADM1,25,NGA,NGA-ADM1-2878026B46774937,NG-DE,Delta,ADM1
26,0.0,0.0,0.0,0.0,1784865.09798,2726678.78814,19423292.1586,2627119.87812,3311229.25601,4151071.31514,1303229.47421,5018175.94718,8075796.14606,26963600.9937,19388202.5961,3126605.32792,59121663.8478,11137390.8703,27206965.8436,0.0,0.0,0.0,0.0,0.0,0.0,0.0,0.0,0.0,51.0,70.0,0.0,0.0,0.0,0.0,2.0,0.0,0.0,0.0,0.0,0.0,0.0,0.0,0.0,0.0,0.0,1.0,0.0,inf,3041839.75,3229791.0,3128625.75,3415506.0,3322745.0,3520705.0,3733097.25,3625540.5,3839038.0,3955659.75,4068129.75,4187708.25,4312104.5,4439647.5,4575265.5,4707309.5,4845615.0,4989229.0,5136775.0,5288313.0,ADM1,26,NGA,NGA-ADM1-2878026B50860076,NG-ON,Ondo,ADM1
27,0.0,0.0,0.0,0.0,962971.877575,8849234.60038,1577991.6479,1544642.18674,1878732.02433,2364741.03008,742410.808032,3462047.03087,26867144.9744,14365789.8752,101914.27199,1781133.4334,39300250.2782,38913977.5949,9818644.17324,0.0,0.0,0.0,0.0,0.0,0.0,0.0,0.0,144.0,34.0,0.0,61.0,1.0,0.0,0.0,0.0,0.0,0.0,0.0,0.0,0.0,0.0,0.0,0.0,0.0,2.0,1.0,0.0,2760002.5,2846323.5,3023478.5,2933433.5,3218960.0,3117661.5,3321888.25,3529601.5,3423346.0,3636532.25,3750950.75,3865175.25,3979143.0,4104390.75,4231468.0,4360740.0,4494413.5,4632398.0,4777983.5,4928489.0,5081748.0,ADM1,27,NGA,NGA-ADM1-2878026B59659634,NG-OG,Osun,ADM1
28,133185.705521,0.0,0.0,20183.0225193,12367350.4277,10281407.1328,5890856.97876,5945252.44586,7395046.87442,9318872.85339,2994574.52784,31686212.6726,23021361.1035,28382330.8534,184760.839488,7055382.30506,6733730.84829,51886613.129,23589909.4481,NA,NA,NA,NA,NA,NA,NA,NA,NA,NA,NA,NA,NA,2.0,5.0,NA,NA,NA,NA,NA,NA,NA,NA,NA,NA,5.0,16.0,NA,inf,2018659.16016,2141222.77344,2078893.11328,2262039.83203,2200842.21875,2329831.31641,2465601.48047,2395170.52344,2537317.44141,2613688.66797,2689709.13477,2764009.28906,2842683.62891,2926707.70312,3006304.02734,3094044.69922,3184408.42188,3276845.80469,3368256.91797,3466552.00391,ADM1,28,NGA,NGA-ADM1-2878026B2168877,NG-KW,Kwara,ADM1
29,0.0,0.0,0.0,0.0,820414.648906,6452152.29624,7982613.07316,7127820.81411,1113991.41109,1418844.61903,1138557.2006,1311781.94916,39026207.3011,4699782.55644,527232.293611,1068680.06078,72803882.6286,4311306.7723,19772752.3618,0.0,0.0,0.0,0.0,0.0,0.0,0.0,0.0,0.0,0.0,0.0,0.0,19.0,0.0,1.0,0.0,0.0,0.0,0.0,1.0,0.0,0.0,0.0,0.0,0.0,0.0,5.0,0.0,3285343.75,3383872.5,3596793.25,3491873.25,3823980.0,3708335.5,3938384.25,4188402.5,4063486.75,4321719.5,4457246.0,4597970.0,4742630.0,4886913.0,5037975.0,5188091.0,5348874.0,5511079.5,5680415.5,5858707.0,6037445.0,ADM1,29,NGA,NGA-ADM1-2878026B87314666,NG-IM,Imo,ADM1
30,0.0,0.0,0.0,0.0,12376281.9921,12208409.3185,5416358.20663,5370661.74178,6762751.6628,8047570.17633,2606559.07679,8293649.32759,49598049.2895,25067428.1159,20338099.9642,6061465.55429,8139054.54785,77143064.8441,45963029.0739,NA,NA,NA,NA,NA,NA,NA,NA,NA,NA,NA,NA,NA,NA,NA,NA,NA,NA,NA,NA,NA,NA,NA,36.0,5.0,NA,6.0,NA,inf,2748985.07812,2925426.03906,2841618.5,3101056.70312,3013384.99219,3200779.25,3379064.96875,3289005.34375,3473920.89062,3585780.64062,3706580.5,3789309.39844,3905378.51562,3997337.50781,4114434.58594,4233012.82812,4359788.33594,4486760.45312,4626130.875,4756602.64844,ADM1,30,NGA,NGA-ADM1-2878026B10161057,NG-KO,Kogi,ADM1
31,0.0,0.0,0.0,0.0,9237254.87118,8561349.58489,1479419.47115,5887601.52957,1041134.59052,1357714.27824,1540544.80917,6149476.2625,35962670.4264,11801520.2924,15213981.2531,1072862.92065,60869316.5422,3250969.27373,20809437.0953,0.0,0.0,0.0,0.0,0.0,0.0,0.0,0.0,0.0,0.0,0.0,51.0,0.0,0.0,0.0,0.0,32.0,0.0,0.0,0.0,0.0,0.0,0.0,0.0,0.0,0.0,0.0,15.0,2429109.5,2500591.5,2641105.5,2567008.5,2788237.0,2714243.75,2868772.0,3026681.25,2943476.5,3112698.25,3195384.5,3285011.75,3369329.5,3466013.25,3560167.25,3666656.0,3770688.25,3876491.0,3988323.0,4097044.5,4211268.5,ADM1,31,NGA,NGA-ADM1-2878026B67352935,NG-AB,Abia,ADM1
32,0.0,0.0,0.0,0.0,1038600.99591,19366097.8137,7345659.50482,6447585.50098,35391635.561,2156641.51266,665830.588936,3630493.88194,17361021.0697,16252667.8522,249761.055237,17597408.214,57514230.0701,3673845.98755,8874392.97265,0.0,0.0,0.0,0.0,0.0,0.0,0.0,0.0,0.0,0.0,0.0,0.0,0.0,0.0,0.0,0.0,0.0,0.0,0.0,0.0,0.0,0.0,70.0,5.0,0.0,119.0,20.0,0.0,904558.8125,975639.6875,1155768.5,1067935.0,1369120.0,1259774.125,1486192.0,1759148.5,1617384.875,1915072.0,2083934.25,2266112.0,2458760.25,2682167.0,2917528.0,3185659.25,3470101.25,3784968.0,4121548.5,4497199.5,4901455.0,ADM1,32,NGA,NGA-ADM1-2878026B56994386,NG-FC,Fct,ADM1
33,0.0,0.0,0.0,0.0,929708.7768,1514364.43231,8521369.87731,7300770.54964,1931664.29721,2460280.63286,1189997.42902,3506112.70599,2329211.14029,7738786.11264,0.0,1853094.286,42100857.8811,4008558.61031,27409507.7471,0.0,0.0,0.0,0.0,0.0,0.0,0.0,0.14000000059604645,3.0,19.0,2499.0,2.0,0.0,41.0,43.0,7.0,0.0,0.0,0.0,6.0,5.0,0.0,9.0,3.0,0.0,0.0,0.0,8.0,inf,1402891.5,1493190.375,1445854.375,1586514.125,1540546.125,1640009.625,1743047.5,1683259.75,1800706.75,1857666.125,1915108.375,1979999.375,2042020.375,2105100.5,2176807.5,2245363.25,2316411.0,2391412.5,2466862.0,2546360.25,ADM1,33,NGA,NGA-ADM1-2878026B52218734,NG-BY,Bayelsa,ADM1
34,0.0,0.0,0.0,0.0,1119517.77393,1584093.98169,8953382.83117,7492826.89923,1657160.27499,2110656.25429,1061735.08243,3492757.87142,29477752.3969,37437199.8304,25577957.2995,1589755.6532,140232119.562,29374484.9022,9483866.78907,0.0,0.0,0.0,0.0,0.0,0.0,0.0,0.0,0.0,0.0,1.0,0.0,0.0,0.0,5.0,0.0,0.0,9.0,2.0,2.0,1.0,0.0,0.0,0.0,0.0,0.0,0.0,56.0,2729544.25,2807367.5,2967613.25,2887685.75,3138972.0,3050709.5,3228755.75,3422990.0,3323870.25,3512455.0,3621549.0,3709697.0,3813229.5,3919523.0,4033680.75,4146897.0,4260578.5,4376900.0,4499231.5,4616888.5,4747461.0,ADM1,34,NGA,NGA-ADM1-2878026B43454599,NG-EN,Enugu,ADM1
35,7229.17096975,0.0,0.0,10818.7996193,375197.248435,27211849.3453,121461076.583,5494015.5508,897939.184985,97748957.8828,213207829.204,49513644.6185,23317629.7078,157255111.944,128492582.649,191766187.497,24447748.0875,24950580.9284,228851163.658,0.0,0.0,0.0,1.0,2.0,6.0,0.0,1.0,0.0,58.0,0.0,4.0,0.0,101.0,26.0,0.0,1.0,0.0,3.0,1.0,5.0,1.0,8.0,19.0,19.0,12.0,8.0,35.0,inf,7491756.5,7963681.5,7725969.0,8470590.0,8215893.5,8736068.0,9295065.0,9010135.0,9605337.0,9896037.0,10205663.0,10542270.0,10871247.0,11203897.0,11572541.0,11931068.0,12299659.0,12690075.0,13100028.0,13503959.0,ADM1,35,NGA,NGA-ADM1-2878026B82395638,NG-LA,Lagos,ADM1
36,0.0,0.0,0.0,0.0,11334212.7034,6829801.32375,25002921.8543,1335895.51666,1410005.47873,1904604.77217,563812.232533,6867579.22614,24758453.9033,8049960.17187,700272.944716,1607040.73948,78215875.3922,28270205.0547,20644680.5816,0.0,0.0,0.0,0.0,0.0,0.0,0.0,0.0,0.0,0.0,0.0,0.0,0.0,0.0,19.0,0.0,0.0,0.0,0.0,20.0,14.0,22.0,54.0,0.0,0.0,0.0,0.0,0.0,1904131.625,1959436.75,2072290.125,2010726.875,2192453.25,2132963.0,2258952.0,2390929.5,2328764.5,2456673.75,2524720.0,2599096.0,2674024.0,2754312.5,2826506.5,2898347.0,2983807.25,3068998.25,3152097.5,3238329.0,3332223.75,ADM1,36,NGA,NGA-ADM1-2878026B29054847,NG-EB,Ebonyi,ADM1
