asdf_id,worldbank_geocodedresearchrelease_level1_v1_4_2.bf1de3f.sum,worldbank_geocodedresearchrelease_level1_v1_4_2.a4b4c97.sum,worldbank_geocodedresearchrelease_level1_v1_4_2.f99c939.sum,worldbank_geocodedresearchrelease_level1_v1_4_2.485401a.sum,worldbank_geocodedresearchrelease_level1_v1_4_2.a127a6e.sum,worldbank_geocodedresearchrelease_level1_v1_4_2.c2de8df.sum,worldbank_geocodedresearchrelease_level1_v1_4_2.887790a.sum,worldbank_geocodedresearchrelease_level1_v1_4_2.653b730.sum,worldbank_geocodedresearchrelease_level1_v1_4_2.034e602.sum,worldbank_geocodedresearchrelease_level1_v1_4_2.6142400.sum,worldbank_geocodedresearchrelease_level1_v1_4_2.381e47f.sum,worldbank_geocodedresearchrelease_level1_v1_4_2.be4c261.sum,worldbank_geocodedresearchrelease_level1_v1_4_2.98af255.sum,worldbank_geocodedresearchrelease_level1_v1_4_2.993244c.sum,worldbank_geocodedresearchrelease_level1_v1_4_2.0cf8a0f.sum,worldbank_geocodedresearchrelease_level1_v1_4_2.c3898aa.sum,worldbank_geocodedresearchrelease_level1_v1_4_2.e9437ae.sum,worldbank_geocodedresearchrelease_level1_v1_4_2.56d6ad1.sum,worldbank_geocodedresearchrelease_level1_v1_4_2.a8d2793.sum,worldbank_geocodedresearchrelease_level1_v1_4_2.d56e944.sum,ucdp_deaths_171.1989.sum,ucdp_deaths_171.1990.sum,ucdp_deaths_171.1991.sum,ucdp_deaths_171.1992.sum,ucdp_deaths_171.1993.sum,ucdp_deaths_171.1994.sum,ucdp_deaths_171.1995.sum,ucdp_deaths_171.1996.sum,ucdp_deaths_171.1997.sum,ucdp_deaths_171.1998.sum,ucdp_deaths_171.1999.sum,ucdp_deaths_171.2000.sum,ucdp_deaths_171.2001.sum,ucdp_deaths_171.2002.sum,ucdp_deaths_171.2003.sum,ucdp_deaths_171.2004.sum,ucdp_deaths_171.2005.sum,ucdp_deaths_171.2006.sum,ucdp_deaths_171.2007.sum,ucdp_deaths_171.2008.sum,ucdp_deaths_171.2009.sum,ucdp_deaths_171.2010.sum,ucdp_deaths_171.2011.sum,ucdp_deaths_171.2012.sum,ucdp_deaths_171.2013.sum,ucdp_deaths_171.2014.sum,ucdp_deaths_171.2015.sum,ucdp_deaths_171.2016.sum,worldpop_pop_count_1km_mosaic.2000.sum,worldpop_pop_count_1km_mosaic.2001.sum,worldpop_pop_count_1km_mosaic.2003.sum,worldpop_pop_count_1km_mosaic.2002.sum,worldpop_pop_count_1km_mosaic.2005.sum,worldpop_pop_count_1km_mosaic.2004.sum,worldpop_pop_count_1km_mosaic.2006.sum,worldpop_pop_count_1km_mosaic.2008.sum,worldpop_pop_count_1km_mosaic.2007.sum,worldpop_pop_count_1km_mosaic.2009.sum,worldpop_pop_count_1km_mosaic.2010.sum,worldpop_pop_count_1km_mosaic.2011.sum,worldpop_pop_count_1km_mosaic.2012.sum,worldpop_pop_count_1km_mosaic.2013.sum,worldpop_pop_count_1km_mosaic.2014.sum,worldpop_pop_count_1km_mosaic.2015.sum,worldpop_pop_count_1km_mosaic.2016.sum,worldpop_pop_count_1km_mosaic.2017.sum,worldpop_pop_count_1km_mosaic.2018.sum,worldpop_pop_count_1km_mosaic.2019.sum,worldpop_pop_count_1km_mosaic.2020.sum,gqid,shapeGroup,shapeID,shapeISO,shapeName,shapeType
0,0.0,953634.819444,11656804.0206,108570.392506,235939.150954,57174.1612417,1425609.9471,2619759.76114,58031.8089908,52948.5447549,51892.535863,399031.265413,0.0,114276.42502,10323.866843,425736580.659,153751.186402,0.0,342065.372028,37864.0981439,7.0,18.0,NA,10.0,26.0,6.0,NA,NA,NA,NA,NA,NA,NA,NA,NA,NA,NA,NA,NA,NA,NA,NA,NA,NA,NA,NA,NA,NA,inf,6259379.21164,6309746.28802,6283924.74689,6364419.59683,6336720.34906,6392789.07312,6451781.51639,6421876.36932,6482537.96112,6514215.70184,6546336.0296,6579212.29102,6613314.92114,6648293.74588,6683650.78,6720638.09937,6757851.20847,6795928.78601,6835023.13116,6875047.37042,0,ZAF,ZAF-ADM1-76434192B51932990,EC,Eastern Cape,ADM1
1,0.0,313314.734472,1195945.12112,137374.814373,350977.394065,84165.0424741,60357.1329653,1949043.40675,159093.205322,678976.662742,196458.773887,58834.6918156,40379.9633091,168224.246,192857.094561,439965.05762,762906.126007,0.0,499771.706041,55739.0499364,23.0,42.0,13.0,37.0,16.149999976158142,2.0,NA,NA,NA,NA,NA,NA,NA,2.0,NA,NA,NA,NA,NA,NA,NA,1.0,NA,NA,NA,NA,NA,NA,inf,2726496.98535,2731923.25098,2729205.40332,2738659.4043,2735205.34766,2742345.28516,2750171.36719,2746397.10938,2754813.99707,2760062.92285,2765958.33398,2770577.51367,2776695.72363,2783349.48242,2790249.82422,2797026.17969,2805016.00586,2813122.71289,2821190.60596,2830592.00879,1,ZAF,ZAF-ADM1-76434192B47659294,FS,Free State,ADM1
2,0.0,0.0,9988502.36794,0.0,0.0,0.0,0.0,267531.606436,0.0,0.0,0.0,0.0,0.0,0.0,0.0,0.0,0.0,0.0,0.0,0.0,12.0,757.0,313.0,198.0,300.0,123.0,3.0,19.0,0.0,0.0,7.0,0.0,0.0,0.0,0.0,0.0,0.0,0.0,0.0,0.0,0.0,0.0,0.0,0.0,0.0,0.0,0.0,0.0,inf,9383163.55573,9895012.00964,9635366.62906,10437940.1023,10162618.9983,10721389.11,11313779.5266,11013159.7338,11623164.0399,11941811.9584,12269732.5239,12607728.975,12955632.3174,13313948.5787,13682909.7994,14062949.2878,14454265.3555,14857260.9992,15272312.7223,15699820.1506,2,ZAF,ZAF-ADM1-76434192B59373982,GT,Gauteng,ADM1
3,31252.7873206,400019.435956,804426.760855,71765.712185,210036.230439,57816.7854432,64412.2347132,1412805.74589,132223.235882,50118.4058005,157483.222931,62188.6548733,161838.731529,108719.275811,20248.8376417,147968937.559,659180.109584,12074.8994886,317665.129021,236835.207024,232.27999997138977,578.189999759,356.7099999189377,475.2900000214577,522.4799997210503,330.99999971687794,140.0,55.0,16.0,29.0,12.0,NA,NA,NA,NA,NA,NA,NA,NA,NA,NA,NA,NA,NA,NA,NA,NA,3.0,inf,9558086.50781,9682494.57031,9619445.67188,9814198.92969,9747288.64844,9882205.0625,10021991.3984,9951460.83594,10094328.5625,10168898.4531,10244311.6172,10321933.0547,10400930.4688,10482004.1797,10564107.5391,10648054.5391,10733582.8516,10821156.7734,10910397.5781,11001355.4141,3,ZAF,ZAF-ADM1-76434192B84488748,KZ,KwaZulu-Natal,ADM1
4,16637.3312505,47286.41893,1090461.44125,44101.662569,20902.364781,6837.14567219,17810.7457448,1856743.52959,21404.8544737,13544.2704675,54149.6788791,4564.72444633,42238.6985119,57141.4208544,526461.255727,425584050.289,28961.9313736,20815.9045738,79238.5924731,40474.3173654,NA,3.0,2.0,NA,2.0,NA,NA,6.0,NA,NA,NA,NA,NA,NA,NA,NA,NA,NA,NA,NA,NA,NA,NA,NA,NA,NA,NA,NA,inf,5004748.16406,5078841.50781,5041588.07812,5155790.73438,5116924.25,5195509.51562,5277609.53125,5236147.39062,5319792.63281,5362888.85156,5406809.71875,5451635.09375,5497244.57031,5543822.22656,5591816.89844,5640834.96875,5690841.89844,5741820.92188,5793950.29688,5847464.1875,4,ZAF,ZAF-ADM1-76434192B51727724,LI,Limpopo,ADM1
5,59771.3586627,0.0,885348.276805,46153.2125144,57983.3078693,23347.2935901,60730.2161783,1156917.22013,96196.5876927,16310.6048926,39697.7925158,16399.251657,303493.399497,36346.3279217,26423.6570085,1981069834.07,1262714.02633,113800.892508,128906.34248,48740.9492028,NA,16.0,5.0,5.0,9.0,NA,NA,NA,NA,NA,NA,NA,NA,NA,NA,NA,NA,NA,NA,NA,NA,NA,NA,NA,NA,NA,NA,NA,inf,3365744.43567,3486268.37964,3425240.74268,3613431.03833,3549030.46973,3679403.2688,3816784.23486,3747180.29712,3888328.46411,3961682.29492,4037033.34399,4114472.68408,4194020.00244,4275790.64771,4359620.87793,4445981.42212,4534536.31812,4625628.89648,4719255.67456,4815483.73584,5,ZAF,ZAF-ADM1-76434192B70763717,MP,Mpumalanga,ADM1
6,0.0,0.0,11109790.4776,0.0,0.0,0.0,0.0,1538179.85141,0.0,0.0,0.0,0.0,0.0,538207.179707,2346310.99101,0.0,0.0,0.0,0.0,0.0,1.0,26.0,3.0,2.0,8.850000023841858,3.0,NA,5.0,NA,NA,NA,NA,NA,NA,NA,NA,NA,NA,NA,NA,NA,NA,NA,NA,NA,NA,NA,NA,inf,2976610.17969,3073084.32031,3024301.04297,3174743.27344,3123192.96875,3227593.55078,3337184.72656,3281783.14453,3394142.3125,3452700.18359,3512626.09766,3573824.69922,3637107.42188,3701947.64062,3768593.92578,3837081.15234,3907365.49609,3979935.98438,4053816.15234,4130141.89062,6,ZAF,ZAF-ADM1-76434192B75556073,NW,North West,ADM1
7,0.0,0.0,13482420.4014,0.0,0.0,0.0,0.0,5639228.29582,0.0,0.0,0.0,0.0,0.0,8028.28720168,45792.412356,425548993.352,0.0,0.0,0.0,0.0,1.0,2.0,1.0,NA,NA,1.0,NA,NA,NA,NA,NA,NA,NA,NA,NA,NA,NA,NA,NA,NA,NA,NA,NA,NA,NA,NA,NA,NA,inf,965705.486008,997445.398041,981176.227654,1031350.93573,1014274.2578,1048993.77117,1086205.52481,1067377.7403,1105683.82721,1125763.05214,1146469.61494,1167923.00343,1190300.70052,1213442.28903,1237471.53613,1262477.84421,1288349.11209,1315315.53856,1343441.9631,1372810.40509,7,ZAF,ZAF-ADM1-76434192B38062254,NC,Nothern Cape,ADM1
8,0.0,0.0,11257442.7149,0.0,0.0,0.0,0.0,2021076.17493,0.0,0.0,0.0,0.0,0.0,0.0,0.0,425548993.352,0.0,0.0,0.0,0.0,7.0,5.0,33.0,17.0,16.0,25.0,NA,71.0,14.0,15.0,NA,NA,NA,NA,NA,NA,NA,NA,NA,NA,NA,NA,NA,NA,NA,NA,NA,NA,inf,4463584.49786,4698778.40387,4579271.78331,4948897.49936,4821470.18481,5078812.21482,5349810.33294,5212382.80353,5490971.10716,5636681.02877,5785592.11452,5937459.57932,6094880.47883,6257008.75731,6422621.16657,6593686.56946,6769244.33495,6949762.60686,7135282.67146,7326130.05071,8,ZAF,ZAF-ADM1-76434192B86338452,WC,Western Cape,ADM1
