asdf_id,worldbank_geocodedresearchrelease_level1_v1_4_2.bf1de3f.sum,worldbank_geocodedresearchrelease_level1_v1_4_2.a4b4c97.sum,worldbank_geocodedresearchrelease_level1_v1_4_2.f99c939.sum,worldbank_geocodedresearchrelease_level1_v1_4_2.485401a.sum,worldbank_geocodedresearchrelease_level1_v1_4_2.a127a6e.sum,worldbank_geocodedresearchrelease_level1_v1_4_2.c2de8df.sum,worldbank_geocodedresearchrelease_level1_v1_4_2.887790a.sum,worldbank_geocodedresearchrelease_level1_v1_4_2.653b730.sum,worldbank_geocodedresearchrelease_level1_v1_4_2.034e602.sum,worldbank_geocodedresearchrelease_level1_v1_4_2.6142400.sum,worldbank_geocodedresearchrelease_level1_v1_4_2.381e47f.sum,worldbank_geocodedresearchrelease_level1_v1_4_2.be4c261.sum,worldbank_geocodedresearchrelease_level1_v1_4_2.98af255.sum,worldbank_geocodedresearchrelease_level1_v1_4_2.993244c.sum,worldbank_geocodedresearchrelease_level1_v1_4_2.0cf8a0f.sum,worldbank_geocodedresearchrelease_level1_v1_4_2.c3898aa.sum,worldbank_geocodedresearchrelease_level1_v1_4_2.e9437ae.sum,worldbank_geocodedresearchrelease_level1_v1_4_2.56d6ad1.sum,worldbank_geocodedresearchrelease_level1_v1_4_2.a8d2793.sum,worldbank_geocodedresearchrelease_level1_v1_4_2.d56e944.sum,ucdp_deaths_171.1989.sum,ucdp_deaths_171.1990.sum,ucdp_deaths_171.1991.sum,ucdp_deaths_171.1992.sum,ucdp_deaths_171.1993.sum,ucdp_deaths_171.1994.sum,ucdp_deaths_171.1995.sum,ucdp_deaths_171.1996.sum,ucdp_deaths_171.1997.sum,ucdp_deaths_171.1998.sum,ucdp_deaths_171.1999.sum,ucdp_deaths_171.2000.sum,ucdp_deaths_171.2001.sum,ucdp_deaths_171.2002.sum,ucdp_deaths_171.2003.sum,ucdp_deaths_171.2004.sum,ucdp_deaths_171.2005.sum,ucdp_deaths_171.2006.sum,ucdp_deaths_171.2007.sum,ucdp_deaths_171.2008.sum,ucdp_deaths_171.2009.sum,ucdp_deaths_171.2010.sum,ucdp_deaths_171.2011.sum,ucdp_deaths_171.2012.sum,ucdp_deaths_171.2013.sum,ucdp_deaths_171.2014.sum,ucdp_deaths_171.2015.sum,ucdp_deaths_171.2016.sum,worldpop_pop_count_1km_mosaic.2000.sum,worldpop_pop_count_1km_mosaic.2001.sum,worldpop_pop_count_1km_mosaic.2003.sum,worldpop_pop_count_1km_mosaic.2002.sum,worldpop_pop_count_1km_mosaic.2005.sum,worldpop_pop_count_1km_mosaic.2004.sum,worldpop_pop_count_1km_mosaic.2006.sum,worldpop_pop_count_1km_mosaic.2008.sum,worldpop_pop_count_1km_mosaic.2007.sum,worldpop_pop_count_1km_mosaic.2009.sum,worldpop_pop_count_1km_mosaic.2010.sum,worldpop_pop_count_1km_mosaic.2011.sum,worldpop_pop_count_1km_mosaic.2012.sum,worldpop_pop_count_1km_mosaic.2013.sum,worldpop_pop_count_1km_mosaic.2014.sum,worldpop_pop_count_1km_mosaic.2015.sum,worldpop_pop_count_1km_mosaic.2016.sum,worldpop_pop_count_1km_mosaic.2017.sum,worldpop_pop_count_1km_mosaic.2018.sum,worldpop_pop_count_1km_mosaic.2019.sum,worldpop_pop_count_1km_mosaic.2020.sum,Level,gqid,id,shapeGroup,shapeID,shapeISO,shapeName,shapeType
0,23916836.4463,5173948.16189,33687.3677283,3579405.09246,4503900.00799,2039842.80104,2891573.91284,14295861.084,119165.555671,19923205.0877,14726639.942,15272327.7524,18245976.6926,3592855.48487,7208587.51399,14539692.9486,19620271.6953,4896815.71498,17140730.8683,14935599.3547,0.0,0.0,0.0,0.0,0.0,0.0,0.0,0.0,0.0,0.0,0.0,0.0,0.0,0.0,0.0,0.0,0.0,0.0,0.0,0.0,0.0,0.0,0.0,0.0,0.0,0.0,0.0,0.0,477307.5,499617.875,547635.5,522854.0,600392.9375,573005.8125,628481.375,689123.25,658744.375,721949.5,755490.75,791655.4375,829144.1875,868999.5,910614.625,954127.4375,999655.1875,1047042.9375,1097120.75,1150411.625,1204251.625,ADM1,0,0,BEN,BEN-ADM1-90618267B38442761,BJ-AL,Alibori,ADM1
1,23528359.202,0.0,0.0,5329044.63281,15525076.7214,2031595.90624,2839291.78118,14051182.1531,51470.2901472,42706862.9211,14599006.0621,14977960.1472,18033119.5293,19909403.414,26282707.62,13266718.8349,13151269.6851,4685561.59667,17395115.4675,15561704.4699,0.0,0.0,0.0,0.0,0.0,0.0,0.0,0.0,0.0,0.0,0.0,0.0,0.0,0.0,0.0,0.0,0.0,0.0,0.0,0.0,0.0,0.0,0.0,0.0,0.0,0.0,0.0,0.0,658974.355652,691004.036163,757875.25708,723420.916443,831391.494873,793659.855469,871155.196899,956912.476379,913015.239685,1002968.09668,1051085.70654,1102137.38745,1155924.81348,1212093.4024,1271131.14526,1333501.06573,1399041.57263,1468097.96222,1540599.27063,1617315.0564,1697377.31592,ADM1,1,1,BEN,BEN-ADM1-90618267B18729523,BJ-BO,Borgou,ADM1
2,18965241.1415,17356914.6104,253785.854634,1916599.19364,3595121.32053,1617685.57754,2290803.60107,11251097.2776,121439.292158,18755683.357,7152391.45885,12127102.5461,14436562.6691,3297445.02463,5714987.20787,13857897.5299,15518078.7451,6471778.37353,8567891.70527,13421172.4909,0.0,0.0,0.0,0.0,0.0,0.0,0.0,0.0,0.0,0.0,0.0,0.0,0.0,0.0,0.0,0.0,0.0,0.0,0.0,0.0,0.0,0.0,0.0,0.0,0.0,0.0,0.0,0.0,561768.75,579219.1875,615856.6875,597261.6875,655423.5625,635299.1875,675843.0,719028.0625,697090.0625,741591.6875,764758.0625,788795.4375,813741.0625,838936.5625,865532.875,893766.25,922012.0625,951059.0,981210.0625,1012121.4375,1044245.5625,ADM1,2,2,BEN,BEN-ADM1-90618267B96886188,BJ-AK,Atakora,ADM1
3,9897588.44255,7042229.23958,387360.125184,1852136.07488,1833568.00735,806444.313378,1154646.67487,5794871.53525,0.0,25328796.2654,3666525.59322,6190207.22688,7396306.71215,4492824.27615,5111694.63509,5581500.6549,5573289.38623,3091625.5929,5752010.37066,7069022.25806,0.0,0.0,0.0,0.0,0.0,0.0,0.0,0.0,0.0,0.0,0.0,0.0,0.0,0.0,0.0,0.0,0.0,0.0,0.0,0.0,0.0,0.0,0.0,0.0,0.0,0.0,0.0,0.0,321335.84375,333884.0625,361919.96875,347524.3125,391599.6875,376646.3125,407330.375,441199.90625,423976.875,459137.15625,478294.09375,497932.78125,518677.09375,540570.75,563048.5,584882.1875,609467.875,634507.625,661042.0,688450.625,717111.125,ADM1,3,3,BEN,BEN-ADM1-90618267B21370665,BJ-DO,Donga,ADM1
4,12758637.0034,7551250.89263,77324.9837749,1881695.56696,2385703.35488,1065409.19043,1537073.73288,7595655.99452,36668.7997045,14931640.6259,4802660.51492,8064302.22953,9660484.3964,2270435.30351,25091641.9035,7263099.76189,13115672.2889,3664666.47234,7008210.04887,9970191.13402,0.0,0.0,0.0,0.0,0.0,0.0,0.0,0.0,0.0,0.0,0.0,0.0,0.0,0.0,0.0,0.0,0.0,0.0,0.0,0.0,0.0,0.0,0.0,0.0,0.0,0.0,0.0,0.0,508029.25,521254.875,549594.5625,535561.4375,579642.125,564601.9375,594936.9375,627117.3125,610610.8125,644056.4375,661243.625,679057.125,697355.125,716317.75,735745.5,755960.75,776578.8125,797646.5,819315.125,842118.625,864889.6875,ADM1,4,4,BEN,BEN-ADM1-90618267B38648394,BJ-CO,Collines,ADM1
5,2726092.70523,79609.7060574,0.0,1721802.60338,513248.794803,235681.887349,339403.113436,1688171.8646,16653.2647496,2187560.04163,1052640.28659,1741011.92986,2090687.3912,447955.977912,17783099.6845,1914802.86111,1647939.39839,2876949.91251,3131490.03533,3842316.03095,0.0,0.0,0.0,0.0,0.0,0.0,0.0,0.0,0.0,0.0,0.0,0.0,0.0,0.0,0.0,0.0,0.0,0.0,0.0,0.0,0.0,0.0,0.0,0.0,0.0,0.0,0.0,0.0,361820.5625,375386.8125,404071.71875,390899.3125,435890.28125,420420.0625,453600.125,490465.09375,471932.6875,509795.5,530446.25,550830.25,571426.5,594482.6875,618749.1875,642489.5625,667548.375,693541.0,720486.0625,748652.5,778465.5625,ADM1,5,5,BEN,BEN-ADM1-90618267B4114795,BJ-PL,Plateau,ADM1
6,4702423.30302,52369.7148582,6383.48492552,1897751.21124,883981.002984,388794.661629,556666.413057,2793764.0335,0.0,3652752.4523,1767667.71583,2984359.22266,3565831.53697,718359.012806,3556433.59528,8744220.42128,2810171.77948,7466489.74992,10654591.792,5934184.16223,0.0,0.0,0.0,0.0,0.0,0.0,0.0,0.0,0.0,0.0,0.0,0.0,0.0,0.0,0.0,0.0,0.0,0.0,0.0,0.0,0.0,0.0,0.0,0.0,0.0,0.0,0.0,0.0,564270.8125,582375.25,620263.5625,600805.375,660519.25,639962.5625,681830.625,726592.8125,703603.3125,749994.75,774274.5625,799669.5625,825888.625,852938.25,881011.125,910130.375,940140.1875,971024.9375,1003083.0625,1036286.0,1070577.75,ADM1,6,6,BEN,BEN-ADM1-90618267B88996385,BJ-ZO,Zou,ADM1
7,1921660.00468,0.0,111147.241671,1519449.44011,359679.6277,155439.149401,222553.862708,1116939.98877,0.0,1460361.44576,706709.204856,1193139.47659,1425610.67761,451407.484018,576596.047453,1129394.79939,3837129.6186,2848289.14402,2419625.3041,2802042.63723,0.0,0.0,0.0,0.0,0.0,0.0,0.0,0.0,0.0,0.0,0.0,0.0,0.0,0.0,0.0,0.0,0.0,0.0,0.0,0.0,0.0,0.0,0.0,0.0,0.0,0.0,0.0,0.0,408331.0625,421131.03125,449485.1875,435050.59375,480265.90625,464031.90625,495912.25,529723.875,512475.0625,547061.625,565890.1875,584208.75,604052.8125,623743.0,645070.0625,666484.25,688631.8125,711491.25,734902.75,759344.75,785015.75,ADM1,7,7,BEN,BEN-ADM1-90618267B62468414,BJ-KO,Kouffo,ADM1
8,2783987.00676,3711510.64677,0.0,2190183.02601,7255308.22833,230532.352877,330070.421831,1656537.65236,0.0,2165867.23124,7949285.44547,1769549.38256,2114328.24395,6277164.17641,968284.002897,5008551.76299,22784041.4889,5984014.74335,11984957.036,6654103.34738,0.0,0.0,0.0,0.0,0.0,0.0,0.0,0.0,0.0,0.0,0.0,0.0,0.0,0.0,0.0,0.0,0.0,0.0,0.0,0.0,0.0,0.0,0.0,0.0,0.0,0.0,0.0,0.0,inf,659914.5625,733575.125,692562.5,807357.75,769731.125,853883.375,946555.75,895374.875,996170.625,1054556.25,1112301.625,1175291.25,1248572.25,1317315.875,1393574.5,1471565.375,1558295.25,1645527.875,1743000.75,1843196.25,ADM1,8,8,BEN,BEN-ADM1-90618267B49170636,BJ-AQ,Atlantique,ADM1
9,58021.7149216,3962876.96294,0.0,1416314.83542,21819415.155,4804.57790441,6879.07374318,34524.2830476,0.0,45139.3382025,4017430.52766,36879.5865661,44065.2022885,19020667.8051,28652.7947145,87020.5299566,14538088.4201,852608.861545,7067036.3444,2027100.46189,0.0,0.0,0.0,0.0,0.0,0.0,0.0,0.0,0.0,0.0,0.0,0.0,0.0,0.0,0.0,0.0,0.0,0.0,0.0,0.0,0.0,0.0,0.0,0.0,0.0,0.0,0.0,0.0,705277.75,714115.875,714413.1875,718522.25,731532.4375,721728.75,730986.5,742850.375,742315.75,750506.375,749807.5,757290.375,763033.25,756699.375,768651.9375,773086.875,782068.125,785112.25,795073.375,799549.375,810312.6875,ADM1,9,9,BEN,BEN-ADM1-90618267B28294265,BJ-LI,Littoral,ADM1
10,1717939.56659,158320.768604,515540.756424,1988481.86372,343737.359593,138037.118665,197638.072998,991894.116546,0.0,1296868.17612,6295520.82807,1059562.76877,1266007.89462,445891.300992,518081.40858,3068887.13639,4657374.66572,4751121.76592,15612017.8136,3212238.82774,0.0,0.0,0.0,0.0,0.0,0.0,0.0,0.0,0.0,0.0,0.0,0.0,0.0,0.0,0.0,0.0,0.0,0.0,0.0,0.0,0.0,0.0,0.0,0.0,0.0,0.0,0.0,0.0,inf,429818.03125,455543.1875,442605.5,482232.375,468639.8125,496289.65625,525546.875,510418.46875,541241.8125,555431.5625,572944.0,589499.9375,606693.125,623960.75,642079.875,661568.6875,680513.9375,700888.5625,722105.875,742639.25,ADM1,10,10,BEN,BEN-ADM1-90618267B22503015,BJ-MO,Mono,ADM1
11,1168361.45158,7555532.30808,0.0,1726006.29412,12231748.8081,98238.9206673,152294.436718,749701.775654,13014.0123917,915455.336196,6322962.04114,796316.034824,995706.508655,14907775.5738,10667496.5425,6155556.68999,18185470.2041,6491198.69941,14972273.5636,5636497.71878,0.0,0.0,0.0,0.0,0.0,0.0,0.0,0.0,0.0,0.0,0.0,0.0,0.0,0.0,0.0,0.0,0.0,0.0,0.0,0.0,0.0,0.0,0.0,0.0,0.0,0.0,0.0,0.0,inf,685508.125,738199.6875,709094.375,793103.8125,763687.9375,822057.25,884932.125,851306.25,917545.375,953181.125,989700.5,1027137.5,1069060.5,1105850.125,1151907.0,1196802.625,1246615.5,1297468.75,1349308.75,1404677.375,ADM1,11,11,BEN,BEN-ADM1-90618267B26677807,BJ-OU,Ouémé,ADM1
