asdf_id,worldbank_geocodedresearchrelease_level1_v1_4_2.bf1de3f.sum,worldbank_geocodedresearchrelease_level1_v1_4_2.a4b4c97.sum,worldbank_geocodedresearchrelease_level1_v1_4_2.f99c939.sum,worldbank_geocodedresearchrelease_level1_v1_4_2.485401a.sum,worldbank_geocodedresearchrelease_level1_v1_4_2.a127a6e.sum,worldbank_geocodedresearchrelease_level1_v1_4_2.c2de8df.sum,worldbank_geocodedresearchrelease_level1_v1_4_2.887790a.sum,worldbank_geocodedresearchrelease_level1_v1_4_2.653b730.sum,worldbank_geocodedresearchrelease_level1_v1_4_2.034e602.sum,worldbank_geocodedresearchrelease_level1_v1_4_2.6142400.sum,worldbank_geocodedresearchrelease_level1_v1_4_2.381e47f.sum,worldbank_geocodedresearchrelease_level1_v1_4_2.be4c261.sum,worldbank_geocodedresearchrelease_level1_v1_4_2.98af255.sum,worldbank_geocodedresearchrelease_level1_v1_4_2.993244c.sum,worldbank_geocodedresearchrelease_level1_v1_4_2.c3898aa.sum,worldbank_geocodedresearchrelease_level1_v1_4_2.e9437ae.sum,worldbank_geocodedresearchrelease_level1_v1_4_2.56d6ad1.sum,worldbank_geocodedresearchrelease_level1_v1_4_2.a8d2793.sum,worldbank_geocodedresearchrelease_level1_v1_4_2.d56e944.sum,ucdp_deaths_171.1989.sum,ucdp_deaths_171.1990.sum,ucdp_deaths_171.1991.sum,ucdp_deaths_171.1992.sum,ucdp_deaths_171.1993.sum,ucdp_deaths_171.1994.sum,ucdp_deaths_171.1995.sum,ucdp_deaths_171.1996.sum,ucdp_deaths_171.1997.sum,ucdp_deaths_171.1998.sum,ucdp_deaths_171.1999.sum,ucdp_deaths_171.2000.sum,ucdp_deaths_171.2001.sum,ucdp_deaths_171.2002.sum,ucdp_deaths_171.2003.sum,ucdp_deaths_171.2004.sum,ucdp_deaths_171.2005.sum,ucdp_deaths_171.2006.sum,ucdp_deaths_171.2007.sum,ucdp_deaths_171.2008.sum,ucdp_deaths_171.2009.sum,ucdp_deaths_171.2010.sum,ucdp_deaths_171.2011.sum,ucdp_deaths_171.2012.sum,ucdp_deaths_171.2013.sum,ucdp_deaths_171.2014.sum,ucdp_deaths_171.2015.sum,ucdp_deaths_171.2016.sum,worldpop_pop_count_1km_mosaic.2000.sum,worldpop_pop_count_1km_mosaic.2001.sum,worldpop_pop_count_1km_mosaic.2003.sum,worldpop_pop_count_1km_mosaic.2002.sum,worldpop_pop_count_1km_mosaic.2005.sum,worldpop_pop_count_1km_mosaic.2004.sum,worldpop_pop_count_1km_mosaic.2006.sum,worldpop_pop_count_1km_mosaic.2008.sum,worldpop_pop_count_1km_mosaic.2007.sum,worldpop_pop_count_1km_mosaic.2009.sum,worldpop_pop_count_1km_mosaic.2010.sum,worldpop_pop_count_1km_mosaic.2011.sum,worldpop_pop_count_1km_mosaic.2012.sum,worldpop_pop_count_1km_mosaic.2013.sum,worldpop_pop_count_1km_mosaic.2014.sum,worldpop_pop_count_1km_mosaic.2015.sum,worldpop_pop_count_1km_mosaic.2016.sum,worldpop_pop_count_1km_mosaic.2017.sum,worldpop_pop_count_1km_mosaic.2018.sum,worldpop_pop_count_1km_mosaic.2019.sum,worldpop_pop_count_1km_mosaic.2020.sum,Level,gqid,id,shapeGroup,shapeID,shapeName,shapeType
0,3136835.07,757029.692982,13125032.6366,2925116.08998,5962519.35523,12854207.4331,9470654.95737,1158765.83736,3850931.61652,11683424.6539,46781542.4879,8273377.33152,1833859.61906,20383017.1179,0.0,8842115.91801,0.0,0.0,26051669.6876,0.0,0.0,0.0,0.0,0.0,0.0,0.0,0.0,0.0,0.0,0.0,0.0,0.0,6.0,0.0,0.0,0.0,0.0,0.0,0.0,0.0,0.0,0.0,0.0,0.0,0.0,0.0,0.0,inf,405747.03125,440868.210938,421803.859375,481384.976562,461481.617188,502161.101562,548360.234375,525627.539062,573317.742188,598451.59375,626971.710938,655333.28125,686297.742188,716569.117188,748940.445312,784225.195312,821393.09375,857371.75,898074.382812,938346.4375,ADM1,0,0,MDG,MDG-ADM1-27540722B62296209,Diana,ADM1
1,867399.153515,954378.957241,9627138.37434,3702038.77768,5560423.00306,11982753.9191,11982941.3126,1502098.2526,3476036.54232,9995119.34532,5611139.08427,6580620.33468,2055218.20953,5113797.0174,0.0,1385991.0808,0.0,0.0,11626605.6114,0.0,0.0,0.0,0.0,0.0,0.0,0.0,0.0,0.0,0.0,0.0,0.0,0.0,27.279999554157257,0.0,0.0,0.0,0.0,0.0,0.0,0.0,0.0,0.0,0.0,0.0,0.0,0.0,0.0,inf,736182.6875,765285.125,750442.25,795777.5625,780269.65625,811897.625,845119.71875,828002.25,862209.15625,879816.78125,898264.9375,916745.375,935577.25,955420.53125,976139.5625,997273.96875,1018540.125,1040622.75,1063077.8125,1086269.0,ADM1,1,1,MDG,MDG-ADM1-27540722B88564668,Sava,ADM1
2,819369.000171,890898.464257,5501042.25075,3247110.45362,7084183.14244,7052158.08034,10918207.2539,4353791.8251,7258951.70274,8403326.94064,21404905.3423,2707259.33849,1882341.2106,4705955.23609,0.0,4650297.50051,236997.539627,0.0,3691916.72025,0.0,0.0,0.0,0.0,0.0,0.0,0.0,0.0,0.0,0.0,0.0,0.0,0.0,0.0,0.0,0.0,0.0,0.0,0.0,0.0,0.0,0.0,0.0,0.0,0.0,0.0,0.0,0.0,767513.3125,782733.03125,815357.375,799070.78125,848719.15625,831508.90625,866701.9375,904482.5625,885175.96875,923740.75,944673.125,965502.375,986554.59375,1009218.0,1033327.6875,1057712.5,1081069.3125,1106964.8125,1133387.5625,1161048.5625,1189367.8125,ADM1,2,2,MDG,MDG-ADM1-27540722B17361271,Analanjirofo,ADM1
3,626213.873703,1561613.84928,4839609.81549,2689370.24665,9342732.25513,2136003.49932,8584399.0304,1155350.92632,7605038.41332,5709503.98824,4002082.35415,2082854.31599,3136827.22393,3647358.67329,0.0,0.0,19093297.2296,0.0,4180417.44927,0.0,0.0,0.0,0.0,0.0,0.0,0.0,0.0,0.0,0.0,0.0,0.0,0.0,0.0,0.0,0.0,0.0,0.0,0.0,0.0,0.0,0.0,0.0,0.0,0.0,0.0,0.0,0.0,682278.4375,679838.75,679615.4375,679564.8125,680176.5,679707.5,679700.4375,678661.9375,678963.75,679295.3125,680759.9375,680906.3125,681623.25,681643.4375,682506.375,683128.25,683960.1875,685037.5625,686018.75,687031.9375,688438.9375,ADM1,3,3,MDG,MDG-ADM1-27540722B60634378,Amoron'i Mania,ADM1
4,1065686.71539,2480583.21823,10605539.5413,4248062.22161,10472945.5742,3271605.53723,13580544.6035,1655952.04717,4028945.43154,10316009.4036,6337971.587,3298550.68097,2333244.7157,5776206.88263,0.0,1353027.40726,29411007.0882,0.0,6576748.67735,0.0,0.0,0.0,0.0,0.0,0.0,0.0,0.0,0.0,0.0,0.0,0.0,0.0,0.0,0.0,0.0,0.0,0.0,0.0,0.0,0.0,0.0,0.0,0.0,0.0,0.0,0.0,0.0,154144.075047,164858.806169,187586.319203,175902.143598,213705.411886,200217.16854,228216.276736,260037.919557,243690.454439,277932.175023,297017.100996,317671.066307,339355.992954,362542.395945,387591.113161,414366.165367,443038.738596,473714.238169,506590.535587,541721.62439,579393.427444,ADM1,4,4,MDG,MDG-ADM1-27540722B2855311,Ihorombe,ADM1
5,1525175.7916,3167298.58413,9093144.18368,5188597.5685,11993659.0904,5146732.52925,20176155.179,2652156.97624,4797618.83366,15863262.4374,9866246.07593,5134815.17953,3427484.48019,8991753.54562,0.0,1193643.5693,167805.387619,0.0,5526413.84653,NA,NA,NA,NA,NA,NA,NA,NA,NA,NA,NA,NA,NA,NA,NA,NA,NA,NA,NA,NA,NA,NA,NA,NA,NA,NA,NA,NA,inf,145377.880234,164691.593323,154864.595978,186795.472366,175333.111938,199027.196091,226307.960602,212183.601715,241760.164383,257772.930664,276420.103928,296006.838837,316210.397644,338632.936523,361486.300323,388164.366791,415927.161133,446146.561432,478453.743835,514204.082977,ADM1,5,5,MDG,MDG-ADM1-27540722B194319,Melaky,ADM1
6,5422197.76877,2032568.40566,11024418.4411,6028524.47653,14131077.6731,22760201.9279,24173172.9015,3252275.77731,5867770.18233,20197049.2299,11898029.6108,6192241.97142,4112315.82359,10843450.398,0.0,176952.592533,13280815.8372,0.0,7768923.16748,NA,NA,NA,NA,NA,NA,NA,NA,NA,NA,NA,NA,NA,NA,NA,NA,NA,NA,NA,NA,NA,NA,NA,NA,NA,NA,NA,NA,inf,331975.109131,366859.477173,348719.222351,405727.337891,385543.942474,427028.96698,474626.796722,450100.627075,500958.870148,528392.266479,559108.157593,591141.60144,625108.725586,662277.242371,701534.962769,744187.476562,789996.774567,839182.013,892987.545776,949513.079163,ADM1,6,6,MDG,MDG-ADM1-27540722B37110823,Menabe,ADM1
7,5004482.77184,6443308.41575,11955782.7096,2904362.10693,7682431.03717,10593370.1549,9468023.49922,13904077.2621,21883590.8473,6063566.79179,20599093.7432,3965542.62632,5451145.24109,14313399.9505,0.0,0.0,645594.231124,0.0,6357602.67788,0.0,0.0,0.0,0.0,0.0,0.0,0.0,0.0,0.0,0.0,0.0,0.0,0.0,0.0,0.0,0.0,0.0,0.0,0.0,0.0,57.0,0.0,0.0,0.0,0.0,0.0,0.0,0.0,1471983.75,1489992.75,1520260.875,1504713.25,1552838.625,1536497.625,1569519.125,1605158.75,1587432.0,1623014.25,1641522.25,1660747.25,1680274.0,1701549.125,1721444.875,1743690.25,1766750.875,1789264.625,1811796.625,1836301.875,1860462.125,ADM1,7,7,MDG,MDG-ADM1-27540722B97550107,Vakinankaratra,ADM1
8,847183.132528,6645135.98807,11294781.6808,3464592.03697,9517438.99364,6243537.9972,11606400.0136,13574120.0067,29426340.7739,10028568.588,5480363.18366,5536182.33808,8385901.80042,4994612.4097,0.0,2467733.90872,285461.546394,0.0,3963892.65698,NA,NA,NA,NA,NA,NA,NA,NA,NA,NA,NA,NA,NA,6.0,NA,NA,NA,NA,NA,NA,7.0,NA,NA,NA,NA,NA,NA,NA,inf,1002595.67261,1026007.61963,1013815.29517,1050278.65015,1038198.31641,1063561.58838,1090996.16602,1076912.21289,1106114.53638,1121986.72339,1137945.10815,1154733.36572,1172178.9165,1190234.40942,1209228.55005,1228028.88867,1248847.57373,1268897.7478,1291004.83838,1313429.26416,ADM1,8,8,MDG,MDG-ADM1-27540722B61899686,Atsinanana,ADM1
9,8788210.07951,3244985.92589,8292337.37954,4172371.42566,10791390.7523,3427394.47914,14013101.0617,10878441.6042,33902513.175,11877106.9311,6622115.30486,7776643.96322,6945981.43354,12995070.9519,0.0,3746712.7192,234535.054057,0.0,4733087.65891,0.0,0.0,0.0,0.0,0.0,0.0,0.0,0.0,0.0,0.0,0.0,0.0,0.0,0.0,0.0,0.0,0.0,0.0,0.0,0.0,0.0,0.0,0.0,0.0,0.0,0.0,0.0,0.0,inf,821380.0,848154.90625,834453.21875,877066.0,862677.875,891993.03125,923683.25,907253.9375,939804.5,956163.625,973291.9375,990936.125,1009112.625,1027750.0625,1046106.125,1066325.375,1086615.75,1108559.25,1129724.21875,1152572.84375,ADM1,9,9,MDG,MDG-ADM1-27540722B24421355,Alaotra-Mangoro,ADM1
10,1835661.87098,3835995.68366,11380470.5776,6246941.51278,14431787.4267,10333768.1795,24274995.091,3142771.26198,28987628.5757,17002013.1723,11874756.8845,6289907.02596,4953685.39624,10822240.4446,0.0,1214988.87151,1007.07347647,0.0,6614854.36173,NA,NA,NA,NA,NA,NA,NA,NA,NA,NA,NA,NA,NA,NA,NA,NA,NA,NA,NA,NA,NA,NA,NA,NA,NA,NA,NA,NA,inf,836089.015625,892673.019531,863439.109375,951746.121094,921674.0,983377.257812,1051771.73047,1017276.76172,1087957.62109,1126214.18359,1165776.96484,1207749.53125,1251433.71094,1296565.4375,1344201.39844,1394868.03125,1448535.35156,1501920.75781,1559547.99219,1619467.21094,ADM1,10,10,MDG,MDG-ADM1-27540722B12003530,Sofia,ADM1
11,1199679.36441,1290704.96156,6954669.90671,3800925.93629,8912901.94245,3870445.84177,15229910.9371,1959060.35805,3503034.45984,11459900.3459,35632974.5596,3902323.07097,3911999.11873,20370005.2266,0.0,1355068.81002,8704444.5009,0.0,6727125.42284,NA,NA,NA,NA,NA,NA,NA,NA,NA,NA,NA,NA,NA,NA,NA,NA,NA,NA,NA,NA,NA,NA,NA,15.0,NA,NA,NA,NA,inf,500342.839844,523118.53125,511336.365234,548200.693359,535671.882812,560890.710938,587553.179688,574049.035156,601987.582031,615706.011719,631372.550781,646084.425781,662078.761719,677743.007812,694713.34375,711274.710938,729278.570312,746796.84375,765532.050781,784273.527344,ADM1,11,11,MDG,MDG-ADM1-27540722B76105003,Anosy,ADM1
12,3120241.35568,5267664.59343,13411469.9316,3699139.32287,8582210.6859,11998039.6445,14410429.9693,1842768.98236,9232920.36186,16704603.1373,7052992.54985,13230779.636,2447577.91341,6427852.12119,0.0,2523340.53569,0.0,0.0,8939863.12543,NA,NA,NA,NA,NA,NA,NA,NA,NA,NA,NA,NA,NA,5.0,NA,NA,NA,NA,NA,NA,NA,NA,NA,NA,NA,NA,NA,NA,inf,427680.568542,470236.266113,441739.860352,509993.739929,488891.882568,537470.673828,593785.206665,565585.433838,622172.094604,657807.693604,691531.477661,730777.884766,771860.35498,810387.636719,849502.677979,896949.271973,950254.05127,997743.451904,1054856.49414,1111583.48804,ADM1,12,12,MDG,MDG-ADM1-27540722B22404735,Boeny,ADM1
13,1103185.43028,2297998.43486,7079656.76421,3759362.00864,8712110.48234,3978139.49201,14594537.4992,1976145.21717,3858659.13346,10181058.1205,7136422.55698,3714098.61371,2522844.71544,6503887.32816,0.0,0.0,7393.4988003,0.0,4016878.52007,0.0,0.0,0.0,0.0,0.0,0.0,0.0,0.0,0.0,0.0,0.0,0.0,0.0,0.0,0.0,0.0,0.0,0.0,0.0,0.0,0.0,0.0,0.0,0.0,0.0,0.0,0.0,0.0,inf,218357.445312,229166.875,223628.320312,240948.375,234479.5,246865.1875,259046.289062,252875.820312,265294.078125,272065.859375,278913.875,286457.859375,293488.125,301229.507812,309564.007812,318053.492188,326483.5,335227.304688,344510.546875,353933.71875,ADM1,13,13,MDG,MDG-ADM1-27540722B85004787,Betsiboka,ADM1
14,4567035.20149,10016819.7828,16414196.9684,47554632.7126,7569046.87711,6517704.62878,9194000.52573,13833284.9755,30306465.0769,7936419.75068,20484083.1902,8770596.02378,13793793.6339,21168488.6991,0.0,1354838.70968,900567.405143,0.0,6086524.72527,0.0,0.0,0.0,0.0,0.0,0.0,0.0,0.0,0.0,0.0,0.0,0.0,0.0,9.0,0.0,0.0,0.0,0.0,0.0,0.0,33.0,0.0,0.0,0.0,0.0,0.0,0.0,0.0,inf,2169742.25,2322934.0,2244538.25,2494074.75,2405879.5,2587538.5,2789863.0,2686114.75,2899927.0,3016602.5,3139416.5,3269634.0,3409032.5,3555764.0,3711135.5,3874524.5,4049515.0,4234851.0,4430148.0,4639828.0,ADM1,14,14,MDG,MDG-ADM1-27540722B929043,Analamanga,ADM1
15,1891799.74488,769954.933894,4582963.83842,3065890.5469,5221606.95031,2365789.37874,10032290.8514,4413200.53796,3889215.19519,6431345.08141,4508057.56801,2351925.4045,2655819.09824,4108486.88641,0.0,0.0,73752.6685548,0.0,6701885.30253,0.0,0.0,0.0,0.0,0.0,0.0,0.0,0.0,0.0,0.0,0.0,0.0,0.0,0.0,0.0,0.0,0.0,0.0,0.0,0.0,0.0,0.0,0.0,0.0,0.0,0.0,0.0,0.0,312104.28125,324383.4375,351447.875,337431.40625,379811.0,364902.34375,394802.875,426949.65625,410520.875,444185.21875,461970.75,480474.28125,499103.875,519852.375,539631.625,561654.5,584555.875,607584.6875,631972.75,658082.4375,684616.875,ADM1,15,15,MDG,MDG-ADM1-27540722B20644411,Bongolava,ADM1
16,17105466.1166,276308.649161,2128731.87192,1117498.3448,1986672.78939,956123.075948,3643754.63944,1764643.02357,1966516.4922,2331429.90085,1634218.0486,4440986.18716,699784.18191,1489369.49471,0.0,0.0,14438.7324439,0.0,2462323.42691,0.0,0.0,0.0,0.0,0.0,0.0,0.0,0.0,0.0,0.0,0.0,0.0,0.0,0.0,0.0,0.0,0.0,0.0,0.0,0.0,0.0,0.0,0.0,0.0,0.0,0.0,0.0,0.0,inf,596409.875,610124.0,603409.625,625343.1875,618310.5625,632961.5,650361.875,641214.75,658678.375,667524.375,677491.5,688026.25,695175.5,706944.125,716591.375,727657.75,738801.25,750617.625,762591.875,773840.25,ADM1,16,16,MDG,MDG-ADM1-27540722B71737362,Itasy,ADM1
17,23653527.6087,2801562.55616,24727646.7563,8324203.5525,19508571.2251,12016035.1354,33437491.5126,4303346.75149,13100890.2151,29049181.5369,16470579.2577,9244434.21398,7034606.25274,15010713.1222,0.0,3953820.09538,19009516.0745,0.0,23464977.0538,NA,NA,NA,NA,NA,NA,NA,NA,NA,NA,NA,NA,NA,NA,NA,NA,NA,NA,NA,NA,14.5600004196167,NA,NA,NA,NA,NA,NA,NA,inf,935489.630859,990895.429688,963144.847656,1049255.39844,1019056.72266,1079655.23633,1145323.95312,1111639.43359,1179534.70898,1215218.73047,1252690.18359,1291807.36133,1331778.8418,1373247.41992,1416974.08594,1461717.68555,1509139.20312,1557115.35938,1607447.83594,1659563.10938,ADM1,17,17,MDG,MDG-ADM1-27540722B56731936,Atsimo-Andrefana,ADM1
18,816925.878784,798955.224512,4821774.07617,2384605.06622,5586413.31899,2439206.73572,9590724.79965,1234626.03958,2197469.33154,6741403.5193,4725393.33056,2459296.19191,1626759.95966,4306559.1419,0.0,1265583.27817,6162546.69776,0.0,3062360.23502,0.0,0.0,0.0,0.0,0.0,0.0,0.0,0.0,0.0,0.0,0.0,0.0,0.0,0.0,0.0,0.0,0.0,0.0,0.0,0.0,0.0,0.0,0.0,0.0,0.0,0.0,0.0,0.0,6.80564655248e+36,403035.5,447702.375,424454.0,497386.15625,471926.4375,525087.5,585927.25,554417.75,618646.5,654238.0625,691347.625,731498.25,774229.75,820232.625,868317.3125,920656.25,975467.0625,1034504.3125,1097365.375,1164908.25,ADM1,18,18,MDG,MDG-ADM1-27540722B47691459,Androy,ADM1
19,704098.624779,1793136.85242,4861619.1769,3060658.08067,7548499.20606,2351127.50672,9764938.9065,1190043.95965,2841255.54467,8534903.73716,4554760.39684,2370491.53698,1674512.49319,4151050.22037,0.0,1354838.70968,21748728.6218,0.0,4728908.09562,0.0,0.0,0.0,0.0,0.0,0.0,0.0,0.0,0.0,0.0,0.0,0.0,0.0,0.0,0.0,0.0,0.0,0.0,0.0,0.0,0.0,0.0,0.0,0.0,0.0,0.0,0.0,0.0,inf,631474.1875,692686.0625,661467.9375,760940.625,725804.625,797974.9375,877216.3125,836647.6875,920128.1875,965352.0,1012786.1875,1062943.0,1115431.25,1171136.625,1230184.875,1292015.25,1356874.5,1425991.875,1498723.0,1575851.0,ADM1,19,19,MDG,MDG-ADM1-27540722B14445110,Atsimo-Atsinanana,ADM1
20,829654.762164,2078902.09632,24104760.4337,3537806.86994,10661706.4108,2711345.98508,11266650.1661,34160015.3867,24646111.3146,11567395.1802,5252599.56325,2733676.79681,4364688.01493,4787036.56721,0.0,1256206.00589,25667033.0637,0.0,5477373.7626,0.0,0.0,0.0,0.0,0.0,0.0,0.0,0.0,0.0,0.0,0.0,0.0,0.0,23.0,0.0,0.0,0.0,0.0,0.0,0.0,0.0,0.0,0.0,0.0,0.0,0.0,0.0,0.0,1074943.625,1078153.75,1084950.375,1081471.625,1093656.875,1089899.375,1098896.0,1109926.75,1103851.125,1115484.0,1120252.75,1126327.375,1133153.0,1139420.0,1147608.5,1156474.375,1164372.5,1173284.25,1182430.625,1192102.875,1201410.625,ADM1,20,20,MDG,MDG-ADM1-27540722B15892485,Matsiatra Ambony,ADM1
21,752925.404491,16329987.5364,8427552.17568,3281797.71188,8976890.32682,9157970.78427,10448177.4282,26764092.8347,3412438.16993,6948584.61066,4870617.11734,2534876.84326,1826439.15033,4438911.05059,0.0,1453471.41171,23290714.1014,0.0,5071049.401,0.0,0.0,0.0,0.0,0.0,0.0,0.0,0.0,0.0,0.0,0.0,0.0,0.0,0.0,0.0,0.0,0.0,0.0,0.0,0.0,0.0,0.0,0.0,0.0,0.0,0.0,0.0,0.0,inf,917336.5625,975080.0625,945740.875,1035939.875,1004301.8125,1068424.0,1137225.375,1102234.375,1173919.0,1212639.125,1252904.75,1294361.5,1338781.375,1383341.5,1429355.0,1478977.625,1530215.625,1583962.0,1640022.125,1699334.5,ADM1,21,21,MDG,MDG-ADM1-27540722B84211401,Vatovavy-Fitovinany,ADM1
