asdf_id,worldbank_geocodedresearchrelease_level1_v1_4_2.bf1de3f.sum,worldbank_geocodedresearchrelease_level1_v1_4_2.a4b4c97.sum,worldbank_geocodedresearchrelease_level1_v1_4_2.f99c939.sum,worldbank_geocodedresearchrelease_level1_v1_4_2.485401a.sum,worldbank_geocodedresearchrelease_level1_v1_4_2.a127a6e.sum,worldbank_geocodedresearchrelease_level1_v1_4_2.c2de8df.sum,worldbank_geocodedresearchrelease_level1_v1_4_2.887790a.sum,worldbank_geocodedresearchrelease_level1_v1_4_2.034e602.sum,worldbank_geocodedresearchrelease_level1_v1_4_2.6142400.sum,worldbank_geocodedresearchrelease_level1_v1_4_2.381e47f.sum,worldbank_geocodedresearchrelease_level1_v1_4_2.be4c261.sum,worldbank_geocodedresearchrelease_level1_v1_4_2.98af255.sum,worldbank_geocodedresearchrelease_level1_v1_4_2.993244c.sum,worldbank_geocodedresearchrelease_level1_v1_4_2.0cf8a0f.sum,worldbank_geocodedresearchrelease_level1_v1_4_2.c3898aa.sum,worldbank_geocodedresearchrelease_level1_v1_4_2.e9437ae.sum,worldbank_geocodedresearchrelease_level1_v1_4_2.56d6ad1.sum,worldbank_geocodedresearchrelease_level1_v1_4_2.a8d2793.sum,worldbank_geocodedresearchrelease_level1_v1_4_2.d56e944.sum,ucdp_deaths_171.1989.sum,ucdp_deaths_171.1990.sum,ucdp_deaths_171.1991.sum,ucdp_deaths_171.1992.sum,ucdp_deaths_171.1993.sum,ucdp_deaths_171.1994.sum,ucdp_deaths_171.1995.sum,ucdp_deaths_171.1996.sum,ucdp_deaths_171.1997.sum,ucdp_deaths_171.1998.sum,ucdp_deaths_171.1999.sum,ucdp_deaths_171.2000.sum,ucdp_deaths_171.2001.sum,ucdp_deaths_171.2002.sum,ucdp_deaths_171.2003.sum,ucdp_deaths_171.2004.sum,ucdp_deaths_171.2005.sum,ucdp_deaths_171.2006.sum,ucdp_deaths_171.2007.sum,ucdp_deaths_171.2008.sum,ucdp_deaths_171.2009.sum,ucdp_deaths_171.2010.sum,ucdp_deaths_171.2011.sum,ucdp_deaths_171.2012.sum,ucdp_deaths_171.2013.sum,ucdp_deaths_171.2014.sum,ucdp_deaths_171.2015.sum,ucdp_deaths_171.2016.sum,worldpop_pop_count_1km_mosaic.2000.sum,worldpop_pop_count_1km_mosaic.2001.sum,worldpop_pop_count_1km_mosaic.2003.sum,worldpop_pop_count_1km_mosaic.2002.sum,worldpop_pop_count_1km_mosaic.2005.sum,worldpop_pop_count_1km_mosaic.2004.sum,worldpop_pop_count_1km_mosaic.2006.sum,worldpop_pop_count_1km_mosaic.2008.sum,worldpop_pop_count_1km_mosaic.2007.sum,worldpop_pop_count_1km_mosaic.2009.sum,worldpop_pop_count_1km_mosaic.2010.sum,worldpop_pop_count_1km_mosaic.2011.sum,worldpop_pop_count_1km_mosaic.2012.sum,worldpop_pop_count_1km_mosaic.2013.sum,worldpop_pop_count_1km_mosaic.2014.sum,worldpop_pop_count_1km_mosaic.2015.sum,worldpop_pop_count_1km_mosaic.2016.sum,worldpop_pop_count_1km_mosaic.2017.sum,worldpop_pop_count_1km_mosaic.2018.sum,worldpop_pop_count_1km_mosaic.2019.sum,worldpop_pop_count_1km_mosaic.2020.sum,Level,gqid,shapeGroup,shapeID,shapeISO,shapeName,shapeType
0,6718007.30252,6661637.37505,5691658.75267,648834.243205,3121456.8681,15929185.4288,19884276.1234,9165849.85663,5894199.14039,17349.3478721,1366888.9635,8454.99870505,897757.497459,6598.81968229,2901707.87575,3626758.63653,544345.604433,1445363.01185,2428465.04474,2.0,18.0,NA,NA,NA,NA,NA,NA,NA,NA,NA,NA,NA,NA,NA,NA,NA,NA,NA,NA,NA,NA,NA,NA,NA,NA,NA,NA,69747.6290569,69054.0081291,67806.3321729,68420.4617605,66604.0975876,67208.0356047,66072.8330188,65052.6506743,65566.0627103,64576.0971549,64113.6477852,63711.5088925,63304.4957752,62883.9094791,62524.8616121,62186.3027973,61813.060358,61519.01933,61210.3757782,60953.2476993,60659.3138967,ADM1,0,MRT,MRT-ADM1-64602211B65222448,MR-AD,Adrar,ADM1
1,4222540.84542,1056221.08073,892433.563922,122206.660789,962548.444077,2540207.37295,8802685.23914,965798.879783,5863038.04318,227099.916573,1321425.72726,12696.7537313,155830.766923,12917.7129255,2911858.60559,579792.246333,544738.972582,4387027.53146,396455.503919,NA,NA,NA,NA,NA,NA,NA,NA,NA,NA,NA,NA,NA,NA,NA,NA,NA,NA,NA,NA,NA,NA,NA,NA,NA,NA,NA,NA,240578.541992,244956.945801,255845.473633,250491.128906,267392.848633,261603.113281,273668.717773,285887.307617,279621.3125,293179.027344,299967.092773,306960.106445,314422.147461,321753.226562,329708.268555,338305.773438,346456.216797,355306.464844,363890.389648,373527.210938,383538.65332,ADM1,1,MRT,MRT-ADM1-64602211B84250573,MR-AS,Assaba,ADM1
2,4272771.38757,985108.454745,1059459.46262,5940468.10438,16415039.1727,2525110.18764,8641804.63159,933692.791278,313953.29854,8739785.28924,1598914.64493,19220.5561748,205237.180193,65243.6213557,3245530.49547,651827.970191,588917.923703,2093370.99149,445799.931989,0.5899999737739563,0.9599999785423279,NA,NA,NA,NA,NA,NA,NA,NA,NA,NA,NA,NA,NA,NA,NA,NA,NA,NA,NA,NA,1.0,0.8799999952316284,NA,NA,NA,NA,inf,256266.305664,265226.580322,261209.963135,275250.972778,270063.755981,279796.943237,290112.123413,285597.196533,296145.744995,301428.578125,307097.888794,314230.447998,320292.602417,326539.278076,333363.164062,340367.959473,347439.503662,355298.403809,362958.977051,371392.852051,ADM1,2,MRT,MRT-ADM1-64602211B3763928,MR-BR,Brakna,ADM1
3,3784348.63324,2584538.4526,430351.292247,4360242.94979,2904080.7587,4649673.81685,4659955.66417,5092950.11902,30200.6674114,0.0,2645046.83858,0.0,920807.164186,0.0,1576748.11197,1601140.63645,2813.01641882,0.0,182736.815641,0.10000000149011612,NA,NA,NA,NA,NA,NA,NA,NA,NA,NA,NA,NA,NA,NA,NA,NA,NA,NA,NA,NA,NA,NA,NA,NA,NA,NA,NA,67953.8866348,70940.0627813,76180.5186539,73484.8336706,81647.8522987,78794.9057951,84645.8502049,90905.7199135,88011.9920435,94282.0642118,98693.6287842,102337.265636,106277.354809,110534.658759,115127.355484,119808.286889,124810.944772,129160.847342,134663.97142,139216.543949,144418.2356,ADM1,3,MRT,MRT-ADM1-64602211B26477663,MR-DN,Dakhlet Nouadhibou,ADM1
4,3989529.5133,3614312.31054,1935249.79322,177263.523298,10835218.7312,1175611.88592,6449948.64547,416281.33814,5809447.17254,8649992.97852,1983052.7952,20999.6863482,135400.209198,71282.82721,2553419.44183,267494.744702,585543.624801,1812054.48345,217166.690199,19.499999940395355,0.0,0.0,0.0,0.0,0.0,0.0,0.0,0.0,0.0,0.0,0.0,0.0,0.0,0.0,0.0,0.0,0.0,0.0,0.0,0.0,0.0,1.0,0.0,0.0,0.0,0.0,0.0,inf,248436.234375,261364.796875,255422.859375,274243.3125,267675.0625,281301.09375,295669.59375,288620.25,303179.0625,310847.75,319041.625,327434.875,335874.3125,343301.5625,352542.21875,361405.3125,370947.625,381405.4375,391729.375,401618.96875,ADM1,4,MRT,MRT-ADM1-64602211B34335722,MR-GO,Gorgol,ADM1
5,3838717.66247,316578.19201,306915.817037,78383.2916662,5693087.17522,837554.626408,7339764.63921,306422.051344,5733160.88813,8774763.10341,1595030.11284,15690.4086928,79689.8324224,33071.315473,2942816.1822,191934.746928,548952.8812,2553782.5688,147405.473061,0.3799999952316284,0.0,0.0,0.0,0.0,0.0,0.0,0.0,0.0,0.0,0.0,0.0,0.0,0.0,0.0,0.0,0.0,0.0,0.0,0.0,0.0,0.0,0.0,0.0,0.0,0.0,0.0,0.0,176898.53125,182004.46875,193393.84375,187440.3125,205440.0,199044.25,211872.703125,225882.6875,218765.1875,233202.890625,240998.109375,248845.984375,257569.671875,266959.09375,275836.125,285481.71875,295620.9375,306118.75,317434.125,328839.03125,340855.34375,ADM1,5,MRT,MRT-ADM1-64602211B57510199,MR-GD,Guidimaka,ADM1
6,6214988.10379,5537528.92399,4684019.11411,555070.452934,2847894.70113,13197376.4095,17620948.0408,5021006.77735,5881942.45806,78346.2055658,2252368.31612,63977.5190404,771258.007424,47701.0288248,57466.3897884,3031450.70162,544349.352074,5975180.5146,2073050.89527,NA,NA,NA,NA,NA,2.3999999463558197,NA,NA,NA,NA,NA,NA,NA,NA,NA,NA,NA,NA,NA,NA,1.0,1.719999983906746,2.0,NA,NA,NA,NA,NA,inf,289591.825096,305935.792625,297600.954391,324282.039429,314748.563957,334403.179298,356740.877907,345162.211243,369336.867851,382796.308945,397335.012978,413153.184875,430273.545624,449161.79599,469664.493301,492177.768517,516898.697807,544023.569794,574032.164963,607616.860138,ADM1,6,MRT,MRT-ADM1-64602211B18885604,MR-HC,Hodh ech Chargui,ADM1
7,4371488.05331,1478726.7012,1251439.30668,151551.647938,1207117.5963,3553022.06866,9635488.79004,1351430.19792,5818271.06416,6636.41326314,1397251.41072,15511.0134524,215364.052145,15679.6677829,14837.6503893,811008.816735,539918.236832,3144434.93236,552767.654039,NA,NA,NA,NA,NA,NA,NA,NA,NA,NA,NA,NA,NA,NA,NA,NA,NA,NA,NA,NA,NA,NA,NA,NA,NA,NA,NA,NA,210784.963867,216294.239258,226784.091797,221397.919922,238162.625,232421.998047,244161.274414,257093.742188,250545.275391,263830.185547,270918.626953,278292.818359,285929.727539,293956.768555,302095.65332,310833.935547,319737.599609,329229.276367,338975.769531,349219.109375,359448.336914,ADM1,7,MRT,MRT-ADM1-64602211B85975421,MR-HG,Hodh el Gharbi,ADM1
8,4335773.97286,5149658.95487,1137461.61778,162379.73418,492041.922551,3181110.06785,9355281.19464,4313775.02313,5788266.53725,4570.63826672,270448.620665,0.0,178490.798987,0.0,2893733.15479,2497052.56805,539425.310108,0.0,482991.727204,NA,NA,NA,NA,NA,NA,NA,NA,NA,NA,NA,NA,NA,NA,NA,NA,NA,NA,NA,NA,NA,NA,NA,1.0,NA,NA,NA,NA,12441.3154297,12452.2041016,13543.0210571,13002.0217285,14492.5807495,13915.6448975,15052.8808594,16257.961792,15604.3493042,16876.6434937,17593.8996582,18197.3018188,18902.6191406,19727.9555664,20553.3688965,21395.310791,22376.7403564,23260.8448486,24260.8397217,25241.8214111,26346.9776611,ADM1,8,MRT,MRT-ADM1-64602211B39036992,MR-IN,Inchiri,ADM1
9,3374572.06653,3467424.19983,777727.92208,2602143.46855,9340674.06348,102267.76821,9812260.79762,39004.1103279,15750054.6986,15825.297776,6655621.07257,0.0,3749440.13039,0.0,0.0,818842.399231,976.276046684,0.0,15527.4369485,100.0,0.0,0.0,0.0,0.0,0.0,0.0,0.0,0.0,0.0,0.0,0.0,0.0,0.0,0.0,0.0,0.0,0.0,0.0,0.0,0.0,0.0,3.0,0.0,0.0,0.0,0.0,0.0,568889.625,590124.625,636897.125,612487.5625,688275.5,661626.25,715955.375,777118.1875,745599.9375,808919.9375,846098.375,883007.0,922780.25,964644.5,1010126.625,1059544.25,1111012.125,1164657.75,1222885.125,1284482.875,1348286.375,ADM1,9,MRT,MRT-ADM1-64602211B46643775,MR-NO,Nouakchott,ADM1
10,5003027.83368,2802471.37998,2397543.42842,6011099.40539,1389763.29645,6705148.92023,12266033.7673,2565671.16021,5863065.93026,38954.1833111,1670116.52126,0.0,376223.193341,0.0,2893733.15479,1521445.29817,11903.8396945,999655.012093,1018050.73986,NA,NA,NA,NA,NA,NA,NA,NA,NA,NA,NA,NA,NA,NA,NA,NA,NA,NA,NA,NA,NA,NA,NA,NA,NA,NA,NA,NA,inf,76941.2533293,77901.389452,77436.5170879,78392.4378777,78132.7798023,78574.6331835,79583.1240578,79153.2169323,79659.7747278,80175.3108029,80794.4691138,81092.9858584,81507.3844705,81784.2613306,82165.8275638,82825.4695377,83309.0593176,83892.7627115,84318.0223875,84801.9549074,ADM1,10,MRT,MRT-ADM1-64602211B19861166,MR-TG,Tagant,ADM1
11,7332522.17459,8064436.26292,6832047.08543,745719.246347,16780964.5278,19126160.5715,22524251.214,13471342.0455,5838305.55954,4961.2297785,1624661.30714,5060.22271723,1074852.25677,3949.32021023,4871.86367138,6108936.41037,1723.41995253,966671.276617,2908018.29494,NA,NA,NA,NA,NA,NA,NA,NA,NA,NA,NA,NA,NA,NA,NA,NA,NA,NA,NA,12.0,NA,NA,1.0,NA,NA,NA,NA,NA,41167.8249456,41975.5249974,43678.1028161,42817.7381889,45439.2128835,44548.7263612,46343.7469731,48237.6442366,47282.2911851,49198.8358745,50197.9972094,51220.1451412,52254.0814279,53313.1730385,54391.3442193,55498.884425,56624.177868,57781.9745125,58958.7310993,60166.172773,61389.8030624,ADM1,11,MRT,MRT-ADM1-64602211B67592419,MR-TZ,Tiris Zemmour,ADM1
12,2262260.21525,2772348.33226,4257940.2089,8753523.75269,12075165.7943,5085874.94982,10509364.4678,1903719.04951,170802.566882,8795060.58427,5919483.29935,25770.5491366,370578.717975,87477.3827928,2912183.65681,1637891.84307,608228.09398,3448301.02868,855871.823049,NA,NA,NA,NA,NA,NA,NA,NA,NA,NA,NA,NA,NA,NA,NA,NA,NA,NA,NA,NA,NA,NA,1.0,NA,NA,NA,NA,NA,inf,259610.298592,258549.528107,258661.000534,259392.490143,259442.752884,261406.944191,261140.820724,261530.454971,262541.871368,261763.049667,261576.568878,262856.607498,263728.21032,264013.703827,264361.439812,264274.808266,264874.248528,266385.580338,267434.170319,268705.715775,ADM1,12,MRT,MRT-ADM1-64602211B38202790,MR-TR,Trarza,ADM1
