asdf_id,worldbank_geocodedresearchrelease_level1_v1_4_2.bf1de3f.sum,worldbank_geocodedresearchrelease_level1_v1_4_2.a4b4c97.sum,worldbank_geocodedresearchrelease_level1_v1_4_2.f99c939.sum,worldbank_geocodedresearchrelease_level1_v1_4_2.485401a.sum,worldbank_geocodedresearchrelease_level1_v1_4_2.a127a6e.sum,worldbank_geocodedresearchrelease_level1_v1_4_2.c2de8df.sum,worldbank_geocodedresearchrelease_level1_v1_4_2.887790a.sum,worldbank_geocodedresearchrelease_level1_v1_4_2.653b730.sum,worldbank_geocodedresearchrelease_level1_v1_4_2.034e602.sum,worldbank_geocodedresearchrelease_level1_v1_4_2.6142400.sum,worldbank_geocodedresearchrelease_level1_v1_4_2.381e47f.sum,worldbank_geocodedresearchrelease_level1_v1_4_2.be4c261.sum,worldbank_geocodedresearchrelease_level1_v1_4_2.98af255.sum,worldbank_geocodedresearchrelease_level1_v1_4_2.993244c.sum,worldbank_geocodedresearchrelease_level1_v1_4_2.0cf8a0f.sum,worldbank_geocodedresearchrelease_level1_v1_4_2.c3898aa.sum,worldbank_geocodedresearchrelease_level1_v1_4_2.e9437ae.sum,worldbank_geocodedresearchrelease_level1_v1_4_2.56d6ad1.sum,worldbank_geocodedresearchrelease_level1_v1_4_2.a8d2793.sum,worldbank_geocodedresearchrelease_level1_v1_4_2.d56e944.sum,ucdp_deaths_171.1989.sum,ucdp_deaths_171.1990.sum,ucdp_deaths_171.1991.sum,ucdp_deaths_171.1992.sum,ucdp_deaths_171.1993.sum,ucdp_deaths_171.1994.sum,ucdp_deaths_171.1995.sum,ucdp_deaths_171.1996.sum,ucdp_deaths_171.1997.sum,ucdp_deaths_171.1998.sum,ucdp_deaths_171.1999.sum,ucdp_deaths_171.2000.sum,ucdp_deaths_171.2001.sum,ucdp_deaths_171.2002.sum,ucdp_deaths_171.2003.sum,ucdp_deaths_171.2004.sum,ucdp_deaths_171.2005.sum,ucdp_deaths_171.2006.sum,ucdp_deaths_171.2007.sum,ucdp_deaths_171.2008.sum,ucdp_deaths_171.2009.sum,ucdp_deaths_171.2010.sum,ucdp_deaths_171.2011.sum,ucdp_deaths_171.2012.sum,ucdp_deaths_171.2013.sum,ucdp_deaths_171.2014.sum,ucdp_deaths_171.2015.sum,ucdp_deaths_171.2016.sum,worldpop_pop_count_1km_mosaic.2000.sum,worldpop_pop_count_1km_mosaic.2001.sum,worldpop_pop_count_1km_mosaic.2003.sum,worldpop_pop_count_1km_mosaic.2002.sum,worldpop_pop_count_1km_mosaic.2005.sum,worldpop_pop_count_1km_mosaic.2004.sum,worldpop_pop_count_1km_mosaic.2006.sum,worldpop_pop_count_1km_mosaic.2008.sum,worldpop_pop_count_1km_mosaic.2007.sum,worldpop_pop_count_1km_mosaic.2009.sum,worldpop_pop_count_1km_mosaic.2010.sum,worldpop_pop_count_1km_mosaic.2011.sum,worldpop_pop_count_1km_mosaic.2012.sum,worldpop_pop_count_1km_mosaic.2013.sum,worldpop_pop_count_1km_mosaic.2014.sum,worldpop_pop_count_1km_mosaic.2015.sum,worldpop_pop_count_1km_mosaic.2016.sum,worldpop_pop_count_1km_mosaic.2017.sum,worldpop_pop_count_1km_mosaic.2018.sum,worldpop_pop_count_1km_mosaic.2019.sum,worldpop_pop_count_1km_mosaic.2020.sum,Level,gqid,id,shapeGroup,shapeID,shapeISO,shapeName,shapeType
0,7858399.21749,11990456.9993,2180682.17415,3616266.58613,13845617.2767,5608954.22515,5968406.4046,174372.582374,11312775.2047,28401525.1395,2566871.07459,9663646.59372,13307049.356,7374895.26617,28104477.4281,9387106.37573,25619426.1453,8857185.03955,7714470.7548,16036130.1691,0.0,0.0,0.0,0.0,0.0,0.0,0.0,0.0,0.0,0.0,0.0,0.0,0.0,0.0,0.0,0.0,0.0,0.0,0.0,0.0,0.0,0.0,0.0,0.0,0.0,0.0,0.0,0.0,633429.4375,642828.5,661751.9375,653045.4375,681323.1875,671562.75,691448.3125,710534.9375,701221.875,719838.75,730290.25,741007.375,752426.75,762804.125,772326.875,783695.0,794957.8125,806655.375,818179.0625,829919.875,842176.75,ADM1,0,0,GHA,GHA-ADM1-69750345B51716901,GH-WN,Western North Region,ADM1
1,2838317.64855,5937059.27334,1446425.50882,1751856.14731,7560434.51445,2410880.144,8542545.76823,0.0,5524735.6361,6754386.58026,1275756.98797,4923771.29232,4987939.43677,3905593.78299,7267727.33651,3709392.20679,12814981.8351,4419934.14077,3857909.86838,6910133.67533,0.0,0.0,0.0,0.0,0.0,0.0,0.0,0.0,0.0,0.0,0.0,0.0,0.0,0.0,0.0,0.0,0.0,0.0,0.0,0.0,0.0,0.0,0.0,0.0,0.0,0.0,0.0,0.0,366632.9375,374938.875,392883.53125,383258.1875,411945.3125,401872.875,422224.5625,443848.8125,431822.375,452472.6875,465166.90625,473972.875,484254.75,496270.53125,508888.46875,519902.125,533436.125,544906.375,558553.25,572185.0625,585815.6875,ADM1,1,1,GHA,GHA-ADM1-69750345B88306125,GH-AF,Ahafo Region,ADM1
2,17809847.9811,27306371.6312,7700498.44582,8057328.18226,30482470.9283,16194801.4991,34362736.5859,0.0,25155497.8084,47509875.3298,6060177.58,20838608.5755,22530160.1524,15538714.234,42251246.9415,25905052.8057,58940064.4872,20595521.1901,17743720.5417,18854088.4015,0.0,0.0,0.0,0.0,0.0,0.0,0.0,0.0,0.0,0.0,0.0,0.0,0.0,0.0,0.0,0.0,0.0,0.0,0.0,0.0,0.0,0.0,0.0,0.0,0.0,0.0,0.0,0.0,inf,700081.664062,738697.164062,718428.136719,778535.667969,757766.363281,795956.609375,842569.253906,819212.847656,865773.3125,886005.578125,910345.1875,935512.46875,960970.8125,987808.445312,1015353.5,1042703.45312,1071108.6875,1100703.48438,1131436.66406,1163015.17188,ADM1,2,2,GHA,GHA-ADM1-69750345B7628285,GH-BE,Bono East Region,ADM1
3,19866112.3878,41442863.3503,8935439.58439,12262309.4828,42694973.4994,16839035.9368,40074777.4333,82914.0269279,38009422.6937,45609835.0637,20554532.3442,30552245.3374,33883416.0827,23200762.4131,59170841.2232,29244248.3514,89366556.3255,46962194.0367,26918225.8598,19931332.8127,NA,NA,NA,31.0,NA,45.0,NA,NA,NA,NA,NA,NA,NA,NA,NA,NA,NA,NA,NA,NA,NA,NA,NA,NA,NA,NA,NA,NA,inf,406785.561523,427035.748535,417047.85791,449311.30127,438174.88916,461920.629883,485803.238281,473991.180664,497266.919922,511487.092773,523552.828613,537502.691895,550976.002441,567900.48291,583337.474121,598708.200195,615639.120117,631354.837891,647877.491211,664852.060547,ADM1,3,3,GHA,GHA-ADM1-69750345B96642941,GH-SV,Savannah Region,ADM1
4,5291501.48621,10798163.2293,2426462.75008,3237093.88907,11374689.3168,3722900.23516,5426581.36392,0.0,9967987.26457,16032044.1255,5973422.04955,7800689.66376,8912402.84874,6884659.93449,15956473.1212,10470051.6568,23437607.612,12302991.0644,7053652.4911,11189221.3302,0.0,0.0,0.0,0.0,0.0,0.0,0.0,0.0,0.0,0.0,0.0,0.0,0.0,0.0,0.0,0.0,0.0,0.0,0.0,0.0,0.0,0.0,0.0,0.0,0.0,0.0,0.0,0.0,346350.40625,358162.0625,382737.5625,370097.1875,409747.0,395712.15625,423327.53125,452910.5,437943.0625,468490.25,482462.9375,497631.78125,513314.75,531655.0,550411.9375,568023.6875,587100.3125,608194.5625,628211.0,649757.5625,672557.0,ADM1,4,4,GHA,GHA-ADM1-69750345B84846727,GH-NE,North East Region,ADM1
5,7436741.59841,12779595.6076,6271468.56282,3840444.26363,12614076.0641,9040663.41857,24854556.4811,0.0,12261089.4796,17817842.2054,2803202.55415,11397422.874,11651047.7311,8482702.16606,21061879.4165,13281336.7689,27752436.8359,11452241.0775,8354779.28827,9668039.67014,0.0,0.0,0.0,0.0,0.0,0.0,0.0,0.0,0.0,0.0,0.0,0.0,0.0,0.0,0.0,0.0,0.0,0.0,0.0,0.0,0.0,0.0,0.0,0.0,0.0,0.0,0.0,0.0,inf,490915.21875,515599.34375,503305.0,541180.125,528248.25,554584.0,582769.625,568630.0625,597417.625,612650.9375,628169.4375,644216.25,660235.4375,677258.8125,694615.25,712601.125,730832.5625,749646.4375,769213.0,789132.3125,ADM1,5,5,GHA,GHA-ADM1-69750345B81656896,GH-OT,Oti Region,ADM1
6,13563086.7346,25240551.3555,5219958.0394,15905062.3006,17586167.6271,8721502.184,14807294.4116,85390.840424,18940634.1934,51260007.5928,19345537.6558,14995634.1593,13414302.7098,10137415.6909,43146123.2126,35080570.1268,42061242.3077,21115166.4543,10369983.5762,19161328.9481,0.0,0.0,0.0,0.0,0.0,0.0,0.0,0.0,0.0,0.0,0.0,0.0,0.0,0.0,0.0,0.0,0.0,0.0,0.0,0.0,0.0,0.0,0.0,0.0,0.0,0.0,0.0,0.0,inf,1301502.875,1360552.5,1329003.875,1427554.125,1391203.75,1461411.375,1535584.875,1498187.75,1574480.75,1615955.5,1658850.5,1703839.5,1751681.25,1803657.25,1856618.0,1913181.375,1972397.375,2034833.125,2098594.0,2168066.75,ADM1,6,6,GHA,GHA-ADM1-69750345B90459934,GH-WP,Western Region,ADM1
7,17989666.7808,22173303.7449,6945257.68209,6484436.49742,24740918.9456,20215326.0333,36067848.2865,0.0,22109779.1577,26925400.6341,4864592.24934,22298934.9417,19959011.7146,14720593.0247,46015967.7928,10084038.1895,47434223.4393,27215621.1941,14279923.3788,16967529.9645,0.0,0.0,0.0,0.0,0.0,0.0,0.0,0.0,0.0,0.0,0.0,0.0,0.0,0.0,0.0,0.0,0.0,0.0,0.0,0.0,0.0,0.0,0.0,0.0,0.0,0.0,0.0,0.0,inf,2127284.0,2216233.25,2174963.5,2313345.5,2266532.75,2366641.5,2477352.5,2424796.0,2533430.75,2596804.25,2652465.25,2713282.25,2781065.75,2850865.0,2920406.0,2990609.75,3067784.25,3145667.25,3223063.0,3305405.25,ADM1,7,7,GHA,GHA-ADM1-69750345B42926775,GH-EP,Eastern Region,ADM1
8,14561922.2781,40881569.3436,9546435.93744,8568251.97923,29550097.3197,13859427.4471,35467235.9608,0.0,28475649.3114,58501212.6273,14362279.7251,23121710.5752,23565196.5672,17660659.3793,34886471.5798,26152168.3893,72299874.4848,34908298.1874,18753690.5311,25709270.2985,0.0,0.0,30.0,32.0,2.0,1959.0,155.0,0.0,0.0,0.0,0.0,0.0,0.0,36.0,0.0,0.0,0.0,0.0,0.0,0.0,0.0,0.0,0.0,0.0,0.0,0.0,0.0,0.0,inf,1117398.29395,1189233.43652,1152320.0625,1266184.64258,1227177.42578,1306261.91406,1394828.56055,1349141.0293,1443050.89941,1491247.90234,1543915.20117,1599578.84375,1654957.5625,1709751.69531,1769199.40625,1832706.49219,1895548.05469,1964978.81836,2036414.11914,2111398.7168,ADM1,8,8,GHA,GHA-ADM1-69750345B19110859,GH-NP,Northern Region,ADM1
9,7920511.07527,11624383.5886,5065379.79631,3430022.66119,11643290.7304,14416932.2675,16055888.4304,0.0,12595199.398,27198044.0696,25056838.5153,14237274.0982,14318647.9438,8519256.64212,54866709.1102,22892963.688,25090917.5188,13736880.4866,7553541.59283,29614528.6605,0.0,0.0,0.0,0.0,0.0,0.0,0.0,0.0,0.0,0.0,0.0,0.0,0.0,0.0,0.0,0.0,0.0,0.0,0.0,0.0,0.0,0.0,0.0,0.0,0.0,0.0,0.0,0.0,1672503.75,1721949.375,1820129.0,1771970.5,1924591.5,1871559.5,1981313.625,2094174.25,2037757.0,2157933.0,2224525.75,2288674.0,2352551.0,2421128.25,2494791.5,2570440.25,2640578.75,2721956.75,2799645.5,2881997.25,2966693.75,ADM1,9,9,GHA,GHA-ADM1-69750345B53724790,GH-CP,Central Region,ADM1
10,19215937.5548,41011548.6224,11278663.3882,25265121.6897,35741645.9673,23932248.796,46204371.8743,0.0,35074330.5664,58668512.0202,6454685.72546,25523746.1794,58918118.6546,19375095.0241,62387949.9291,57609939.8141,72386847.3107,26532434.1633,18781363.641,42225762.018,0.0,0.0,0.0,0.0,0.0,0.0,0.0,0.0,0.0,0.0,0.0,0.0,0.0,0.0,0.0,0.0,0.0,0.0,0.0,0.0,0.0,0.0,0.0,0.0,0.0,0.0,0.0,0.0,inf,3714079.83984,3912320.63965,3811695.3125,4132003.10742,4019163.46582,4252729.00391,4507563.17383,4376475.28516,4647464.90332,4797068.29297,4952688.71289,5117349.82227,5287767.91992,5468058.60547,5658916.88086,5860791.25,6072723.04004,6296754.70312,6532031.91016,6780563.25195,ADM1,10,10,GHA,GHA-ADM1-69750345B88218409,GH-AH,Ashanti Region,ADM1
11,7242611.30683,13662384.5137,3350547.44583,4100820.32492,15100899.4777,9663906.81221,20911630.4779,154791.904334,13443328.9326,16721796.3982,2933274.71367,12693561.4215,11042167.4318,8592717.38298,22576613.3695,8464662.19936,29257617.8109,12148242.1389,8809532.13934,8810721.08742,0.0,0.0,0.0,0.0,0.0,0.0,0.0,0.0,0.0,0.0,0.0,0.0,0.0,0.0,0.0,0.0,0.0,0.0,0.0,0.0,0.0,0.0,0.0,0.0,0.0,0.0,0.0,0.0,748925.8125,765094.1875,799946.5,782828.625,836269.25,818533.9375,855512.375,894232.5625,874221.125,915405.625,935351.25,957831.875,979234.625,1001948.4375,1024961.75,1048589.875,1072072.0,1098075.0,1123637.875,1149394.0,1176688.0,ADM1,11,11,GHA,GHA-ADM1-69750345B20496500,GH-BO,Bono Region,ADM1
12,7510453.44292,16261657.167,4284247.17202,6536758.03927,10857227.7855,15178601.9725,25203931.3804,0.0,12158701.9578,21646565.6573,2479654.46829,13473255.8808,10507846.0258,8533382.55661,30494482.8827,4458361.48265,25853800.8,31574884.8627,9572560.64679,9551088.05635,0.0,0.0,0.0,0.0,0.0,0.0,0.0,0.0,0.0,0.0,0.0,0.0,0.0,0.0,0.0,0.0,0.0,0.0,0.0,0.0,0.0,0.0,0.0,0.0,0.0,0.0,0.0,0.0,inf,1314715.75,1385175.625,1346440.375,1459260.375,1422051.5,1496091.5,1583494.75,1537459.125,1623006.75,1672808.0,1722945.875,1761127.0,1804877.0,1859561.875,1915563.875,1966728.0,2023860.5,2084323.75,2149258.0,2216955.25,ADM1,12,12,GHA,GHA-ADM1-69750345B52540435,GH-TV,Volta Region,ADM1
13,11779445.8165,22802388.2628,4144498.05114,6739591.67017,38294095.045,15285472.6688,35151217.1422,102234.961692,22163955.325,36379221.3774,5553384.16915,19580555.9557,22971075.8913,13647814.3311,49113338.6118,38514607.1829,49495411.8155,19368262.6946,15049755.1859,27244243.8454,0.0,0.0,0.0,0.0,0.0,0.0,0.0,0.0,0.0,0.0,0.0,0.0,0.0,0.0,0.0,0.0,0.0,0.0,0.0,0.0,0.0,0.0,0.0,0.0,0.0,0.0,0.0,0.0,575332.75,586489.6875,610212.6875,597997.75,635254.8125,622278.75,647879.5625,674242.5,660750.875,687659.25,701873.25,716233.0625,730639.375,745050.3125,761423.625,777299.875,793552.4375,810532.875,827833.0,845253.5,863391.1875,ADM1,13,13,GHA,GHA-ADM1-69750345B98276204,GH-UW,Upper West Region,ADM1
14,6419374.78591,10044992.3754,1992143.61923,2991808.78011,20005152.523,8592319.5476,5089329.96037,74861.0610801,11315750.6284,26528550.7326,24437200.8604,9670265.27071,11055588.623,6792709.5335,18279088.5041,26309241.8138,22802499.2903,11682966.3459,6655586.55595,28194319.1554,0.0,0.0,0.0,0.0,0.0,0.0,0.0,0.0,0.0,0.0,0.0,30.0,50.0,0.0,0.0,0.0,0.0,0.0,0.0,55.0,8.0,1.0,0.0,0.0,0.0,0.0,0.0,0.0,inf,929025.75,952259.625,940415.4375,978108.5,964800.4375,990653.3125,1016014.5625,1004395.0,1030660.0625,1044823.0625,1059277.75,1074938.625,1088452.5,1102733.25,1117951.0,1134181.625,1149052.75,1164536.5,1180347.625,1196557.25,ADM1,14,14,GHA,GHA-ADM1-69750345B97206763,GH-UE,Upper East Region,ADM1
15,5344679.89464,47447442.6802,6071423.45509,15749738.5486,6510341.25933,15728300.1437,51144953.5102,0.0,7670539.7933,33730082.4259,33922101.3652,3949477.76406,39640463.8789,3094524.69543,27853138.7914,26275169.1173,16376298.5354,17740429.3179,72776038.9811,22325829.7971,0.0,0.0,0.0,0.0,0.0,0.0,0.0,0.0,0.0,0.0,0.0,0.0,0.0,0.0,0.0,0.0,0.0,0.0,0.0,0.0,0.0,0.0,0.0,0.0,0.0,0.0,0.0,0.0,inf,2865964.25,3071321.25,2963352.75,3293283.0,3177563.25,3411797.75,3656379.0,3527813.0,3789338.5,3908108.25,4049853.0,4200039.0,4344791.5,4493652.0,4656437.0,4827141.5,4984333.0,5163524.0,5347660.0,5538273.0,ADM1,15,15,GHA,GHA-ADM1-69750345B82288531,GH-AA,Greater Accra Region,ADM1
