asdf_id,worldbank_geocodedresearchrelease_level1_v1_4_2.bf1de3f.sum,worldbank_geocodedresearchrelease_level1_v1_4_2.a4b4c97.sum,worldbank_geocodedresearchrelease_level1_v1_4_2.f99c939.sum,worldbank_geocodedresearchrelease_level1_v1_4_2.485401a.sum,worldbank_geocodedresearchrelease_level1_v1_4_2.a127a6e.sum,worldbank_geocodedresearchrelease_level1_v1_4_2.c2de8df.sum,worldbank_geocodedresearchrelease_level1_v1_4_2.887790a.sum,worldbank_geocodedresearchrelease_level1_v1_4_2.653b730.sum,worldbank_geocodedresearchrelease_level1_v1_4_2.034e602.sum,worldbank_geocodedresearchrelease_level1_v1_4_2.6142400.sum,worldbank_geocodedresearchrelease_level1_v1_4_2.381e47f.sum,worldbank_geocodedresearchrelease_level1_v1_4_2.be4c261.sum,worldbank_geocodedresearchrelease_level1_v1_4_2.98af255.sum,worldbank_geocodedresearchrelease_level1_v1_4_2.993244c.sum,worldbank_geocodedresearchrelease_level1_v1_4_2.0cf8a0f.sum,worldbank_geocodedresearchrelease_level1_v1_4_2.c3898aa.sum,worldbank_geocodedresearchrelease_level1_v1_4_2.e9437ae.sum,worldbank_geocodedresearchrelease_level1_v1_4_2.56d6ad1.sum,worldbank_geocodedresearchrelease_level1_v1_4_2.a8d2793.sum,worldbank_geocodedresearchrelease_level1_v1_4_2.d56e944.sum,ucdp_deaths_171.1989.sum,ucdp_deaths_171.1990.sum,ucdp_deaths_171.1991.sum,ucdp_deaths_171.1992.sum,ucdp_deaths_171.1993.sum,ucdp_deaths_171.1994.sum,ucdp_deaths_171.1995.sum,ucdp_deaths_171.1996.sum,ucdp_deaths_171.1997.sum,ucdp_deaths_171.1998.sum,ucdp_deaths_171.1999.sum,ucdp_deaths_171.2000.sum,ucdp_deaths_171.2001.sum,ucdp_deaths_171.2002.sum,ucdp_deaths_171.2003.sum,ucdp_deaths_171.2004.sum,ucdp_deaths_171.2005.sum,ucdp_deaths_171.2006.sum,ucdp_deaths_171.2007.sum,ucdp_deaths_171.2008.sum,ucdp_deaths_171.2009.sum,ucdp_deaths_171.2010.sum,ucdp_deaths_171.2011.sum,ucdp_deaths_171.2012.sum,ucdp_deaths_171.2013.sum,ucdp_deaths_171.2014.sum,ucdp_deaths_171.2015.sum,ucdp_deaths_171.2016.sum,worldpop_pop_count_1km_mosaic.2000.sum,worldpop_pop_count_1km_mosaic.2001.sum,worldpop_pop_count_1km_mosaic.2003.sum,worldpop_pop_count_1km_mosaic.2002.sum,worldpop_pop_count_1km_mosaic.2005.sum,worldpop_pop_count_1km_mosaic.2004.sum,worldpop_pop_count_1km_mosaic.2006.sum,worldpop_pop_count_1km_mosaic.2008.sum,worldpop_pop_count_1km_mosaic.2007.sum,worldpop_pop_count_1km_mosaic.2009.sum,worldpop_pop_count_1km_mosaic.2010.sum,worldpop_pop_count_1km_mosaic.2011.sum,worldpop_pop_count_1km_mosaic.2012.sum,worldpop_pop_count_1km_mosaic.2013.sum,worldpop_pop_count_1km_mosaic.2014.sum,worldpop_pop_count_1km_mosaic.2015.sum,worldpop_pop_count_1km_mosaic.2016.sum,worldpop_pop_count_1km_mosaic.2017.sum,worldpop_pop_count_1km_mosaic.2018.sum,worldpop_pop_count_1km_mosaic.2019.sum,worldpop_pop_count_1km_mosaic.2020.sum,Level,gqid,shapeGroup,shapeID,shapeISO,shapeName,shapeType
0,74515404.2302,5587165.24927,30144379.4962,301333.121182,22464273.2992,34083414.0485,14725752.3966,94115.2412533,125913.371818,2897145.96129,4393717.0418,8445006.74096,48513.4726969,1163759.09177,58505715.0711,26349225.2641,21762185.2389,87558297.0621,87206.7870463,7270727.76915,76.0,0.0,0.0,0.0,0.0,0.0,0.0,0.0,0.0,0.0,0.0,0.0,0.0,0.0,0.0,0.0,0.0,0.0,0.0,0.0,0.0,0.0,0.0,1.6200000047683716,0.0,0.0,0.0,0.0,2.72225862099e+37,2061399.125,2191406.0,2125163.0,2321408.5,2247102.5,2375632.5,2524597.25,2450040.5,2600956.75,2668278.0,2746718.5,2832025.5,2912967.25,3009787.75,3092303.0,3180963.5,3277129.5,3368609.0,3472665.0,3567886.25,ADM1,0,SEN,SEN-ADM1-17790640B61052351,SN-DK,Dakar,ADM1
1,6574804.50309,1810354.57407,6163130.97515,3282088.4824,14587816.5648,5831420.014,14223047.4184,1096518.55825,1371435.12735,5853816.12713,48958.2576376,12711353.1139,528403.613103,2070994.98963,1793650.76341,1483777.42784,14070623.488,1336962.88447,6936978.51702,4773016.90724,39.0,0.0,0.0,0.0,0.0,0.0,0.0,0.0,0.0,0.0,0.0,0.0,0.0,0.0,0.0,0.0,0.0,0.0,0.0,0.0,0.0,0.0,0.0,0.0,0.0,0.0,0.0,0.0,1015817.1875,1047387.9375,1112465.25,1078989.625,1176414.875,1144389.25,1211595.75,1283967.25,1246365.375,1319249.25,1360818.25,1401197.875,1440688.25,1483429.375,1524072.75,1569423.625,1616439.875,1662257.375,1710208.75,1757403.375,1811589.125,ADM1,1,SEN,SEN-ADM1-17790640B81501835,SN-DB,Diourbel,ADM1
2,5908411.01983,1905737.68588,26377190.7391,4763797.30964,11161773.533,12845437.4847,599632.587834,5905945.06163,1955121.30795,10451495.3446,69795.0131206,20158145.5496,759628.86439,3780381.75286,24305629.1271,2644200.33675,2106086.64528,1917635.5562,1571689.33811,2699647.90777,0.0,0.0,0.0,0.0,0.0,0.0,0.0,0.0,0.0,0.0,0.0,0.0,0.0,0.0,0.0,0.0,0.0,0.0,0.0,0.0,0.0,0.0,0.0,0.0,0.0,0.0,0.0,0.0,inf,523381.25,550517.25,538186.6875,585165.75,567378.8125,599784.5,636614.9375,620336.25,657452.3125,673182.25,693775.5625,715233.4375,734070.5,756658.0,778261.9375,799655.0625,824703.375,849267.0,876634.875,898371.3125,ADM1,2,SEN,SEN-ADM1-17790640B95944518,SN-FK,Fatick,ADM1
3,9114654.1146,47106.4984986,4847831.66335,7590434.11857,7246987.55478,19516927.1892,124772.398472,2437752.13325,3090686.54633,6086506.90107,110333.05564,10976133.6618,1206803.28252,4659921.16524,4078371.85322,5085652.26142,2857202.72052,3042414.14078,8225884.17888,4283242.25972,0.0,0.0,0.0,0.0,0.0,0.0,0.0,0.0,0.0,0.0,0.0,0.0,0.0,0.0,0.0,0.0,0.0,0.0,0.0,0.0,0.0,0.0,0.0,0.0,0.0,0.0,0.0,0.0,388343.3125,398704.5,423441.875,410526.125,447843.09375,435646.875,461313.375,487985.6875,473366.625,500902.84375,516618.6875,531417.875,546567.8125,562777.0625,579114.8125,594627.5,612861.3125,630502.4375,647335.375,667355.4375,685933.4375,ADM1,3,SEN,SEN-ADM1-17790640B42449421,SN-KA,Kaffrine,ADM1
4,6697684.88636,1838241.61272,23928630.9999,3735090.99068,5760500.99744,27253914.4452,9351753.05298,5347003.40901,1461463.41249,4747387.9967,52172.1376751,13098268.2898,581110.012949,2203492.39109,1952172.5827,9475805.59169,1351058.14695,1457886.04386,1088915.70342,2158402.37592,0.0,0.0,0.0,0.0,0.0,0.0,0.0,0.0,0.0,0.0,0.0,0.0,0.0,0.0,0.0,0.0,0.0,0.0,0.0,0.0,0.0,0.0,0.0,0.0,0.0,0.0,0.0,0.0,inf,674130.625,714650.5625,693695.125,756288.8125,734243.0,777408.125,822225.0,799602.625,847006.625,871168.5,897175.8125,923277.9375,950486.5625,978940.625,1007742.0,1036231.25,1065509.75,1096966.5,1128700.5,1162141.625,ADM1,4,SEN,SEN-ADM1-17790640B53258178,SN-KL,Kaolack,ADM1
5,10980659.8457,1822255.29413,7623415.28902,9732569.03944,12817288.3686,25758816.6578,10255506.5641,7310225.92653,3720584.07488,8426133.29294,328908.428766,16126785.3096,1496678.0368,5673843.5396,5078029.17969,5786100.22666,3496556.81832,3742738.54727,19447713.6345,5673866.68517,0.0,0.0,0.0,0.0,0.0,0.0,0.0,0.0,1.0,85.0,0.0,2.0,2.0,0.0,0.0,0.0,0.0,0.0,0.0,0.0,0.0,0.0,0.0,0.0,0.0,0.0,0.0,0.0,459263.4375,472335.0625,499849.40625,486373.4375,529294.75,514662.4375,544488.1875,576711.4375,560300.5,593374.1875,610717.3125,628491.0625,646990.625,666143.5,685296.9375,705181.75,725922.0,746348.5625,767828.25,790018.1875,813789.8125,ADM1,5,SEN,SEN-ADM1-17790640B2641847,SN-KD,Kolda,ADM1
6,21334523.0761,1965509.84263,25310343.4043,17313015.7428,16709487.9342,43905501.8248,49818672.5271,5407366.59505,7234319.87816,15423181.4955,258254.794094,28988696.7488,2787328.89783,10913863.5262,9461507.22951,18273181.2644,7448963.06986,7052478.80748,27051444.2984,14940233.1308,0.0,0.0,0.0,0.0,0.0,0.0,0.0,0.0,0.0,0.0,0.0,0.0,0.0,0.0,0.0,0.0,0.0,0.0,0.0,0.0,0.0,0.0,0.0,0.0,0.0,0.0,0.0,0.0,inf,627643.541016,663428.117188,645962.605469,703263.941406,681133.923828,723581.800781,765695.886719,744969.113281,791542.101562,809675.425781,836376.34375,865618.394531,886547.320312,916310.335938,942514.304688,969284.898438,999585.8125,1025448.66406,1058537.42969,1087535.53516,ADM1,6,SEN,SEN-ADM1-17790640B23540639,SN-LG,Louga,ADM1
7,23901726.2146,759299.699945,12783617.1397,19344315.4419,9118283.37026,33714105.0355,1116623.13408,6041610.19042,8088863.72724,14328830.4866,6275361.86379,34997281.8931,3114261.69784,12187642.9592,10571271.152,17692487.4639,7921111.12057,7888703.67399,9271737.03372,10923680.9978,4.7499999702,0.0,0.0,0.0,0.0,0.0,0.0,0.0,0.0,0.0,0.0,0.0,0.0,0.0,0.0,0.0,0.0,0.0,0.0,0.0,0.0,0.0,0.0,0.0,0.0,0.0,0.0,0.0,395986.054688,407590.78125,431247.335938,418386.21875,456625.859375,443891.257812,470301.367188,498276.890625,483125.726562,512885.5625,528115.46875,542627.445312,556167.875,572061.65625,591288.734375,607259.875,625637.84375,643298.921875,660881.6875,681176.109375,699452.34375,ADM1,7,SEN,SEN-ADM1-17790640B50368831,SN-MT,Matam,ADM1
8,38109893.2509,16418842.9823,16763028.0408,12802859.875,10757558.0053,22052153.1673,16675399.4441,3933929.76074,5273528.33332,15523769.8627,280512.01045,33520544.5362,2027818.14611,7936816.9874,6883369.97638,21240170.3833,20643064.4794,5135502.65477,61725002.5377,10246082.7424,0.310000002384,0.15000000596046448,0.0,0.0,0.0,0.0,0.0,0.0,0.0,0.0,0.0,0.0,0.0,0.0,0.0,0.0,0.0,0.0,0.0,0.0,0.0,0.0,0.0,1.3200000524520874,0.0,0.0,0.0,0.0,inf,621699.75,659495.3125,640862.0625,699203.875,678518.625,717014.8125,759519.25,738895.9375,781447.25,802595.0625,827646.125,854528.375,879357.0625,904566.9375,930343.375,956595.5,985825.625,1015518.9375,1041836.625,1072634.75,ADM1,8,SEN,SEN-ADM1-17790640B55949380,SN-SL,Saint Louis,ADM1
9,5947704.40625,34860.867099,4537071.51772,5082747.11993,2011989.48829,8510310.60545,127855.191727,1619772.13832,2016806.09695,27547736.2562,71997.0711925,8121148.32698,793440.191347,3065312.6129,2714328.83362,3752578.98555,1997410.42025,1996253.39265,7054014.71401,5959210.02958,0.0,59.0,7.0,2.0599999986588955,16.0,0.0,181.0,0.0,21.389999985694885,102.5200001,2.0,4.64999997616,14.0,7.0,1.0,0.0,1.0,0.0,0.0,0.0,9.0,1.0,10.900000095367432,3.0,0.0,0.0,0.0,0.0,inf,322275.5625,341169.78125,331895.21875,361260.75,351146.75,371644.6875,393680.625,382733.40625,404984.6875,416547.34375,428830.4375,441649.84375,454100.4375,467592.3125,480921.125,494894.75,509085.75,523986.625,539301.0,554860.625,ADM1,9,SEN,SEN-ADM1-17790640B66448795,SN-SE,Sedhiou,ADM1
10,35025020.0844,1887284.3246,11771654.7142,28849969.8253,20135969.3961,49553591.1249,10065631.949,8945895.41266,11875110.6892,21338447.8525,4380225.51226,41841757.331,4617521.50056,17898844.9383,15601764.73,28487813.0993,10988584.1341,11634654.0075,14870937.3055,19189994.3126,4.0,NA,NA,NA,NA,NA,NA,NA,NA,7.0,NA,17.2799996138,NA,NA,NA,NA,NA,NA,NA,NA,NA,NA,NA,NA,NA,NA,NA,NA,474761.449707,489381.242676,517806.607422,503178.994141,549027.634766,533281.952637,564647.267578,598243.101562,581256.236328,615811.828125,633476.572266,652344.50293,671324.102051,691119.131836,711142.314453,731985.340332,753128.605469,775495.151367,798064.694336,821003.018555,845104.290527,ADM1,10,SEN,SEN-ADM1-17790640B684150,SN-TC,Tambacounda,ADM1
11,7658815.95024,226196.610984,31422181.3314,4356155.50318,15185575.4689,30611015.0007,23255937.5194,1402720.05943,1820238.76239,6553182.27483,687604.447404,25168177.2782,701324.269428,3938479.17586,4171206.76002,23049779.331,24935808.6446,1774485.44058,1420094.65857,3126025.68212,0.0,0.0,0.0,0.0,0.0,0.0,0.0,0.0,0.0,0.0,0.0,0.0,0.0,0.0,0.0,0.0,0.0,0.0,0.0,0.0,0.0,0.0,0.0,0.0,0.0,0.0,0.0,0.0,inf,1246212.25,1321200.125,1283654.625,1400290.375,1361989.0,1439971.875,1524974.25,1481281.625,1565501.25,1617309.125,1657952.5,1704402.75,1758073.75,1805698.0,1860258.375,1913949.0,1969895.5,2031912.375,2083974.25,2143541.5,ADM1,11,SEN,SEN-ADM1-17790640B47994662,SN-TH,Thies,ADM1
12,8366590.93753,1815251.08018,8722218.05863,5260192.44529,6551924.2951,8302293.75485,274888.317843,1600441.53683,1979011.69111,6711753.26812,70647.8653703,11945795.5041,797715.259324,3002938.45799,2699930.80306,5756792.06448,19815859.7009,1994071.64098,28196811.5149,6181188.08445,0.0,23.00000011920929,9.0,132.94000005722046,269.0,0.0,145.3399999141693,5.0,320.6699997186661,149.479999989,29.0,31.3500000238,31.0,38.0,35.75000035762787,3.0,0.0,128.5,0.0,11.0,10.0,18.0,26.100000023841858,16.0,8.0,0.0,0.0,0.0,inf,387966.40625,411285.75,399616.4375,434865.125,422972.875,447766.65625,474201.09375,460929.5625,487851.4375,502225.875,516610.9375,531665.375,547420.0625,562576.75,578831.9375,595864.3125,612920.25,631087.0,649478.0,668094.4375,ADM1,12,SEN,SEN-ADM1-17790640B98041234,SN-ZG,Ziguinchor,ADM1
13,13629520.0038,39728.0713891,4559944.44187,11040283.1298,4517698.04183,19201195.3403,139252.628425,3466653.97596,4611768.58547,8558429.37396,220935.787191,13079181.2344,1797786.72271,6958664.56802,6027829.16079,5821827.76612,4331303.05723,4528577.04256,6065774.57605,6207175.34764,0.0,0.0,0.0,0.0,0.0,0.0,0.0,0.0,0.0,0.0,0.0,0.0,0.0,0.0,0.0,0.0,0.0,0.0,0.0,0.0,0.0,0.0,0.0,0.0,0.0,0.0,0.0,0.0,104713.796875,107575.476562,114425.257812,110819.398438,121167.75,117840.15625,124704.078125,132095.015625,128445.140625,135763.0,140270.328125,144765.625,148706.9375,153002.65625,157098.875,162157.5625,166534.40625,171400.125,176737.46875,181398.703125,187212.546875,ADM1,13,SEN,SEN-ADM1-17790640B75814185,SN-KE,Kedougou,ADM1
