asdf_id,accessibility_to_cities_2015_v1.0.mean,accessibility_to_cities_2015_v1.0.max,accessibility_to_cities_2015_v1.0.min,access_50k.none.mean,access_50k.none.max,access_50k.none.min,Level,gqid,shapeGroup,shapeID,shapeISO,shapeName,shapeType
0,121.041635377,408.0,0.0,188.760433974,666.0,0.0,ADM1,0,SLE,SLE-ADM1-9960408B57494201,SL-S,Southern,ADM1
1,82.9648131577,608.0,0.0,184.448639663,1396.0,0.0,ADM1,1,SLE,SLE-ADM1-9960408B78369625,SL-E,Eastern,ADM1
2,21.4876668774,190.0,0.0,95.898785823,324.0,0.0,ADM1,2,SLE,SLE-ADM1-9960408B84142147,SL-W,Western Area,ADM1
3,133.418124664,496.0,0.0,229.445546724,1067.0,0.0,ADM1,3,SLE,SLE-ADM1-9960408B64093566,SL-N,Northern,ADM1
