asdf_id,accessibility_to_cities_2015_v1.0.mean,accessibility_to_cities_2015_v1.0.max,accessibility_to_cities_2015_v1.0.min,access_50k.none.mean,access_50k.none.max,access_50k.none.min,ISO Code,Level,OBJECTID,gqid,id,shapeGroup,shapeID,shapeName,shapeType
0,134.855402343,415.0,0.0,309.307916374,1411.0,22.0,GN-B,ADM1,1,0,0,GIN,GIN-ADM1-56622519B19949297,Boke,ADM1
1,25.9623605849,154.0,0.0,120.906852095,438.0,0.0,GN-C,ADM1,2,1,1,GIN,GIN-ADM1-56622519B26553537,Conakry,ADM1
2,169.294308586,670.0,0.0,277.65155287,1164.0,0.0,GN-F,ADM1,3,2,2,GIN,GIN-ADM1-56622519B37985358,Faranah,ADM1
3,134.109472603,441.0,0.0,238.38375898,1430.0,0.0,GN-K,ADM1,4,3,3,GIN,GIN-ADM1-56622519B14513914,Kankan,ADM1
4,83.074558781,299.0,0.0,196.709772667,825.0,0.0,GN-D,ADM1,5,4,4,GIN,GIN-ADM1-56622519B5722511,Kindia,ADM1
5,176.523134624,593.0,0.0,292.285555136,1328.0,0.0,GN-L,ADM1,6,5,5,GIN,GIN-ADM1-56622519B70853212,Labe,ADM1
6,93.4572126068,343.0,0.0,226.149367092,1107.0,0.0,GN-M,ADM1,7,6,6,GIN,GIN-ADM1-56622519B14098499,Mamou,ADM1
7,87.5241159861,566.0,0.0,252.032565181,1008.0,0.0,GN-N,ADM1,8,7,7,GIN,GIN-ADM1-56622519B96181390,Nzerekore,ADM1
