asdf_id,worldbank_geocodedresearchrelease_level1_v1_4_2.bf1de3f.sum,worldbank_geocodedresearchrelease_level1_v1_4_2.a4b4c97.sum,worldbank_geocodedresearchrelease_level1_v1_4_2.f99c939.sum,worldbank_geocodedresearchrelease_level1_v1_4_2.485401a.sum,worldbank_geocodedresearchrelease_level1_v1_4_2.a127a6e.sum,worldbank_geocodedresearchrelease_level1_v1_4_2.c2de8df.sum,worldbank_geocodedresearchrelease_level1_v1_4_2.887790a.sum,worldbank_geocodedresearchrelease_level1_v1_4_2.653b730.sum,worldbank_geocodedresearchrelease_level1_v1_4_2.034e602.sum,worldbank_geocodedresearchrelease_level1_v1_4_2.6142400.sum,worldbank_geocodedresearchrelease_level1_v1_4_2.381e47f.sum,worldbank_geocodedresearchrelease_level1_v1_4_2.be4c261.sum,worldbank_geocodedresearchrelease_level1_v1_4_2.98af255.sum,worldbank_geocodedresearchrelease_level1_v1_4_2.993244c.sum,worldbank_geocodedresearchrelease_level1_v1_4_2.0cf8a0f.sum,worldbank_geocodedresearchrelease_level1_v1_4_2.c3898aa.sum,worldbank_geocodedresearchrelease_level1_v1_4_2.e9437ae.sum,worldbank_geocodedresearchrelease_level1_v1_4_2.56d6ad1.sum,worldbank_geocodedresearchrelease_level1_v1_4_2.a8d2793.sum,worldbank_geocodedresearchrelease_level1_v1_4_2.d56e944.sum,ucdp_deaths_171.1989.sum,ucdp_deaths_171.1990.sum,ucdp_deaths_171.1991.sum,ucdp_deaths_171.1992.sum,ucdp_deaths_171.1993.sum,ucdp_deaths_171.1994.sum,ucdp_deaths_171.1995.sum,ucdp_deaths_171.1996.sum,ucdp_deaths_171.1997.sum,ucdp_deaths_171.1998.sum,ucdp_deaths_171.1999.sum,ucdp_deaths_171.2000.sum,ucdp_deaths_171.2001.sum,ucdp_deaths_171.2002.sum,ucdp_deaths_171.2003.sum,ucdp_deaths_171.2004.sum,ucdp_deaths_171.2005.sum,ucdp_deaths_171.2006.sum,ucdp_deaths_171.2007.sum,ucdp_deaths_171.2008.sum,ucdp_deaths_171.2009.sum,ucdp_deaths_171.2010.sum,ucdp_deaths_171.2011.sum,ucdp_deaths_171.2012.sum,ucdp_deaths_171.2013.sum,ucdp_deaths_171.2014.sum,ucdp_deaths_171.2015.sum,ucdp_deaths_171.2016.sum,worldpop_pop_count_1km_mosaic.2000.sum,worldpop_pop_count_1km_mosaic.2001.sum,worldpop_pop_count_1km_mosaic.2003.sum,worldpop_pop_count_1km_mosaic.2002.sum,worldpop_pop_count_1km_mosaic.2005.sum,worldpop_pop_count_1km_mosaic.2004.sum,worldpop_pop_count_1km_mosaic.2006.sum,worldpop_pop_count_1km_mosaic.2008.sum,worldpop_pop_count_1km_mosaic.2007.sum,worldpop_pop_count_1km_mosaic.2009.sum,worldpop_pop_count_1km_mosaic.2010.sum,worldpop_pop_count_1km_mosaic.2011.sum,worldpop_pop_count_1km_mosaic.2012.sum,worldpop_pop_count_1km_mosaic.2013.sum,worldpop_pop_count_1km_mosaic.2014.sum,worldpop_pop_count_1km_mosaic.2015.sum,worldpop_pop_count_1km_mosaic.2016.sum,worldpop_pop_count_1km_mosaic.2017.sum,worldpop_pop_count_1km_mosaic.2018.sum,worldpop_pop_count_1km_mosaic.2019.sum,worldpop_pop_count_1km_mosaic.2020.sum,Level,gqid,shapeGroup,shapeID,shapeISO,shapeName,shapeType
0,12512694.6501,29431746.2119,0.0,0.0,8113622.2498,13873744.1331,18146083.3135,5006623.1699,35602414.806,16460901.8548,14329281.2658,2985669.87462,11052287.6293,5665184.05431,10678468.2569,9298344.03184,15664684.8939,10939185.1087,18870312.5512,9921910.14045,0.0,0.0,596.490000024,62.0,224.0,789.420000017,1875.0,502.610000044,169.860000089,99.9800000191,139.07,0.0,0.0,0.0,0.0,0.0,0.0,0.0,0.0,0.0,0.0,0.0,0.0,0.0,0.0,0.0,0.0,0.0,inf,1018134.1875,1063316.875,1040596.1875,1110812.5,1086804.25,1135498.0,1187715.75,1160927.625,1215020.375,1243422.25,1271972.75,1301711.625,1331908.5,1363606.5,1396685.375,1429768.125,1464539.0,1499907.5,1536447.0,1574046.0,ADM1,0,SLE,SLE-ADM1-9960408B57494201,SL-S,Southern,ADM1
1,12563550.5789,12406342.9008,90386.9896576,14723.1094197,7947045.3937,10831229.4274,14295689.2162,3935443.33641,28227515.8562,14525744.3841,21779117.3013,2341424.88678,9230915.08296,5960387.45595,8338459.02823,7265568.12907,12082188.6374,8592668.81187,15287597.4754,8109034.00216,0.0,0.0,923.820000172,469.0,416.410000026,697.139999986,614.0,176.0,562.920000076,2581.55999982,370.0,330.0,66.0,1.0,0.0,0.0,0.0,0.0,0.0,0.0,0.0,0.0,0.0,0.0,0.0,0.0,0.0,0.0,1127058.625,1138726.625,1171342.5,1154819.75,1203349.625,1186338.75,1218735.75,1252292.125,1234829.125,1267551.625,1288618.5,1306255.125,1325076.875,1346037.625,1366855.75,1386487.75,1407132.875,1428457.875,1451154.25,1472518.875,1496099.5,ADM1,1,SLE,SLE-ADM1-9960408B78369625,SL-E,Eastern,ADM1
2,8068712.14352,11795879.7971,0.0,0.0,6477155.42533,425415.686729,556419.984411,153519.916007,4220441.59422,6250275.03099,6289237.9173,91406.100427,282743.107431,787878.273038,327371.703155,2903141.41613,1524505.42876,335087.488688,17700394.8107,1383460.15619,0.0,0.0,0.0,0.0,0.0,54.7199987769,142.190000057,0.0,262.139995933,329.289994657,2943.44995129,38.3999991417,0.0,0.0,0.0,0.0,0.0,0.0,0.0,0.0,0.0,0.0,0.0,0.0,0.0,0.0,0.0,0.0,4.42367010065e+37,784513.5,834346.625,807401.9375,880023.375,857415.25,907360.375,961542.0625,931711.625,987892.625,1014191.8125,1043908.5,1071919.25,1108828.625,1142050.25,1174433.0,1212873.5,1243297.125,1283593.75,1322269.625,1362679.5,ADM1,2,SLE,SLE-ADM1-9960408B84142147,SL-W,Western Area,ADM1
3,12646166.8522,16925625.2614,188836.455182,38390.8731519,8776942.16588,24998173.439,32965817.797,9077035.41666,55138909.4268,30723911.1459,38834007.7196,5385004.93894,19953140.1436,8919946.24988,19236936.6476,16735256.9189,23689889.4337,19816444.0468,33709395.9191,17069846.6323,0.0,0.0,0.0,0.0,1.0,550.0,562.0,257.0,209.0,2117.36000007,1044.79999995,486.0,7.0,0.0,0.0,0.0,0.0,0.0,0.0,0.0,0.0,0.0,0.0,0.0,0.0,0.0,0.0,0.0,inf,1648860.85938,1706133.53125,1677788.54688,1766355.42188,1736217.625,1796965.57812,1859770.32812,1828067.03125,1892128.17188,1924906.75,1958872.40625,1993349.46875,2026995.25,2061877.14062,2097933.85938,2134985.4375,2171892.85938,2209332.40625,2248301.98438,2287346.70312,ADM1,3,SLE,SLE-ADM1-9960408B64093566,SL-N,Northern,ADM1
