asdf_id,access_50k.none.mean,access_50k.none.max,access_50k.none.min,accessibility_to_cities_2015_v1.0.mean,accessibility_to_cities_2015_v1.0.max,accessibility_to_cities_2015_v1.0.min,Level,gqid,id,shapeGroup,shapeID,shapeISO,shapeName,shapeType
0,7.68025946607,85.0,0.0,0.680427622045,30.0,0.0,ADM1,0,0,BDI,BDI-ADM1-69449131B64450407,BI-BM,Bujumbura Mairie,ADM1
1,118.551443865,547.0,3.0,22.4210623417,127.0,0.0,ADM1,1,1,BDI,BDI-ADM1-69449131B28308487,BI-BL,Bujumbura Rural,ADM1
2,214.893502811,755.0,35.0,37.4168304696,138.0,0.0,ADM1,2,2,BDI,BDI-ADM1-69449131B93132286,BI-BR,Bururi,ADM1
3,258.086138916,790.0,76.0,31.2068845355,115.0,0.0,ADM1,3,3,BDI,BDI-ADM1-69449131B81952367,BI-MA,Makamba,ADM1
4,166.955336702,616.0,33.0,36.1515593778,161.0,0.0,ADM1,4,4,BDI,BDI-ADM1-69449131B47793556,BI-RT,Rutana,ADM1
5,179.700070155,756.0,22.0,65.7023397167,192.0,16.0,ADM1,5,5,BDI,BDI-ADM1-69449131B925865,BI-CA,Cankuzo,ADM1
6,170.4971809,627.0,15.0,37.2934816595,247.0,0.0,ADM1,6,6,BDI,BDI-ADM1-69449131B88501395,BI-RY,Ruyigi,ADM1
7,213.150960091,746.0,11.0,28.7746297874,204.0,0.0,ADM1,7,7,BDI,BDI-ADM1-69449131B21301284,BI-BB,Bubanza,ADM1
8,248.721680847,1004.0,33.0,66.2700827978,444.0,0.0,ADM1,8,8,BDI,BDI-ADM1-69449131B31117115,BI-CI,Cibitoke,ADM1
9,168.13312905,846.0,32.0,23.5755357174,166.0,0.0,ADM1,9,9,BDI,BDI-ADM1-69449131B45952274,BI-KY,Kayanza,ADM1
10,154.893292086,496.0,19.0,24.261208722,127.0,0.0,ADM1,10,10,BDI,BDI-ADM1-69449131B63119840,BI-MU,Muramvya,ADM1
11,135.706573219,470.0,6.0,38.8904173682,135.0,3.0,ADM1,11,11,BDI,BDI-ADM1-69449131B34687779,BI-MW,Mwaro,ADM1
12,86.5363407323,405.0,0.0,28.9761596937,140.0,0.0,ADM1,12,12,BDI,BDI-ADM1-69449131B49479057,BI-GI,Gitega,ADM1
13,123.110650624,373.0,9.0,41.9415542822,119.0,3.0,ADM1,13,13,BDI,BDI-ADM1-69449131B30443545,BI-KR,Karuzi,ADM1
14,223.104688198,684.0,30.0,27.607536752,114.0,0.0,ADM1,14,14,BDI,BDI-ADM1-69449131B67713830,BI-KI,Kirundo,ADM1
15,155.935151271,600.0,0.0,23.2460272839,119.0,0.0,ADM1,15,15,BDI,BDI-ADM1-69449131B17284218,BI-MY,Muyinga,ADM1
16,117.51697275,413.0,18.0,21.0046643806,104.0,0.0,ADM1,16,16,BDI,BDI-ADM1-69449131B7204477,BI-NG,Ngozi,ADM1
