asdf_id,worldbank_geocodedresearchrelease_level1_v1_4_2.bf1de3f.sum,worldbank_geocodedresearchrelease_level1_v1_4_2.a4b4c97.sum,worldbank_geocodedresearchrelease_level1_v1_4_2.f99c939.sum,worldbank_geocodedresearchrelease_level1_v1_4_2.485401a.sum,worldbank_geocodedresearchrelease_level1_v1_4_2.a127a6e.sum,worldbank_geocodedresearchrelease_level1_v1_4_2.c2de8df.sum,worldbank_geocodedresearchrelease_level1_v1_4_2.887790a.sum,worldbank_geocodedresearchrelease_level1_v1_4_2.653b730.sum,worldbank_geocodedresearchrelease_level1_v1_4_2.034e602.sum,worldbank_geocodedresearchrelease_level1_v1_4_2.6142400.sum,worldbank_geocodedresearchrelease_level1_v1_4_2.381e47f.sum,worldbank_geocodedresearchrelease_level1_v1_4_2.98af255.sum,worldbank_geocodedresearchrelease_level1_v1_4_2.993244c.sum,worldbank_geocodedresearchrelease_level1_v1_4_2.0cf8a0f.sum,worldbank_geocodedresearchrelease_level1_v1_4_2.c3898aa.sum,worldbank_geocodedresearchrelease_level1_v1_4_2.e9437ae.sum,worldbank_geocodedresearchrelease_level1_v1_4_2.56d6ad1.sum,worldbank_geocodedresearchrelease_level1_v1_4_2.a8d2793.sum,worldbank_geocodedresearchrelease_level1_v1_4_2.d56e944.sum,ucdp_deaths_171.1989.sum,ucdp_deaths_171.1990.sum,ucdp_deaths_171.1991.sum,ucdp_deaths_171.1992.sum,ucdp_deaths_171.1993.sum,ucdp_deaths_171.1994.sum,ucdp_deaths_171.1995.sum,ucdp_deaths_171.1996.sum,ucdp_deaths_171.1997.sum,ucdp_deaths_171.1998.sum,ucdp_deaths_171.1999.sum,ucdp_deaths_171.2000.sum,ucdp_deaths_171.2001.sum,ucdp_deaths_171.2002.sum,ucdp_deaths_171.2003.sum,ucdp_deaths_171.2004.sum,ucdp_deaths_171.2005.sum,ucdp_deaths_171.2006.sum,ucdp_deaths_171.2007.sum,ucdp_deaths_171.2008.sum,ucdp_deaths_171.2009.sum,ucdp_deaths_171.2010.sum,ucdp_deaths_171.2011.sum,ucdp_deaths_171.2012.sum,ucdp_deaths_171.2013.sum,ucdp_deaths_171.2014.sum,ucdp_deaths_171.2015.sum,ucdp_deaths_171.2016.sum,worldpop_pop_count_1km_mosaic.2000.sum,worldpop_pop_count_1km_mosaic.2001.sum,worldpop_pop_count_1km_mosaic.2003.sum,worldpop_pop_count_1km_mosaic.2002.sum,worldpop_pop_count_1km_mosaic.2005.sum,worldpop_pop_count_1km_mosaic.2004.sum,worldpop_pop_count_1km_mosaic.2006.sum,worldpop_pop_count_1km_mosaic.2008.sum,worldpop_pop_count_1km_mosaic.2007.sum,worldpop_pop_count_1km_mosaic.2009.sum,worldpop_pop_count_1km_mosaic.2010.sum,worldpop_pop_count_1km_mosaic.2011.sum,worldpop_pop_count_1km_mosaic.2012.sum,worldpop_pop_count_1km_mosaic.2013.sum,worldpop_pop_count_1km_mosaic.2014.sum,worldpop_pop_count_1km_mosaic.2015.sum,worldpop_pop_count_1km_mosaic.2016.sum,worldpop_pop_count_1km_mosaic.2017.sum,worldpop_pop_count_1km_mosaic.2018.sum,worldpop_pop_count_1km_mosaic.2019.sum,worldpop_pop_count_1km_mosaic.2020.sum,Level,gqid,shapeGroup,shapeID,shapeISO,shapeName,shapeType
0,6388488.67775,9327807.04064,5819567.32633,1261530.86823,6775395.9618,6357324.42959,9133396.52299,10052.5039316,17567045.8784,5307358.38494,21415.415313,1878856.56118,14792.0322178,28890.3565227,321284.869579,5303274.93707,53327.6199442,426337.37143,3198922.29209,NA,NA,NA,NA,NA,NA,NA,NA,NA,NA,129.0,989.0,224.0,NA,37.0,50.0,NA,NA,NA,NA,NA,NA,NA,NA,NA,NA,NA,NA,12401.5801849,13375.0265198,15779.0557098,14547.4810867,18662.9512482,17214.2273636,20323.8471069,24008.0607605,22059.0545197,26106.4833984,28378.8565369,30905.0031281,33621.0628357,36580.0697632,39850.64151,43343.2168579,47164.9306335,51328.5172729,55876.6924744,60787.3926697,66179.1572571,ADM1,0,TCD,TCD-ADM1-23847190B78489523,TD-TI,Tibesti,ADM1
1,4398281.94373,6427399.10999,3997709.31625,839099.152234,4670269.33283,4400569.1903,6279289.42162,7487176.20309,12066786.3937,3656630.38411,542.395936165,1273508.23281,374.64312717,664.028620412,225147.641068,3635834.86781,1350.64783569,266111.219186,2175636.45886,NA,NA,NA,1.0,NA,NA,NA,NA,NA,NA,28.0,NA,NA,5.0,NA,NA,NA,NA,NA,NA,NA,NA,NA,NA,NA,NA,NA,NA,43848.2852783,47721.2277832,56635.3270264,51959.8956299,67129.7580566,61676.8062744,73113.267334,86718.0327148,79565.1826172,94418.4272461,102809.040283,111828.990967,121744.750488,132528.272705,144325.365723,157277.922852,171142.55835,186220.294434,203055.592285,221119.493164,240696.317871,ADM1,1,TCD,TCD-ADM1-23847190B909064,TD-BO,Borkou,ADM1
2,3629007.03028,5303182.02792,3298215.88999,691410.448515,3853599.76635,3596063.83865,5169786.38795,0.0,9954993.33279,3013976.78171,0.0,1050136.0473,0.0,0.0,182735.194418,2999432.15224,0.0,217811.79589,1786175.52723,NA,NA,NA,NA,NA,NA,NA,NA,NA,NA,NA,NA,2.0,289.0,NA,NA,NA,NA,2.0,NA,NA,NA,NA,NA,NA,NA,NA,NA,3.40282346639e+38,23388.1898193,27372.2019043,25430.9367065,32628.3763428,29568.9862671,35390.6035767,41729.1990967,38193.0749512,45880.9375,49656.3299561,54480.4230957,59159.5482178,64181.119873,69452.2006836,75163.998291,82558.2102051,89009.5305176,96238.7624512,105824.695068,115156.424316,ADM1,2,TCD,TCD-ADM1-23847190B44038093,TD-EO,Ennedi-Ouest,ADM1
3,1556451.88945,2274492.06314,1414578.23337,296540.373164,1652777.90521,1546298.86732,2219536.44263,0.0,4284095.98229,1292670.36892,0.0,450394.893523,0.0,0.0,78373.6532466,1286432.29447,0.0,93417.7251321,767520.370225,NA,647.6300000548363,NA,NA,NA,NA,NA,NA,NA,NA,237.0,NA,NA,NA,187.0,18.0,55.0,521.0,156.0,2.0,7.0,30.78000009059906,NA,NA,NA,NA,NA,4.0,291119.129883,309901.943604,352493.41748,330332.934814,400224.036621,375704.371338,426612.400879,484579.73877,454634.682617,515497.258789,550189.647461,586518.217285,624575.354492,664928.621094,707860.084961,755146.036133,804495.183594,856930.398438,913005.066406,973416.495117,1038206.09863,ADM1,3,TCD,TCD-ADM1-23847190B61266246,TD-WF,Wadi Fira,ADM1
4,1902118.4407,2779625.4583,1728736.59748,362397.910293,2065126.39531,1960325.48655,5254286.55762,0.0,7186038.15473,1585403.07021,0.0,550421.40292,14307.5608932,8977.17048095,1934197.45792,1572131.20856,4048215.59846,114164.516659,2607498.77348,25.0,NA,NA,NA,NA,NA,NA,NA,NA,NA,NA,NA,NA,NA,NA,NA,4.0,211.0,NA,NA,NA,NA,NA,NA,NA,NA,NA,NA,228541.069336,235659.540039,250663.100098,243350.620117,266647.405762,258593.713867,274882.827637,292284.772461,283541.510254,301671.661621,310799.570312,320892.629883,330780.008301,340952.852051,351720.861328,362486.630859,374130.614258,386132.398438,398217.533203,410012.112305,423411.892578,ADM1,4,TCD,TCD-ADM1-23847190B47212032,TD-SA,Salamat,ADM1
5,1027228.9402,1501121.93467,933594.998565,195711.062653,1094650.03952,1029238.72377,1515665.00319,0.0,2862860.66205,853138.103462,0.0,297252.149124,1215.56009686,762.693956071,88882.5102057,849021.091785,4034292.34176,61653.9396008,2124215.34128,25.0,NA,NA,NA,NA,NA,NA,NA,NA,NA,NA,NA,NA,1.0,0.5600000023841858,14.599999740719795,55.0,557.9999961853027,209.0,2.0,128.0,4.0,NA,NA,NA,0.29999999329447746,NA,NA,264473.652344,277382.607422,302839.857422,289460.511719,329946.374023,316260.863281,345029.470703,376369.085938,360487.460938,393446.896484,410596.582031,429237.355469,449584.195312,469585.029297,490244.761719,512545.171875,535250.953125,558572.816406,584022.257812,610783.451172,637581.091797,ADM1,5,TCD,TCD-ADM1-23847190B58597948,TD-SI,Sila,ADM1
6,9376050.62562,1257427.12921,782033.525573,163938.98056,913719.511379,859150.680731,1229484.33869,7486511.96942,4329334.09971,714638.145958,0.0,3450416.35176,0.0,0.0,43327.9849178,6191189.49728,40107.8394785,51644.9293597,441918.248124,0.0,0.0,0.0,0.0,0.0,231.0,0.0,3.0,9.0,0.0,0.0,0.0,0.0,3.0,180.0,1.9900000095367432,152.24000000953674,248.66000032424927,66.0,0.0,0.0,0.0,0.0,0.0,0.0,0.0,0.0,0.0,491702.132812,513366.882812,560360.109375,535850.132812,611329.15625,585621.296875,638370.304688,697281.054688,668106.320312,729103.0,760642.3125,795281.53125,833810.265625,872293.15625,909980.6875,951656.15625,994619.96875,1039573.34375,1086592.15625,1135328.42188,1187603.34375,ADM1,6,TCD,TCD-ADM1-23847190B70888212,TD-OD,Ouaddaï,ADM1
7,1740830.8822,2543930.88002,1582150.71769,331668.870027,1848567.78312,21027581.7437,5030729.76964,0.0,6771631.39845,2803279.17245,0.0,503749.165102,0.0,0.0,1917236.98594,1438824.47075,8162656.90601,111243.684904,4928512.4738,NA,NA,NA,97.0,NA,NA,NA,NA,NA,NA,NA,NA,NA,NA,NA,NA,NA,10.0,NA,NA,NA,NA,NA,NA,NA,NA,NA,NA,391999.053711,406052.898438,435714.605469,420636.615234,467530.574219,451395.880859,484319.132812,519696.384766,501688.060547,538317.462891,557658.255859,577627.314453,598313.699219,619830.640625,642081.580078,665131.132812,688981.300781,713723.164062,739287.585938,765806.335938,793251.355469,ADM1,7,TCD,TCD-ADM1-23847190B83164208,TD-GR,Guéra,ADM1
8,2603742.37054,3804930.55803,2366406.12386,496073.627087,2764883.31575,13675736.015,6244539.33498,0.0,7159910.55296,3505646.29973,0.0,753452.307581,0.0,0.0,139080.085728,2152034.56956,20921.4623723,165472.959722,4134339.83473,NA,34.0,25.0,35.0,50.0,30.0,2.0,NA,NA,65.0,NA,72.0,NA,NA,NA,6.0,NA,NA,NA,249.0,NA,NA,NA,NA,NA,NA,5.0,NA,inf,374643.383789,400252.477539,387203.498047,427448.095703,413577.628906,441774.5,471852.467773,456488.768555,487647.907227,503978.249023,520840.384766,538419.291992,556283.041504,574987.442383,594278.320312,614044.401367,634660.314453,655901.145508,677922.390625,700588.973633,ADM1,8,TCD,TCD-ADM1-23847190B91388144,TD-BA,Batha,ADM1
9,899858.527698,1311097.9727,787278.944713,192791.095792,919848.202359,30293242.8956,1272902.32232,1349.4494663,2409187.25167,2056304.72333,8463.89244858,253095.099293,11281.2672842,28990.9401022,47467.2595985,757541.643168,6363.24911844,2458845.70248,2076162.02354,NA,NA,NA,NA,NA,NA,NA,NA,NA,NA,NA,NA,NA,NA,NA,NA,NA,NA,NA,NA,NA,NA,NA,NA,NA,NA,NA,NA,inf,444725.974792,471512.423157,458225.28418,499207.60614,485055.729858,513887.388977,545331.588989,529893.480347,561153.565369,578762.702271,594937.410217,612588.179016,631664.324707,649474.779907,668899.696045,688718.925293,709099.609497,729682.458496,750357.586792,772773.55542,ADM1,9,TCD,TCD-ADM1-23847190B95372725,TD-HL,Hadjer-Lamis,ADM1
10,1625621.1189,2375571.23203,1477442.55129,309718.724036,1726227.89422,7500600.02093,2337118.04586,7486511.96942,4459359.61691,2687287.34219,0.0,470410.589445,0.0,0.0,91890.0469009,1343601.76508,0.0,107969.52222,2422003.2802,NA,NA,NA,NA,NA,NA,NA,NA,NA,NA,NA,NA,NA,NA,NA,NA,NA,NA,NA,NA,NA,NA,NA,NA,NA,NA,NA,NA,171944.866699,179819.838623,197607.147461,188614.088867,216961.594727,207123.828125,227334.348633,249799.416992,238368.399414,261599.526855,274120.442871,287044.61377,300774.072266,315541.195312,330541.03125,346146.480469,363108.551758,380638.299316,398765.345703,417863.331543,437931.256836,ADM1,10,TCD,TCD-ADM1-23847190B12760819,TD-BG,Bahr el Gazel,ADM1
11,1954746.78342,2857569.95401,1783406.40598,395068.033279,2071403.20118,7881336.58198,5316876.19412,13382.3381215,5421521.62551,1633033.28511,10927.6693118,581061.565839,7547.9477826,13378.2071244,3781900.26398,1627410.11602,27211.5477295,162764.513993,1002504.84361,NA,NA,NA,NA,NA,NA,NA,NA,NA,NA,NA,NA,NA,NA,NA,NA,NA,NA,NA,NA,NA,NA,NA,NA,NA,NA,NA,NA,216850.830078,227624.697266,249591.643555,238290.369141,274031.568359,261529.876953,287069.991699,314918.010742,300769.564453,330042.537109,345889.916992,362447.338867,379595.140625,397415.083984,416415.6875,436378.669922,456894.518555,478674.539062,501465.477539,525244.734375,550299.560547,ADM1,11,TCD,TCD-ADM1-23847190B87279194,TD-KA,Kanem,ADM1
12,1503803.78086,2009336.22163,1191957.00269,283643.979227,1392669.66757,21947610.9875,4462495.88216,134735.689856,5606984.51379,5054005.8377,10299.7210855,439383.699687,13728.1879731,35279.1105124,114829.339738,1232001.50358,14016.1169145,807116.463147,2535509.65761,NA,NA,NA,NA,NA,24.0,NA,NA,NA,NA,NA,NA,NA,NA,NA,NA,NA,NA,NA,NA,NA,NA,NA,NA,NA,NA,NA,NA,529256.984375,554345.318359,573737.253906,562083.84375,630156.78125,598893.074219,643428.015625,672076.332031,653616.21875,689453.59375,720819.019531,754573.265625,796164.234375,808039.578125,841025.074219,862282.84375,886108.507812,916858.410156,943649.632812,978915.007812,1007271.11719,ADM1,12,TCD,TCD-ADM1-23847190B2881593,TD-CB,Chari-Baguirmi,ADM1
13,578920.098283,851958.69874,514827.942817,127399.047055,597393.407993,6333859.55369,843465.110607,24502.5762715,3504353.80881,483838.349242,26799.864092,184397.20535,15943.3525431,76595.4794022,35929.6635391,503168.124474,11921.132701,185398.807398,2467636.8087,0.0,0.0,0.0,840.0,40.0,2.0,4.0,0.0,39.0,0.0,0.0,0.0,0.0,0.0,0.0,0.0,0.0,0.0,0.0,0.0,0.0,0.0,0.0,0.0,0.0,6.0,331.0,20.0,inf,330670.0,353897.4375,342088.65625,378554.65625,366098.96875,391596.53125,418916.09375,404968.40625,433380.5,448091.96875,463412.03125,479364.15625,495743.65625,512707.625,530568.625,548484.25,566997.0,586732.875,606919.0,627678.1875,ADM1,13,TCD,TCD-ADM1-23847190B12565003,TD-LC,Lac,ADM1
14,257483.666497,376268.974201,234013.523029,49056.6416247,273418.86879,14258250.6145,2915641.6734,4467437.65877,2706782.5282,4179139.90666,0.0,1984897.38251,0.0,0.0,1863836.4477,3482903.07788,0.0,43621.1696755,156331.132362,0.0,0.0,0.0,0.0,0.0,233.0,37.0,0.0,65.0,110.0,0.0,0.0,0.0,0.0,0.0,0.0,0.0,0.0,0.0,0.0,0.0,0.0,0.0,0.0,0.0,0.0,0.0,0.0,3.40282346639e+38,554411.0625,583008.75,569867.0,614587.375,601545.0625,631377.875,667528.125,651451.1875,685361.75,702565.5,719722.4375,734462.625,757467.5,775187.5625,796206.75,816143.0625,839186.375,859123.5,880716.8125,902429.8125,ADM1,14,TCD,TCD-ADM1-23847190B76729132,TD-LO,Logone Occidental,ADM1
15,656863.827541,1009313.3139,592836.239648,159324.375862,702333.877479,51989107.4732,3456716.57496,10507290.4377,3753620.09639,4551231.13449,5922.73432159,4684276.69487,17301.5335975,26781.6916018,1868286.46898,2750929.36349,42847.679183,81687.6071748,5571291.94316,0.0,0.0,0.0,170.0,214.0,6.0,10.0,0.0,4.0,20.0,0.0,9.0,4.0,0.0,0.0,0.0,0.0,0.0,0.0,0.0,0.0,0.0,0.0,0.0,0.0,0.510000005364418,0.0,0.0,3.40282346639e+38,618440.558594,664096.285156,639401.425781,711719.871094,685920.082031,736892.21875,788447.15625,759600.113281,817028.734375,844229.53125,875285.34375,909629.601562,938273.59375,973048.726562,1007714.48438,1044299.6875,1080153.76562,1121205.89062,1162055.80469,1205374.70312,ADM1,15,TCD,TCD-ADM1-23847190B69725346,TD-LR,Logone Oriental,ADM1
16,489451.743618,715251.215727,444837.252922,93251.9685847,524014.658834,6493615.77059,742767.188155,0.0,1375639.52722,4365116.33341,0.0,141634.037934,1349.47084155,2608.86430596,1843608.10778,404539.667332,3979637.73313,2182639.20786,5492228.0298,0.0,0.0,0.0,0.0,5.0,0.0,0.0,0.0,0.0,0.0,0.0,0.0,0.0,0.0,0.0,0.0,0.0,0.0,0.0,0.0,0.0,0.0,0.0,0.0,0.0,0.0,0.0,0.0,inf,485250.8125,516442.4375,500919.21875,549621.0625,533101.25,567144.6875,603722.875,585291.25,622920.0625,642507.625,662955.25,683673.5,705541.25,727597.5625,750926.0625,774756.875,798867.5625,824282.3125,850523.125,877144.9375,ADM1,16,TCD,TCD-ADM1-23847190B48685115,TD-MA,Mandoul,ADM1
17,519512.94153,854086.045844,460073.198501,167881.107041,537544.548138,8416603.61392,818054.045267,13812132.0038,3365995.51521,481561.873387,21786.1332535,152738.069108,29038.0807429,74622.9336025,61134.9533849,525427.587911,0.0,5042502.51441,281139.562365,0.0,0.0,0.0,0.0,0.0,0.0,0.0,0.0,2.0,0.0,0.0,0.0,0.0,0.0,0.0,0.0,0.0,0.0,0.0,0.0,0.0,0.0,0.0,0.0,0.0,0.0,0.0,0.0,3.40282346639e+38,606133.375,643801.6875,625083.5625,683474.6875,663318.75,704385.75,748309.75,725954.5,770986.0,794863.9375,817821.3125,843806.4375,869336.3125,896227.375,924219.1875,952318.625,981954.625,1011931.0625,1042926.625,1075969.0,ADM1,17,TCD,TCD-ADM1-23847190B76959982,TD-ME,Mayo-Kebbi Est,ADM1
18,358609.258036,666171.077103,315631.536598,152998.483841,368780.472915,4068955.92841,3017440.32542,4222.16098525,2914214.52337,344612.938094,15402.5658923,108096.287678,35296.8582973,61527.9155421,1816698.3924,299451.337488,0.0,2199751.0827,192661.957397,0.0,0.0,0.0,0.0,0.0,0.0,0.0,0.0,0.0,0.0,0.0,0.0,0.0,0.0,0.0,0.0,0.0,0.0,0.0,0.0,0.0,0.0,0.0,0.0,0.0,0.0,0.0,0.0,inf,432452.78125,459557.5625,445191.25,486860.3125,472317.53125,501661.21875,532311.4375,516933.5,548229.625,568010.125,587098.1875,607368.6875,626270.9375,645499.6875,664638.125,685672.3125,706843.625,728640.3125,751662.8125,773768.8125,ADM1,18,TCD,TCD-ADM1-23847190B77703049,TD-MO,Mayo-Kebbi Ouest,ADM1
19,1167207.85603,1705677.52372,1060814.56045,222380.309687,1253249.17521,10721984.9786,4193740.55127,7486511.96942,5179472.67357,2342263.04799,0.0,3539178.88999,4361.18252828,4795.725145,105335.949555,6444715.8968,4070193.64481,101078.165512,2222737.75056,NA,NA,NA,NA,NA,NA,NA,NA,23.0,NA,NA,NA,NA,NA,NA,NA,NA,17.0,NA,NA,NA,NA,NA,NA,NA,NA,NA,NA,inf,457672.863281,486978.503906,472170.058594,518313.484375,502317.238281,534683.324219,568981.671875,551641.503906,587153.515625,605642.285156,625139.910156,644672.601562,665143.613281,686140.695312,707851.523438,730136.328125,753200.023438,777126.9375,801675.125,826953.257812,ADM1,19,TCD,TCD-ADM1-23847190B30811709,TD-MC,Moyen-Chari,ADM1
20,9011524.54241,724733.707271,450734.712998,94488.2628882,526633.562699,10095760.9934,3219784.87045,0.0,3350257.21094,3104878.62708,0.0,143511.760806,0.0,0.0,1854847.22006,409902.879432,27933.517747,2199732.00453,3907673.47275,0.0,0.0,0.0,0.0,0.0,0.0,0.0,0.0,0.0,0.0,0.0,0.0,0.0,0.0,0.0,0.0,0.0,0.0,0.0,0.0,0.0,0.0,0.0,0.0,0.0,0.0,0.0,0.0,524903.125,537073.875,563051.3125,550228.25,591498.5,576412.625,605612.0,635012.5,620395.4375,649708.8125,665804.375,681540.125,697316.6875,714454.8125,731854.5625,748865.25,766966.5625,785598.375,803907.75,822989.8125,842398.875,ADM1,20,TCD,TCD-ADM1-23847190B4605241,TD-TA,Tandjilé,ADM1
21,6859490.48869,268849.340347,9444.5390278,8786.97276054,11034.8972307,3654262.28565,2076338.85225,6014495.62472,31625.2660204,29316.4278035,2076.01223751,2575410.87165,2767.054175,7110.85907515,1492265.9252,4421054.7974,0.0,1577373.49906,4821331.7984,170.0,0.0,70.0,55.799999959766865,4.0,0.0,0.0,4.0,0.0,0.0,0.0,0.0,0.0,0.0,0.0,0.0,0.0,294.0,0.0,739.2000000029802,0.0,0.0,0.0,0.0,0.11999999731779099,0.23999999463558197,58.0,2.0,576450.3125,590553.4375,649529.125,620574.625,678278.5,667701.75,711037.0,775252.75,746120.4375,805098.625,826122.8125,844782.875,858894.5,903102.8125,929156.3125,969624.3125,1008454.0,1044771.8125,1082220.875,1117328.5,1159265.375,ADM1,21,TCD,TCD-ADM1-23847190B92814608,TD-ND,N'Djamena Region,ADM1
22,2414816.25828,3528846.89249,2194700.99893,460078.797943,2564264.90526,2392895.17792,3440082.67751,0.0,6624258.24764,2005562.4235,0.0,698782.223145,0.0,0.0,121595.773929,1995884.12654,0.0,144936.46928,1188558.10069,NA,NA,NA,NA,NA,NA,NA,NA,NA,NA,NA,NA,NA,NA,NA,NA,NA,NA,NA,NA,NA,NA,NA,NA,NA,NA,NA,NA,51427.7576752,55947.204895,66189.2154236,60980.7836304,78699.2080536,72400.2505035,85755.0374451,101701.861053,93768.7149353,111245.846191,120624.586121,131159.751968,143284.824951,157378.988037,172332.630615,187326.011475,203640.919434,222869.483307,243769.805664,264005.902466,287040.723877,ADM1,22,TCD,TCD-ADM1-23847190B97202588,TD-EE,Ennedi-Est,ADM1
