asdf_id,accessibility_to_cities_2015_v1.0.mean,accessibility_to_cities_2015_v1.0.max,accessibility_to_cities_2015_v1.0.min,access_50k.none.mean,access_50k.none.max,access_50k.none.min,Level,gqid,shapeGroup,shapeID,shapeISO,shapeName,shapeType
0,360.812809673,635.0,139.0,426.191593624,1101.0,89.0,ADM1,0,SDN,SDN-ADM1-26471942B88867350,N/A,Abyei PCA,ADM1
1,173.645551427,520.0,0.0,147.183963249,647.0,0.0,ADM1,1,SDN,SDN-ADM1-26471942B51960613,SD-GZ,Gezira,ADM1
2,256.941566935,1029.0,0.0,327.160028466,1540.0,0.0,ADM1,2,SDN,SDN-ADM1-26471942B91082353,SD-NB,Blue Nile,ADM1
3,455.650917666,1095.0,0.0,402.033536675,1463.0,74.0,ADM1,3,SDN,SDN-ADM1-26471942B3923818,SD-DC,Central Darfur,ADM1
4,379.31759869,1097.0,0.0,362.048760618,1298.0,0.0,ADM1,4,SDN,SDN-ADM1-26471942B82453041,SD-DE,East Darfur,ADM1
5,264.089979797,839.0,0.0,223.971161756,1393.0,0.0,ADM1,5,SDN,SDN-ADM1-26471942B11858188,SD-GD,Gedaref,ADM1
6,377.807713529,1254.0,0.0,330.18259916,1229.0,0.0,ADM1,6,SDN,SDN-ADM1-26471942B90817386,SD-KA,Kassala,ADM1
7,329.92916437,1097.0,0.0,283.259273822,1186.0,0.0,ADM1,7,SDN,SDN-ADM1-26471942B11096066,SD-KH,Khartoum,ADM1
8,2723.77740123,7317.0,0.0,574.11856413,1971.0,0.0,ADM1,8,SDN,SDN-ADM1-26471942B1690804,SD-DN,North Darfur,ADM1
9,1393.88256462,4920.0,0.0,384.883917891,1620.0,0.0,ADM1,9,SDN,SDN-ADM1-26471942B69992162,SD-KN,North Kordofan,ADM1
10,2347.85956666,6902.0,0.0,660.722000434,2282.0,0.0,ADM1,10,SDN,SDN-ADM1-26471942B6749338,SD-NO,Northern,ADM1
11,967.923429413,2628.0,0.0,794.485696245,2656.0,0.0,ADM1,11,SDN,SDN-ADM1-26471942B89754425,SD-RS,Red Sea,ADM1
12,623.544449833,2026.0,0.0,544.834642114,1882.0,0.0,ADM1,12,SDN,SDN-ADM1-26471942B80268870,SD-NR,River Nile,ADM1
13,279.064517038,1029.0,0.0,177.623961107,939.0,0.0,ADM1,13,SDN,SDN-ADM1-26471942B2883900,SD-SI,Sennar,ADM1
14,283.469479009,1085.0,0.0,445.800054194,2017.0,0.0,ADM1,14,SDN,SDN-ADM1-26471942B86275988,SD-DS,South Darfur,ADM1
15,422.320097979,1203.0,0.0,420.165540495,2145.0,0.0,ADM1,15,SDN,SDN-ADM1-26471942B97861395,SD-KS,South Kordofan,ADM1
16,350.183259668,1012.0,0.0,268.012459003,1057.0,0.0,ADM1,16,SDN,SDN-ADM1-26471942B93854462,SD-DW,West Darfur,ADM1
17,318.00550039,1258.0,0.0,338.68215727,1525.0,0.0,ADM1,17,SDN,SDN-ADM1-26471942B97552203,SD-GK,West Kordofan,ADM1
18,273.248417326,1119.0,0.0,160.692617073,1198.0,0.0,ADM1,18,SDN,SDN-ADM1-26471942B53073919,SD-NW,White Nile,ADM1
