asdf_id,accessibility_to_cities_2015_v1.0.mean,accessibility_to_cities_2015_v1.0.max,accessibility_to_cities_2015_v1.0.min,access_50k.none.mean,access_50k.none.max,access_50k.none.min,Level,gqid,shapeGroup,shapeID,shapeISO,shapeName,shapeType
0,1550.73224931,5098.0,0.0,2057.97631382,6500.0,0.0,ADM1,0,NER,NER-ADM1-87150794B30590603,NE-1,Tahoua/Agadez,ADM1
1,139.482579794,518.0,0.0,238.215815398,757.0,0.0,ADM1,1,NER,NER-ADM1-87150794B65472366,NE-3,Dossa,ADM1
2,12.8736316226,83.0,0.0,24.1373288494,182.0,0.0,ADM1,2,NER,NER-ADM1-87150794B97904928,NE-6,Niamey,ADM1
3,220.048089791,1000.0,0.0,298.85239219,1147.0,11.0,ADM1,3,NER,NER-ADM1-87150794B94580213,NE-5,Tillaberi,ADM1
4,160.46390691,640.0,0.0,234.377683793,925.0,0.0,ADM1,4,NER,NER-ADM1-87150794B55203671,NE-4,Maradi,ADM1
5,1419.39768083,4805.0,0.0,1369.44421468,6510.0,0.0,ADM1,5,NER,NER-ADM1-87150794B4911028,NE-2,Zinder/Diffa,ADM1
