asdf_id,worldbank_geocodedresearchrelease_level1_v1_4_2.bf1de3f.sum,worldbank_geocodedresearchrelease_level1_v1_4_2.a4b4c97.sum,worldbank_geocodedresearchrelease_level1_v1_4_2.f99c939.sum,worldbank_geocodedresearchrelease_level1_v1_4_2.485401a.sum,worldbank_geocodedresearchrelease_level1_v1_4_2.a127a6e.sum,worldbank_geocodedresearchrelease_level1_v1_4_2.c2de8df.sum,worldbank_geocodedresearchrelease_level1_v1_4_2.887790a.sum,worldbank_geocodedresearchrelease_level1_v1_4_2.653b730.sum,worldbank_geocodedresearchrelease_level1_v1_4_2.034e602.sum,worldbank_geocodedresearchrelease_level1_v1_4_2.6142400.sum,worldbank_geocodedresearchrelease_level1_v1_4_2.381e47f.sum,worldbank_geocodedresearchrelease_level1_v1_4_2.be4c261.sum,worldbank_geocodedresearchrelease_level1_v1_4_2.98af255.sum,worldbank_geocodedresearchrelease_level1_v1_4_2.993244c.sum,worldbank_geocodedresearchrelease_level1_v1_4_2.0cf8a0f.sum,worldbank_geocodedresearchrelease_level1_v1_4_2.c3898aa.sum,worldbank_geocodedresearchrelease_level1_v1_4_2.e9437ae.sum,worldbank_geocodedresearchrelease_level1_v1_4_2.56d6ad1.sum,worldbank_geocodedresearchrelease_level1_v1_4_2.a8d2793.sum,worldbank_geocodedresearchrelease_level1_v1_4_2.d56e944.sum,ucdp_deaths_171.1989.sum,ucdp_deaths_171.1990.sum,ucdp_deaths_171.1991.sum,ucdp_deaths_171.1992.sum,ucdp_deaths_171.1993.sum,ucdp_deaths_171.1994.sum,ucdp_deaths_171.1995.sum,ucdp_deaths_171.1996.sum,ucdp_deaths_171.1997.sum,ucdp_deaths_171.1998.sum,ucdp_deaths_171.1999.sum,ucdp_deaths_171.2000.sum,ucdp_deaths_171.2001.sum,ucdp_deaths_171.2002.sum,ucdp_deaths_171.2003.sum,ucdp_deaths_171.2004.sum,ucdp_deaths_171.2005.sum,ucdp_deaths_171.2006.sum,ucdp_deaths_171.2007.sum,ucdp_deaths_171.2008.sum,ucdp_deaths_171.2009.sum,ucdp_deaths_171.2010.sum,ucdp_deaths_171.2011.sum,ucdp_deaths_171.2012.sum,ucdp_deaths_171.2013.sum,ucdp_deaths_171.2014.sum,ucdp_deaths_171.2015.sum,ucdp_deaths_171.2016.sum,worldpop_pop_count_1km_mosaic.2000.sum,worldpop_pop_count_1km_mosaic.2001.sum,worldpop_pop_count_1km_mosaic.2003.sum,worldpop_pop_count_1km_mosaic.2002.sum,worldpop_pop_count_1km_mosaic.2005.sum,worldpop_pop_count_1km_mosaic.2004.sum,worldpop_pop_count_1km_mosaic.2006.sum,worldpop_pop_count_1km_mosaic.2008.sum,worldpop_pop_count_1km_mosaic.2007.sum,worldpop_pop_count_1km_mosaic.2009.sum,worldpop_pop_count_1km_mosaic.2010.sum,worldpop_pop_count_1km_mosaic.2011.sum,worldpop_pop_count_1km_mosaic.2012.sum,worldpop_pop_count_1km_mosaic.2013.sum,worldpop_pop_count_1km_mosaic.2014.sum,worldpop_pop_count_1km_mosaic.2015.sum,worldpop_pop_count_1km_mosaic.2016.sum,worldpop_pop_count_1km_mosaic.2017.sum,worldpop_pop_count_1km_mosaic.2018.sum,worldpop_pop_count_1km_mosaic.2019.sum,worldpop_pop_count_1km_mosaic.2020.sum,Level,gqid,id,shapeGroup,shapeID,shapeISO,shapeName,shapeType
0,0.0,0.0,0.0,0.0,0.0,0.0,0.0,0.0,0.0,0.0,0.0,336470.596485,9856082.6573,0.0,214196.95092,721090.004632,336124.341981,582821.149724,598915.423424,668294.279939,0.0,3.0,5.0,381.0,0.0,400.0,63.0,1006.0,9.0,0.0,0.0,26.0,0.0,251.0,56.879999876,0.0,0.0,0.0,0.0,0.0,0.0,0.0,0.0,0.0,0.0,0.0,0.0,0.0,77019.9453125,77749.046875,79381.578125,78527.890625,81002.9453125,80175.484375,81921.8828125,83515.15625,82592.296875,84307.0546875,85234.375,86187.125,87312.484375,88160.84375,89202.4453125,90088.203125,91039.15625,91943.796875,92981.4453125,93874.21875,94871.3359375,ADM1,0,0,LBR,LBR-ADM1-1627179B51883426,LR-BM,Bomi,ADM1
1,13629.4297969,5412.827981,24223.7858544,3945.80515454,12344.8423733,0.0,34584.2699779,7175.33885252,0.0,11967.6315126,344.04982535,9305752.69177,44431707.0878,2408.10274922,2444722.3418,3862529.62072,1551911.91636,22456907.627,3132886.29322,3069400.54724,0.0,22.509999454,0.649999976158,1.29999995232,142.949999928,2315.68000019,194.999992847,0.360000014305,0.72000002861,0.0,3.60000014305,0.0,0.0,251.000001431,42.1800000072,0.0,0.0,0.0,0.0,0.0,0.0,0.0,0.0,0.0,0.0,0.0,0.0,0.0,307345.28125,310821.46875,317619.25,314152.34375,324727.5625,321196.34375,328175.34375,335694.78125,331936.75,339205.84375,343083.5,346644.71875,350610.65625,354529.28125,358587.875,362466.375,366507.15625,370472.28125,374676.8125,379005.90625,383167.96875,ADM1,1,1,LBR,LBR-ADM1-1627179B30038906,LR-BG,Bong,ADM1
2,0.0,19592.1027413,0.0,0.0,34211.5388433,46435.9028578,60735.5702911,16757.3414165,112352.329092,44558.2323882,84337.9680957,934468.37234,47724324.1076,23676.9301326,458199.343768,1738428.68576,1789924.48761,2286374.54882,1121632.79776,3477760.81541,0.0,0.0,0.239999994636,3.0,200.560000002,14.0,27.359999992,0.0,0.0,0.0,0.0,0.0,26.5599999428,110.559999987,1.91999995708,0.0,0.0,0.0,0.0,0.0,0.0,0.0,0.0,0.0,0.0,0.0,0.0,0.0,70734.625,72354.90625,75691.1875,73938.5390625,79171.6875,77379.796875,80929.03125,84660.3203125,82780.390625,86533.4375,88451.0390625,90517.234375,92498.1171875,94618.234375,96868.9375,99019.984375,101299.359375,103615.859375,105930.304688,108469.296875,110836.1875,ADM1,2,2,LBR,LBR-ADM1-1627179B92154571,LR-GP,Gbarpolu,ADM1
3,0.0,0.0,0.0,0.0,0.0,0.0,0.0,0.0,0.0,0.0,0.0,6731813.95874,37785091.5232,0.0,10767943.3298,7929473.75154,1374553.09492,4741125.0562,1109573.5092,5468269.93726,0.0,371.859995656,0.0,1.0,0.0,68.319999814,84.0,1.63999998569,3.27999997139,0.0,16.3999998569,0.0,0.0,163.999998569,68.8199999928,0.0,0.0,0.0,0.0,0.0,0.0,0.0,0.0,0.0,0.0,0.0,0.0,0.0,2.10975048831e+38,198904.609375,204013.71875,201325.71875,210536.15625,207397.21875,213433.578125,219015.5625,216342.734375,222201.09375,225043.828125,228628.40625,231449.59375,234556.203125,237974.96875,241255.375,244644.28125,248102.71875,251244.25,254892.5,258295.546875,ADM1,3,3,LBR,LBR-ADM1-1627179B1009088,LR-GB,Grand Bassa,ADM1
4,0.0,51550.669155,0.0,0.0,63642.0610223,99608.0423321,130281.762264,35945.591029,237748.439304,129921.281921,76815.8804032,448828.20228,22191570.736,28819.0902154,271972.977762,1021954.48519,919264.273242,1097586.87674,631680.368348,1655904.70629,0.0,6.0,5.76000005007,23.0,0.0,38.0,173.639999986,59.3199999928,18.8399999738,0.0,0.0,0.0,0.0,9.44000011683,22.0800004005,0.0,0.0,0.0,0.0,0.0,0.0,0.0,0.0,0.0,0.0,0.0,0.0,0.0,inf,115559.890625,119607.945312,117555.570312,124424.53125,122254.507812,127076.398438,132191.25,129992.914062,135474.15625,137373.609375,140434.0,143384.46875,146026.09375,148823.09375,151324.375,154508.984375,157532.671875,160351.5,164182.828125,167213.0625,ADM1,4,4,LBR,LBR-ADM1-1627179B81865997,LR-CM,Grand Cape Mount,ADM1
5,161138.089422,340960.982617,8142.84641215,123504.077748,457.506472104,18004.0725754,0.0,158321.022983,0.0,0.0,0.0,994417.45878,53669899.8554,216227.150376,5092740.88676,1846735.93893,1964737.59259,4766595.87947,1260752.70458,3760400.60248,0.0,35.0,198.0,0.0,0.0,2.0,0.0,14.0,0.0,0.0,0.0,0.0,0.0,0.0,17.0,0.0,0.0,0.0,0.0,0.0,0.0,0.0,0.0,0.0,0.0,0.0,0.0,0.0,99914.6953125,102751.820312,108771.453125,105593.882812,115302.390625,111904.296875,118605.890625,125515.742188,121972.109375,129165.273438,132903.90625,136621.421875,140556.203125,144638.4375,148767.640625,152957.96875,157442.171875,161985.75,166852.109375,171512.3125,176473.734375,ADM1,5,5,LBR,LBR-ADM1-1627179B72460129,LR-GG,Grand Gedeh,ADM1
6,0.0,0.0,0.0,0.0,0.0,0.0,0.0,0.0,0.0,0.0,0.0,386006.285322,20857754.822,0.0,5999086.15418,3212296.77284,664768.897759,844669.507924,403911.173805,4023822.50881,0.0,0.0,0.0,0.0,0.0,105.000000298,33.4000000358,3.40000003576,0.0,0.0,0.0,0.0,0.0,0.0,0.0,0.0,0.0,0.0,0.0,0.0,0.0,0.0,0.0,0.0,0.0,0.0,0.0,0.0,59178.5820312,58857.3945312,58419.734375,58632.6210938,58173.0351562,58332.4960938,57984.9648438,57662.0078125,57788.9179688,57405.5117188,57267.0859375,57127.6523438,56945.4648438,56675.0351562,56529.109375,56416.6914062,56257.6875,56083.7304688,55910.5820312,55751.2734375,55601.125,ADM1,6,6,LBR,LBR-ADM1-1627179B48705910,LR-GK,Grand Kru,ADM1
7,53891.591128,43932.1272602,95782.316817,15601.9526296,101431.062036,71420.401179,230162.198927,54145.2310804,181036.735105,79324.9893889,158094.862969,926854.11524,48787865.4373,47525.8270754,468289.422011,2688289.89218,1855748.78354,2268519.42707,2530271.59381,3496042.46611,0.0,418.0,47.359999992,2.0,1560.14,3.0,0.0,0.0,0.0,0.0,50.0,75.0,447.439999968,1466.0,902.0,0.0,0.0,0.0,0.0,0.0,0.0,0.0,0.0,0.0,0.0,0.0,0.0,0.0,255756.75,260487.078125,266259.0,263248.0625,273400.96875,269984.375,277350.5,284994.9375,281437.4375,289023.375,292350.84375,296151.4375,300562.03125,303986.96875,307892.5,311591.5625,316282.4375,320693.5,324475.84375,329859.90625,333305.03125,ADM1,7,7,LBR,LBR-ADM1-1627179B89842596,LR-LO,Lofa,ADM1
8,0.0,0.0,0.0,0.0,0.0,0.0,0.0,0.0,0.0,0.0,0.0,4619509.55903,13274864.8794,0.0,7801765.69685,5819458.68589,448485.91565,9843658.15144,11095323.2225,3221042.85339,0.0,769.629984766,0.34999999404,0.699999988079,601.049999982,0.0,254.999998212,0.0,0.0,13.0,0.0,0.0,0.0,5.0,0.0,0.0,0.0,0.0,0.0,0.0,0.0,0.0,0.0,0.0,0.0,0.0,0.0,0.0,3.06254091692e+37,196171.34375,205607.265625,199151.375,209142.765625,208180.03125,214616.0625,221792.765625,216365.59375,224454.796875,229054.796875,235737.40625,233530.015625,241345.25,241106.140625,241662.75,244790.625,252405.390625,261292.171875,254621.03125,264185.15625,ADM1,8,8,LBR,LBR-ADM1-1627179B12962925,LR-MG,Margibi,ADM1
9,24338.4868805,23530.4279015,1229.90511605,60119.2830171,687.722196628,2719.35633432,0.0,23912.9938463,0.0,0.0,0.0,2046856.29786,13232678.7143,32659.2035533,4197789.77426,2972090.83393,403893.484478,497171.690847,949368.080587,6135943.02137,0.0,3.37999999523,0.0,0.0,0.0,103.0,73.3899999857,4.0,0.0,0.0,0.0,0.0,0.0,0.0,66.0,0.0,0.0,0.0,0.0,0.0,0.0,0.0,0.0,0.0,0.0,0.0,0.0,0.0,104480.289062,107530.875,113711.5625,110647.890625,120408.046875,117006.328125,123918.460938,131051.875,127352.96875,134622.5625,138357.125,142268.328125,146724.4375,150637.640625,155058.75,159186.828125,163970.75,168649.9375,173182.875,178334.6875,183146.140625,ADM1,9,9,LBR,LBR-ADM1-1627179B95932443,LR-MY,Maryland,ADM1
10,0.0,0.0,0.0,0.0,0.0,0.0,0.0,0.0,0.0,0.0,0.0,10771970.6251,24078816.7262,4698532.66232,20781363.8995,7147538.62922,1957227.81461,12326625.2296,24293479.8698,2358275.79366,0.0,1256.25999719,6.0,39.3399999738,0.0,57.0,77.0,1879.99999523,0.0,0.0,0.0,0.0,0.0,0.939999997616,1610.37999628,0.0,0.0,0.0,0.0,0.0,0.0,0.0,0.0,0.0,0.0,0.0,0.0,0.0,3.40282327624e+36,747567.75,796748.875,772608.875,858885.25,833090.9375,890953.3125,949813.1875,917544.0625,989984.875,1019618.25,1057476.375,1100892.5,1145189.125,1185387.875,1228311.75,1275159.5,1317654.875,1354940.25,1408649.75,1444616.5,ADM1,10,10,LBR,LBR-ADM1-1627179B75705921,LR-MO,Montserrado,ADM1
11,104862.092217,104414.219403,54245.1141167,65819.8884138,25844.8260405,8549.27871076,71925.2714393,90101.7601168,0.0,13484.2949355,715.524054512,4997100.28595,56690782.5844,107684.157694,6562574.02158,1888348.29839,2073376.16623,14740670.3593,2708952.0508,4019430.63393,44.5800000429,407.689999759,0.0,1.0,0.0,216.0,0.0,0.0,0.0,0.0,0.0,0.0,7.0,1.0,25.0,0.0,0.0,0.0,0.0,0.0,0.0,0.0,0.0,0.0,0.0,0.0,0.0,0.0,402855.15625,409407.5,422306.1875,415797.53125,436802.71875,429326.84375,444242.34375,458803.375,451565.15625,466083.46875,473289.5,480759.46875,488560.09375,497301.34375,505658.21875,513133.40625,521621.84375,530097.875,538656.375,547774.4375,555950.9375,ADM1,11,11,LBR,LBR-ADM1-1627179B36936469,LR-NI,Nimba,ADM1
12,66636.5438361,64424.1524973,3367.36735454,164601.080496,1882.92027059,7445.3481216,0.0,65471.5829509,0.0,0.0,0.0,525016.62087,26241711.3772,89417.9025967,400138.808207,1055880.33846,920119.321618,1135242.91457,547233.681793,1845798.40482,0.0,7.0,2.0,0.0,0.0,39.0,37.0,0.0,0.0,0.0,0.0,0.0,0.0,0.0,370.0,0.0,0.0,0.0,0.0,0.0,0.0,0.0,0.0,0.0,0.0,0.0,0.0,0.0,56715.890625,57945.71875,60457.03125,59162.0234375,63228.0585938,61839.546875,64626.1171875,67491.953125,66030.296875,68934.7734375,70446.1484375,71962.2109375,73559.5390625,75175.859375,76844.1015625,78525.1796875,80269.109375,82032.8515625,83876.578125,85689.2890625,87556.0078125,ADM1,12,12,LBR,LBR-ADM1-1627179B98319400,LR-RI,River Gee,ADM1
13,0.0,0.0,0.0,0.0,0.0,0.0,0.0,0.0,0.0,0.0,0.0,547006.242863,26870234.3498,0.0,1646665.85179,1134895.44701,970625.598058,1311050.97375,589748.596781,1929832.07143,0.0,0.40000000596,0.0,0.0,127.0,197.200000018,1201.0,0.0,0.0,0.0,0.0,0.0,0.0,0.0,0.0,0.0,0.0,0.0,0.0,0.0,0.0,0.0,0.0,0.0,0.0,0.0,0.0,0.0,5.10423519958e+37,58567.1054688,61645.203125,60095.3398438,65193.1289062,63451.7890625,66939.09375,70554.390625,68700.96875,72440.2109375,74385.734375,76377.40625,78449.234375,80399.59375,82574.53125,84676.359375,87008.8359375,89339.359375,91582.1796875,94131.296875,96598.125,ADM1,13,13,LBR,LBR-ADM1-1627179B94227781,LR-RG,Rivercess,ADM1
14,0.0,0.0,0.0,0.0,0.0,0.0,0.0,0.0,0.0,0.0,0.0,900955.379389,48915255.7868,0.0,511435.606676,1677826.6186,1690655.27905,2219057.81982,1027236.02227,3361420.496,0.0,298.0,13.0,0.0,42.0,602.0,61.0,0.0,0.0,0.0,0.0,0.0,0.0,0.0,7.0,0.0,0.0,0.0,0.0,0.0,0.0,0.0,0.0,0.0,0.0,0.0,0.0,0.0,6.80564655248e+36,87865.734375,91396.515625,89554.03125,95182.3203125,93321.703125,97113.890625,100718.875,98984.8671875,102703.671875,104527.3125,106739.9375,109051.9375,111072.039062,113396.515625,115542.40625,117838.234375,120140.21875,122438.9375,124953.554688,127304.023438,ADM1,14,14,LBR,LBR-ADM1-1627179B41556320,LR-SI,Sinoe,ADM1
