asdf_id,worldbank_geocodedresearchrelease_level1_v1_4_2.bf1de3f.sum,worldbank_geocodedresearchrelease_level1_v1_4_2.a4b4c97.sum,worldbank_geocodedresearchrelease_level1_v1_4_2.f99c939.sum,worldbank_geocodedresearchrelease_level1_v1_4_2.485401a.sum,worldbank_geocodedresearchrelease_level1_v1_4_2.a127a6e.sum,worldbank_geocodedresearchrelease_level1_v1_4_2.c2de8df.sum,worldbank_geocodedresearchrelease_level1_v1_4_2.887790a.sum,worldbank_geocodedresearchrelease_level1_v1_4_2.653b730.sum,worldbank_geocodedresearchrelease_level1_v1_4_2.034e602.sum,worldbank_geocodedresearchrelease_level1_v1_4_2.6142400.sum,worldbank_geocodedresearchrelease_level1_v1_4_2.381e47f.sum,worldbank_geocodedresearchrelease_level1_v1_4_2.be4c261.sum,worldbank_geocodedresearchrelease_level1_v1_4_2.98af255.sum,worldbank_geocodedresearchrelease_level1_v1_4_2.993244c.sum,worldbank_geocodedresearchrelease_level1_v1_4_2.0cf8a0f.sum,worldbank_geocodedresearchrelease_level1_v1_4_2.c3898aa.sum,worldbank_geocodedresearchrelease_level1_v1_4_2.e9437ae.sum,worldbank_geocodedresearchrelease_level1_v1_4_2.56d6ad1.sum,worldbank_geocodedresearchrelease_level1_v1_4_2.a8d2793.sum,worldbank_geocodedresearchrelease_level1_v1_4_2.d56e944.sum,ucdp_deaths_171.1989.sum,ucdp_deaths_171.1990.sum,ucdp_deaths_171.1991.sum,ucdp_deaths_171.1992.sum,ucdp_deaths_171.1993.sum,ucdp_deaths_171.1994.sum,ucdp_deaths_171.1995.sum,ucdp_deaths_171.1996.sum,ucdp_deaths_171.1997.sum,ucdp_deaths_171.1998.sum,ucdp_deaths_171.1999.sum,ucdp_deaths_171.2000.sum,ucdp_deaths_171.2001.sum,ucdp_deaths_171.2002.sum,ucdp_deaths_171.2003.sum,ucdp_deaths_171.2004.sum,ucdp_deaths_171.2005.sum,ucdp_deaths_171.2006.sum,ucdp_deaths_171.2007.sum,ucdp_deaths_171.2008.sum,ucdp_deaths_171.2009.sum,ucdp_deaths_171.2010.sum,ucdp_deaths_171.2011.sum,ucdp_deaths_171.2012.sum,ucdp_deaths_171.2013.sum,ucdp_deaths_171.2014.sum,ucdp_deaths_171.2015.sum,ucdp_deaths_171.2016.sum,worldpop_pop_count_1km_mosaic.2000.sum,worldpop_pop_count_1km_mosaic.2001.sum,worldpop_pop_count_1km_mosaic.2003.sum,worldpop_pop_count_1km_mosaic.2002.sum,worldpop_pop_count_1km_mosaic.2005.sum,worldpop_pop_count_1km_mosaic.2004.sum,worldpop_pop_count_1km_mosaic.2006.sum,worldpop_pop_count_1km_mosaic.2008.sum,worldpop_pop_count_1km_mosaic.2007.sum,worldpop_pop_count_1km_mosaic.2009.sum,worldpop_pop_count_1km_mosaic.2010.sum,worldpop_pop_count_1km_mosaic.2011.sum,worldpop_pop_count_1km_mosaic.2012.sum,worldpop_pop_count_1km_mosaic.2013.sum,worldpop_pop_count_1km_mosaic.2014.sum,worldpop_pop_count_1km_mosaic.2015.sum,worldpop_pop_count_1km_mosaic.2016.sum,worldpop_pop_count_1km_mosaic.2017.sum,worldpop_pop_count_1km_mosaic.2018.sum,worldpop_pop_count_1km_mosaic.2019.sum,worldpop_pop_count_1km_mosaic.2020.sum,Level,gqid,shapeGroup,shapeID,shapeISO,shapeName,shapeType
0,4320.57412216,35313.6713787,0.0,64049.0397331,0.0,77506.0601923,146471.097197,98713.6135496,31263.5425715,348328.037702,0.0,87729.7167899,219525.273434,114075.030428,467290.805375,79083.1345172,250166.414113,303578.968684,202983.861226,443454.817975,0.0,84.0,50.0,0.0,30.0,8.0,46.0,0.0,0.0,0.0,0.0,11.0,8.0,6.0,0.0,26.0,36.0,62.0,15.0,134.0,171.0,149.0,80.0,121.0,122.0,87.0,99.0,320.0,293334.765625,302539.390625,318811.515625,310549.476562,335664.546875,327093.109375,344486.164062,362793.96875,353924.007812,372577.21875,383043.65625,392240.0625,403104.546875,413291.164062,424511.765625,435968.179688,447646.765625,458842.328125,471504.328125,483326.078125,495945.664062,ADM1,0,SOM,SOM-ADM1-83879307B69447496,SO-HI,Hiiraan,ADM1
1,0.0,0.0,0.0,0.0,0.0,0.0,0.0,0.0,0.0,0.0,0.0,0.0,0.0,0.0,0.0,0.0,0.0,0.0,0.0,0.0,35.0,NA,NA,NA,NA,NA,NA,NA,NA,NA,NA,NA,NA,NA,6.0,NA,NA,NA,1.0,NA,NA,NA,NA,2.0,NA,1.0,NA,NA,236849.07666,243307.501282,256104.923889,249457.757751,269700.341187,262733.240112,276934.252197,291521.933777,283941.365417,298957.846191,306900.968018,315027.434814,323268.128296,331658.737793,340509.271118,349118.580322,358528.32605,367985.735596,377652.83374,387486.194458,397870.825806,ADM1,1,SOM,SOM-ADM1-83879307B31421433,SO-SA,Sanaag,ADM1
2,0.0,0.0,0.0,0.0,0.0,0.0,0.0,0.0,0.0,0.0,0.0,0.0,0.0,0.0,0.0,0.0,0.0,0.0,0.0,0.0,0.0,1443.8899999856949,7400.0,154.0,30.0,266.00999987125397,112.4599997997284,512.0,39.0,5.0,106.0,0.0,163.0,132.0,72.0,132.0,0.0,539.0,1443.0,993.0,1303.3399999141693,1908.2499996423721,1012.0,390.8899999856949,272.4499999284744,280.6899996995926,231.78999984264374,380.3499997854233,3.40282327624e+36,747793.375,789509.875,768974.25,829129.75,807929.5,854263.5,901246.875,876910.8125,918240.125,939450.3125,968291.875,992599.25,1020092.5,1047760.75,1071350.625,1102961.0,1132635.0,1159380.5,1190024.0,1222987.125,ADM1,2,SOM,SOM-ADM1-83879307B50077152,SO-BN,Banadir,ADM1
3,396.400136844,3239.92686416,0.0,5876.31351693,0.0,7110.95609005,13438.2980898,9056.68756353,2868.3393001,31958.0865662,0.0,8048.9469125,20140.8067469,10466.0529813,42872.5752549,7255.64808248,22952.0424796,27852.4893514,18623.1801821,40685.692586,46.0,122.0,NA,500.0,NA,NA,64.0,4.0,NA,NA,NA,NA,NA,NA,NA,0.5400000214576721,NA,NA,NA,NA,NA,NA,NA,137.0,NA,NA,NA,0.7799999713897705,356745.829834,365715.560303,385062.594727,375385.405029,405648.879883,395189.365234,416229.290771,438454.447266,426935.328613,449675.788086,461759.443848,473818.612061,486239.693359,499045.934082,512146.463379,525501.34375,539493.348633,553550.195312,568118.8125,582891.515625,597804.922852,ADM1,3,SOM,SOM-ADM1-83879307B93989975,SO-TO,Togdheer,ADM1
4,1444.72076114,11808.2441709,0.0,21416.8244352,0.0,25916.6053186,48977.2490981,33008.0222836,10453.955364,116474.508601,0.0,29335.2086162,73405.226055,38144.5984092,156253.47672,26443.9500544,83651.061639,101511.240474,67874.0811286,148283.159608,0.0,0.0,0.0,0.0,0.0,0.0,0.0,46.0,34.0,0.0,0.0,0.0,0.0,6.0,0.0,0.0,0.0,0.0,0.0,4.0,60.0,49.0,0.0,176.0,104.0,203.0,104.0,46.0,272384.40625,279374.75,294247.1875,286747.71875,309859.9375,301967.28125,317993.96875,334855.875,326251.75,343639.3125,352638.25,361895.09375,371266.03125,380998.59375,391001.09375,401191.3125,411797.46875,422544.03125,433613.71875,445009.0,456626.375,ADM1,4,SOM,SOM-ADM1-83879307B40839705,SO-BK,Bakool,ADM1
5,42934.6593383,49086.7289647,53050.0660439,306886.874782,0.0,171340.055645,90633.0598717,43531.7115521,346841.68961,176406.860789,0.0,108801.663775,149219.583997,49237.9763182,207209.007959,115740.501147,146623.355164,210458.136731,130759.520138,224418.151491,NA,NA,NA,60.0,NA,NA,NA,185.94000101089478,NA,NA,68.0,NA,38.0,80.0,18.0,59.0,79.0,NA,4.0,40.0,60.0,64.0,547.0,511.0,102.0,59.56000008061528,268.20999999530613,300.18999999575317,292666.470703,300691.90918,317401.320312,309125.152344,334888.164062,326090.597656,343999.632812,362902.535156,353348.722656,373057.769531,383368.683594,393903.078125,404882.425781,415947.144531,427524.140625,439231.527344,450101.806641,462890.650391,475800.966797,489300.867188,503411.417969,ADM1,5,SOM,SOM-ADM1-83879307B19035659,SO-GE,Gedo,ADM1
6,0.0,0.0,0.0,0.0,0.0,0.0,0.0,0.0,0.0,0.0,0.0,0.0,0.0,0.0,0.0,0.0,0.0,0.0,0.0,0.0,0.0,0.0,0.0,0.0,0.0,0.0,15.0,40.0,0.0,0.0,58.0,79.0,33.0,52.0,59.0,0.0,0.0,26.0,0.0,20.0,7.0,36.0,1.0,42.0,49.0,41.0,6.0,49.0,456446.53125,469019.6875,492901.71875,480718.75,519691.9375,505369.4375,532988.8125,561697.0,546980.3125,575059.25,591085.4375,606618.8125,623634.9375,640085.75,656119.9375,673365.1875,691846.625,708867.0,727846.875,746928.8125,767435.4375,ADM1,6,SOM,SOM-ADM1-83879307B46842865,SO-SD,Middle Shebelle,ADM1
7,780.227308086,6377.09016889,0.0,11566.2429213,0.0,13996.3678424,26450.3620694,160721.932578,5645.70100457,62902.5308912,0.0,15842.598422,39642.7901259,20600.1451183,84385.3240014,14281.1625064,45176.095199,54821.5572354,36655.6728693,80080.9219107,634.1599997282028,845.0,300.0,2000.0,NA,320.0,58.0,40.0,NA,NA,NA,NA,NA,NA,NA,NA,NA,NA,NA,21.0,NA,NA,NA,NA,NA,NA,3.0,NA,7.8264940741e+37,635802.900391,670209.650391,652734.416016,706085.451172,688416.712891,725045.144531,764139.964844,743932.394531,782792.050781,804610.019531,825929.230469,846451.847656,869151.189453,892073.1875,915347.310547,940294.464844,964277.664062,989071.175781,1015206.20508,1041830.04102,ADM1,7,SOM,SOM-ADM1-83879307B59709173,SO-WO,Woqooyi Galbeed,ADM1
8,193.124025642,1578.47503226,0.0,2862.9085029,0.0,3464.41975829,6547.0669247,4412.36972109,1397.43955931,15569.8087761,0.0,3921.40386806,9812.49327912,5099.00501151,20887.2892647,3534.9129228,11182.112286,13569.5837809,9073.11373719,19821.8517299,38.0,NA,NA,NA,NA,NA,NA,NA,NA,NA,NA,NA,NA,4.0,NA,31.0,NA,NA,12.0,NA,NA,NA,NA,21.0,1.0,8.099999785423279,NA,NA,129430.073242,132950.750244,140080.64624,136416.897827,147360.592896,143614.192749,151263.432861,159285.741943,155283.735107,163514.73877,167733.775635,172089.696533,176726.655273,181227.341431,185921.669189,190899.143311,195818.569702,201091.192627,206393.813232,211723.373657,217441.36792,ADM1,8,SOM,SOM-ADM1-83879307B73310636,SO-SO,Sool,ADM1
9,43.0682966431,352.013327741,0.0,638.452891893,0.0,772.595006501,1460.05148514,983.995892875,311.640880937,3472.19948847,0.0,874.506341123,2188.26927385,1137.12138969,4658.04276363,788.315580418,2493.70593549,3026.13233987,2023.38136134,4420.44115165,0.0,0.0,0.0,24.0,0.0,0.0,0.0,0.0,0.0,0.0,0.0,0.0,11.0,9.0,0.0,0.0,2.0,0.0,0.0,0.0,0.0,0.0,0.0,1.0,0.0,1.0,6.0,6.61999985575676,3.40282327624e+36,112647.990234,118587.644531,115591.900391,124932.505859,121824.320312,128288.380859,135037.289062,131584.03125,138537.365234,142213.589844,146002.689453,149677.4375,153724.703125,157793.0,161906.691406,166172.441406,170433.121094,174870.546875,179535.8125,184256.902344,ADM1,9,SOM,SOM-ADM1-83879307B2056474,SO-NU,Nugaal,ADM1
10,1978.79891264,16173.4650418,0.0,29334.1038936,0.0,35497.3444026,67082.9476991,45210.2858629,14318.528579,159532.303522,0.0,40179.7222502,100541.354016,52245.7293378,214016.589327,36219.6356702,114574.82599,139037.47885,92965.4792444,203099.839698,NA,103.0,200.0,NA,239.0,NA,NA,NA,NA,13.0,NA,NA,NA,65.0,71.0,NA,77.0,25.0,NA,10.0,11.0,88.0,77.0,9.0,4.0,6.0,24.0,146.41999995708466,2.04169393405e+37,324294.777344,342254.782715,335565.023926,361846.142578,350584.146484,370109.726562,389142.900879,381336.457031,399914.472168,413947.783203,426174.958984,432880.379395,445295.72998,459157.09668,472415.441406,485960.109375,499013.275391,512323.939453,525809.386719,536971.212891,ADM1,10,SOM,SOM-ADM1-83879307B39133913,SO-MU,Mudug,ADM1
11,0.0,0.0,0.0,0.0,0.0,0.0,0.0,0.0,0.0,0.0,0.0,0.0,0.0,0.0,0.0,0.0,0.0,0.0,0.0,0.0,0.0,0.0,0.0,0.0,0.0,0.0,0.0,0.0,0.0,0.0,0.0,0.0,44.0,0.0,0.0,0.0,0.0,46.0,6.0,0.0,0.0,0.0,13.0,14.0,4.0,2.0,0.0,48.0,208569.359375,214255.125,225576.140625,219736.734375,237539.71875,231530.984375,243814.6875,256702.8125,250172.25,263328.40625,270302.5625,277421.5625,284676.78125,292026.8125,299668.71875,307491.90625,315415.28125,323687.3125,332259.53125,340936.25,349995.03125,ADM1,11,SOM,SOM-ADM1-83879307B51735784,SO-JD,Middle Juba,ADM1
12,0.0,0.0,0.0,0.0,0.0,0.0,0.0,0.0,0.0,0.0,0.0,0.0,0.0,0.0,0.0,0.0,0.0,0.0,0.0,0.0,NA,NA,265.0,NA,NA,NA,26.0,34.749999821186066,9.0,NA,52.0,44.0,41.0,33.0,5.0,NA,NA,NA,16.0,140.19999980926514,28.59999990463257,3.0,2.0,197.39999985694885,101.299999833107,163.09999960660934,112.99999967217445,194.6199999153614,754963.140625,773366.703125,815841.328125,795027.929688,858692.84375,837148.09375,882856.429688,930695.992188,903079.28125,953678.007812,980097.351562,1005670.4375,1029024.89062,1054485.39062,1084255.375,1109479.44531,1141171.25,1171374.78125,1201037.25781,1234237.75,1266490.125,ADM1,12,SOM,SOM-ADM1-83879307B22345893,SO-SH,Lower Shebelle,ADM1
13,111736.280575,40604.9785093,63647.1423334,2715.94306607,0.0,165429.899338,32887.7564014,1108.75793998,134441.577974,47404.1169393,0.0,186306.67648,111695.106366,0.0,35465.635804,97907.307275,46364.0098679,95348.3238427,51897.5710193,39604.7165972,97.0,NA,NA,1390.0,184.0,31.0,1.0,10.0,188.0,240.0,131.0,41.0,71.0,10.0,7.0,43.0,NA,21.0,92.0,73.0,119.0,31.0,274.3000000715256,1003.3000000715256,115.0,170.5600004196167,95.0,217.0,inf,345493.029297,363548.273438,354260.984375,383482.71875,374225.082031,394549.0625,415879.070312,404299.925781,425555.597656,438087.257812,449737.6875,461488.300781,473644.894531,488050.8125,498759.414062,511833.210938,524999.535156,538635.054688,553270.210938,568633.421875,ADM1,13,SOM,SOM-ADM1-83879307B60007864,SO-JH,Lower Juba,ADM1
14,9691.98739674,79216.2449381,0.0,143675.92554,0.0,173862.94907,328566.525625,221436.10348,70130.9251995,781375.54313,0.0,196796.834264,492442.930784,255895.102348,1048234.9031,177400.669764,561177.673178,680993.649271,455336.945767,994765.599503,120.0,NA,240.0,NA,NA,NA,31.0,9.0,NA,NA,NA,NA,NA,37.0,104.0,324.0,26.0,90.0,8.0,143.0,393.0,256.0,76.0,163.0,11.0,53.0,36.0,89.0,299684.820312,309947.832031,327474.373047,318016.140625,343432.113281,338051.326172,353240.226562,372750.923828,361397.84375,381408.226562,397067.080078,401808.378906,413186.253906,424483.03125,434126.128906,445595.398438,458766.339844,469877.707031,483440.4375,495257.8125,507061.820312,ADM1,14,SOM,SOM-ADM1-83879307B62362622,SO-GA,Galgaduud,ADM1
15,0.0,0.0,0.0,0.0,0.0,0.0,0.0,0.0,0.0,0.0,0.0,0.0,0.0,0.0,0.0,0.0,0.0,0.0,0.0,0.0,NA,NA,NA,NA,NA,NA,83.0,55.0,7.0,72.0,127.0,10.0,32.0,143.0,84.0,52.0,89.0,365.0,15.0,148.0,53.0,26.0,2.0,120.0,124.0,132.0,192.0,153.0,545359.388622,559673.601883,589392.075348,574333.201374,620689.443924,604838.907761,636933.917454,670808.146957,653673.790234,688363.965771,706385.115894,724953.779709,743963.284184,763528.630882,783513.923508,804030.200958,825094.824631,846737.386429,868868.199692,891623.853989,915023.684067,ADM1,15,SOM,SOM-ADM1-83879307B63494499,SO-BY,Bay,ADM1
16,0.0,0.0,0.0,0.0,0.0,0.0,0.0,0.0,0.0,0.0,0.0,0.0,0.0,0.0,0.0,0.0,0.0,0.0,0.0,0.0,NA,101.68000030517578,NA,600.9800000190735,NA,NA,5.0,NA,NA,NA,NA,NA,41.160000801086426,61.0,NA,NA,NA,NA,11.84000015258789,31.360000610351562,1.0,109.0,32.860000133514404,76.98000001907349,15.740000247955322,7.920000076293945,27.820000171661377,31.820000171661377,inf,346084.823608,364156.781494,354759.290527,383685.247559,373820.500977,394417.164062,414903.716797,403996.109619,425240.546143,436712.333252,448604.958008,459995.205078,472126.086426,484881.732422,496791.052979,510451.922852,523561.005127,537402.958008,551477.410156,566491.046875,ADM1,16,SOM,SOM-ADM1-83879307B27579649,SO-BR,Bari,ADM1
17,801.3514631,6549.74580382,21954.3654388,16388.2053228,84733.6819578,171658.278341,58644.6595325,57730.8603645,58807.9270128,104916.871357,78201.7072525,16271.5266349,46093.1426592,25682.4949732,104922.240996,18946.6406411,51295.1913874,100697.14377,88485.0166426,99884.675479,24.840000081807375,1.7999999597668648,0.0,0.0,0.0,0.0,1.5099999886006117,0.0,0.0,0.0,0.0,0.0,0.0,0.0,0.0,0.0,0.0,0.0,0.0,0.0,0.0,0.0,0.0,0.0,0.0,0.0,0.0,0.0,2.04169402913e+37,272916.21875,287083.9375,279675.5625,302504.625,294481.71875,310530.28125,326637.84375,318434.21875,335573.53125,344035.0625,352596.40625,363316.1875,372855.53125,383259.21875,393251.125,403512.53125,414111.125,425281.46875,436151.75,447500.96875,ADM1,17,SOM,SOM-ADM1-83879307B91949878,SO-AW,Awdal,ADM1
