asdf_id,worldbank_geocodedresearchrelease_level1_v1_4_2.bf1de3f.sum,worldbank_geocodedresearchrelease_level1_v1_4_2.a4b4c97.sum,worldbank_geocodedresearchrelease_level1_v1_4_2.f99c939.sum,worldbank_geocodedresearchrelease_level1_v1_4_2.485401a.sum,worldbank_geocodedresearchrelease_level1_v1_4_2.a127a6e.sum,worldbank_geocodedresearchrelease_level1_v1_4_2.c2de8df.sum,worldbank_geocodedresearchrelease_level1_v1_4_2.887790a.sum,worldbank_geocodedresearchrelease_level1_v1_4_2.653b730.sum,worldbank_geocodedresearchrelease_level1_v1_4_2.034e602.sum,worldbank_geocodedresearchrelease_level1_v1_4_2.6142400.sum,worldbank_geocodedresearchrelease_level1_v1_4_2.381e47f.sum,worldbank_geocodedresearchrelease_level1_v1_4_2.be4c261.sum,worldbank_geocodedresearchrelease_level1_v1_4_2.98af255.sum,worldbank_geocodedresearchrelease_level1_v1_4_2.993244c.sum,worldbank_geocodedresearchrelease_level1_v1_4_2.0cf8a0f.sum,worldbank_geocodedresearchrelease_level1_v1_4_2.c3898aa.sum,worldbank_geocodedresearchrelease_level1_v1_4_2.e9437ae.sum,worldbank_geocodedresearchrelease_level1_v1_4_2.56d6ad1.sum,worldbank_geocodedresearchrelease_level1_v1_4_2.a8d2793.sum,worldbank_geocodedresearchrelease_level1_v1_4_2.d56e944.sum,ucdp_deaths_171.1989.sum,ucdp_deaths_171.1990.sum,ucdp_deaths_171.1991.sum,ucdp_deaths_171.1992.sum,ucdp_deaths_171.1993.sum,ucdp_deaths_171.1994.sum,ucdp_deaths_171.1995.sum,ucdp_deaths_171.1996.sum,ucdp_deaths_171.1997.sum,ucdp_deaths_171.1998.sum,ucdp_deaths_171.1999.sum,ucdp_deaths_171.2000.sum,ucdp_deaths_171.2001.sum,ucdp_deaths_171.2002.sum,ucdp_deaths_171.2003.sum,ucdp_deaths_171.2004.sum,ucdp_deaths_171.2005.sum,ucdp_deaths_171.2006.sum,ucdp_deaths_171.2007.sum,ucdp_deaths_171.2008.sum,ucdp_deaths_171.2009.sum,ucdp_deaths_171.2010.sum,ucdp_deaths_171.2011.sum,ucdp_deaths_171.2012.sum,ucdp_deaths_171.2013.sum,ucdp_deaths_171.2014.sum,ucdp_deaths_171.2015.sum,ucdp_deaths_171.2016.sum,worldpop_pop_count_1km_mosaic.2000.sum,worldpop_pop_count_1km_mosaic.2001.sum,worldpop_pop_count_1km_mosaic.2003.sum,worldpop_pop_count_1km_mosaic.2002.sum,worldpop_pop_count_1km_mosaic.2005.sum,worldpop_pop_count_1km_mosaic.2004.sum,worldpop_pop_count_1km_mosaic.2006.sum,worldpop_pop_count_1km_mosaic.2008.sum,worldpop_pop_count_1km_mosaic.2007.sum,worldpop_pop_count_1km_mosaic.2009.sum,worldpop_pop_count_1km_mosaic.2010.sum,worldpop_pop_count_1km_mosaic.2011.sum,worldpop_pop_count_1km_mosaic.2012.sum,worldpop_pop_count_1km_mosaic.2013.sum,worldpop_pop_count_1km_mosaic.2014.sum,worldpop_pop_count_1km_mosaic.2015.sum,worldpop_pop_count_1km_mosaic.2016.sum,worldpop_pop_count_1km_mosaic.2017.sum,worldpop_pop_count_1km_mosaic.2018.sum,worldpop_pop_count_1km_mosaic.2019.sum,worldpop_pop_count_1km_mosaic.2020.sum,Level,gqid,id,shapeGroup,shapeID,shapeISO,shapeName,shapeType
0,122765.87596,453682.525819,422468.79944,1284.18855057,0.0,1136262.23165,218298.111333,7359.57057301,98684.4230267,213145.768867,0.0,477129.338874,433747.348475,0.0,5279261.47726,979320.323605,890170.51318,3037022.7466,424980.718784,774520.769992,0.0,0.0,0.0,0.0,0.0,0.0,0.0,0.0,5.0,0.0,0.0,0.0,0.0,0.0,0.0,0.0,0.0,0.0,0.0,0.0,0.0,0.0,0.0,0.0,0.0,0.0,0.0,0.0,527181.5,548323.75,589833.5,568892.375,633554.875,611544.75,657036.6875,705730.1875,681189.5,731508.0,758526.125,786345.875,814739.875,844478.25,875439.75,907417.1875,940405.25,974605.5,1010000.125,1046838.625,1085176.75,ADM1,0,0,KEN,KEN-ADM1-53391780B54238061,KE-02,Bomet,ADM1
1,68065.2119699,3905879.8994,294587.967874,106587.306848,0.0,2282712.58633,121031.248337,4080.37434787,55800.4213675,4383231.08875,0.0,264808.807002,240482.9924,0.0,8555874.20219,494079.279831,170625.625042,3998820.7046,190500.808216,145750.541061,0.0,0.0,0.0,14.0,0.0,0.0,4.0,0.0,1.0,0.0,0.0,0.0,4.0,0.0,0.0,0.0,0.0,0.0,0.0,0.0,0.0,0.0,0.0,0.0,0.0,0.0,0.0,0.0,941842.625,962080.0625,1004205.25,983115.0625,1047918.6875,1025794.0,1070836.75,1118237.875,1094176.5,1142588.0,1167029.625,1192264.375,1218306.25,1244547.875,1271166.5,1298929.5,1326028.875,1354785.5,1384197.25,1414327.5,1444905.5,ADM1,1,1,KEN,KEN-ADM1-53391780B35118524,KE-16,Kisii,ADM1
2,920504.562608,6196156.2654,8715283.63497,9936.65286384,29344.0927437,9094152.12955,1670715.38844,55677.0202268,2896585.59908,2569286.31816,25375.3907134,7647126.19616,3364654.69024,26975.8262235,438244.761678,5289159.74837,2580594.81046,4767697.7206,3213641.35988,2155646.83686,0.0,0.0,0.0,3.0,46.0,0.0,0.0,0.0,51.0,0.0,0.0,0.0,0.0,0.0,0.0,0.0,1.0,0.0,0.0,5.0,0.0,0.0,1.0,0.0,0.0,0.0,0.0,0.0,621604.375,643155.5625,691363.75,667129.6875,742716.9375,716327.3125,769638.5625,826526.3125,797399.25,856279.5,887320.3125,919777.625,953406.3125,988375.25,1023797.375,1060821.125,1100354.0,1140353.25,1182035.375,1225240.875,1269963.75,ADM1,2,2,KEN,KEN-ADM1-53391780B37033485,KE-33,Narok,ADM1
3,248936.776995,4662439.11738,19784003.8927,3045381.75529,18464.0447543,4205072.03541,516636.010433,61243.0568461,285351.281463,2819187.40478,0.0,965902.55964,1010220.21884,56584.9251242,33670797.8468,1680125.85967,1102643.04856,71176847.4761,2272316.83224,666637.761665,0.0,0.0,0.0,0.0,0.0,0.0,0.0,0.0,0.0,0.0,0.0,0.0,0.0,0.0,0.0,0.0,0.0,0.0,0.0,0.0,0.0,0.0,0.0,0.0,0.0,0.0,0.0,0.0,inf,808644.5,843799.75,826044.375,881365.875,862448.3125,900024.0,939772.875,919532.5,960351.5,980815.5,1002194.375,1023967.625,1046523.75,1068663.875,1092251.5,1115624.625,1139955.75,1164735.875,1190087.25,1215808.5,ADM1,3,3,KEN,KEN-ADM1-53391780B86093859,KE-08,Homa Bay,ADM1
4,161592.248593,356122.228267,725655.505787,50486.3606847,26052.3436675,1432383.32072,347385.249557,33556.782168,2804818.23668,377668.928056,14397.4988343,704951.043162,601235.094225,44122.2439943,1202524.8771,10047718.8418,418782.923389,2737387.79113,460180.110778,374550.83567,0.0,0.0,0.0,0.0,0.0,0.0,0.0,0.0,0.0,0.0,0.0,0.0,0.0,0.0,0.0,0.0,0.0,0.0,0.0,0.0,0.0,0.0,0.0,0.0,0.0,0.0,0.0,0.0,inf,770384.5,804506.875,787312.4375,840266.1875,821814.0,858318.3125,895829.375,876388.3125,914181.3125,934254.625,955344.4375,976164.9375,997357.125,1019259.125,1041201.4375,1064659.125,1087734.125,1111224.875,1135319.25,1159779.625,ADM1,4,4,KEN,KEN-ADM1-53391780B77872464,KE-27,Migori,ADM1
5,410000.705261,4985974.99762,23571611.2692,7412.81321265,0.0,10382921.6675,688487.374257,23211.2471726,190344.096602,54956061.6882,0.0,1503985.46055,1444363.54945,0.0,36976671.3809,25107606.5214,25831380.2228,9319252.57136,31208761.8664,28018190.5033,0.0,0.0,0.0,15.0,31.0,0.0,12.0,1.0,0.0,27.0,0.0,0.0,0.0,0.0,0.0,0.0,0.0,7.0,2.0,96.0,0.0,0.0,0.0,0.0,0.0,0.0,0.0,0.0,inf,1199900.375,1288880.375,1243589.5,1385095.25,1336069.125,1436124.0,1542759.5,1488284.5,1599050.5,1657242.75,1717905.25,1780685.375,1845895.125,1914045.25,1984007.875,2058073.25,2133235.0,2211130.0,2291860.0,2375526.25,ADM1,5,5,KEN,KEN-ADM1-53391780B53450756,KE-31,Nakuru,ADM1
6,1124881.39897,15689718.345,4072475.58772,165735.49694,42590.84323,27219555.2648,2044039.85162,80168.997717,3154184.82927,14296953.1551,36830.5572511,7188378.38038,10572280.4962,39153.4744565,1768825.11932,9192068.11562,5388599.71039,61070305.7906,3262054.83078,3885268.89084,0.0,0.0,0.0,0.0,0.0,0.0,0.0,0.0,0.0,0.0,0.0,0.0,0.0,0.0,0.0,0.0,0.0,0.0,0.0,0.0,0.0,0.0,0.0,0.0,0.0,0.0,0.0,0.0,489087.531189,507468.955933,542331.28241,524666.854645,583325.868378,562794.151123,604539.584198,651254.544495,626909.53009,673770.206787,697868.567688,725883.524048,752211.831665,779728.633911,807162.264771,835989.3479,865857.108093,897610.058655,930396.324982,963638.74881,998915.818787,ADM1,6,6,KEN,KEN-ADM1-53391780B75712851,KE-10,Kajiado,ADM1
7,135513.795211,4238102.46969,459908.294928,14340.5746654,0.0,3740784.60154,237643.850392,8011.78112591,2769035.95439,7894249.8839,0.0,508670.506852,491590.299873,0.0,41440456.6843,7317469.35011,18579956.2208,1656282.92096,827093.11635,15218936.3589,0.0,0.0,0.0,11.0,0.0,0.0,0.0,0.0,0.0,0.0,0.0,0.0,0.0,0.0,0.0,0.0,0.0,0.0,0.0,4.0,0.0,0.0,0.0,0.0,0.0,0.0,0.0,0.0,553385.75,572526.4375,614181.875,592755.8125,659855.4375,636402.75,683628.0,733892.375,708706.0625,761019.125,788632.0625,816891.75,847138.4375,878445.8125,910671.25,943625.5,977718.375,1013407.6875,1050386.75,1088510.0,1128189.5,ADM1,7,7,KEN,KEN-ADM1-53391780B24607463,KE-12,Kericho,ADM1
8,137898.558295,4431599.79258,8445330.88868,3119745.62441,0.0,4968352.58339,245206.533135,8266.74484056,2810173.73327,25129990.5204,0.0,523797.996634,1662519.48921,0.0,35877812.0906,7538767.1461,44702240.0538,8095537.15772,1635555.45928,15058123.3758,0.0,0.0,0.0,0.0,0.0,0.0,0.0,0.0,0.0,0.0,0.0,0.0,0.0,0.0,0.0,0.0,1.0,0.0,6.0,52.0,0.0,0.0,0.0,0.0,2.0,0.0,0.0,3.0,inf,816174.875,852139.3125,833925.4375,889193.1875,870327.6875,908651.5,948865.125,928421.75,969241.125,990373.125,1012270.875,1034017.75,1056344.75,1078681.5,1102468.0,1126187.0,1150840.375,1175987.25,1201639.125,1227702.0,ADM1,8,8,KEN,KEN-ADM1-53391780B43406269,KE-17,Kisumu,ADM1
9,46417.5116757,474312.384942,196418.954159,44528.929697,0.0,851040.82522,82538.0428591,2782.637686,23419.328861,601171.044327,0.0,176506.634078,163998.93256,0.0,790792.224655,245716.899184,191994.750931,456027.572856,129913.258678,143100.705593,0.0,0.0,0.0,0.0,0.0,0.0,0.0,0.0,0.0,0.0,0.0,0.0,0.0,0.0,0.0,0.0,0.0,0.0,0.0,0.0,0.0,0.0,0.0,0.0,0.0,0.0,0.0,0.0,500788.40625,512062.25,534399.1875,523123.84375,558104.3125,546089.25,570312.3125,595015.0625,582643.25,608081.0,621587.875,634917.8125,648897.9375,662801.1875,677843.3125,692317.125,707862.25,723265.75,738894.5,754838.3125,771322.25,ADM1,9,9,KEN,KEN-ADM1-53391780B5671053,KE-34,Nyamira,ADM1
10,189790.381356,398007.392882,1437185.49098,1614233.28797,11819.4629465,1882268.11955,376431.036882,40744.963059,134437.585014,4742246.94604,0.0,715960.666221,33650279.899,36221.9348325,10634787.022,1097565.17286,1107248.62404,10323042.7467,106418772.285,749868.329007,0.0,0.0,0.0,0.0,0.0,0.0,0.0,0.0,0.0,0.0,0.0,0.0,0.0,0.0,0.0,0.0,0.0,0.0,0.0,0.0,0.0,0.0,0.0,0.0,0.0,0.0,0.0,2.0,inf,706632.25,737360.125,721781.5,769789.625,753547.3125,786605.0625,820990.6875,803559.0625,838799.1875,856843.75,875644.6875,894717.8125,914332.125,933681.5,953974.25,974774.875,995944.75,1017546.1875,1039647.625,1062170.125,ADM1,10,10,KEN,KEN-ADM1-53391780B84912811,KE-38,Siaya,ADM1
11,264368.235999,3566709.56874,380005.693413,2358204.7302,32309.0315146,2333462.60881,316036.731143,87342.0692325,209150.520978,2324012.86692,0.0,434132.896502,13883233.4856,154870.791993,5975612.06067,612392.208071,11079912.4578,30447138.9911,72768565.8299,576753.241215,0.0,0.0,0.0,0.0,0.0,0.0,0.0,0.0,0.0,0.0,0.0,0.0,0.0,0.0,0.0,0.0,0.0,0.0,0.0,0.0,0.0,0.0,0.0,0.0,0.0,0.0,0.0,0.0,inf,597682.0625,629080.5,613681.125,663120.8125,646294.5625,680523.1875,715958.875,697916.8125,734512.5,753674.4375,772826.875,792859.25,813330.8125,834035.5,856078.0,878310.75,901073.625,924500.625,948295.75,972932.375,ADM1,11,11,KEN,KEN-ADM1-53391780B40016287,KE-04,Busia,ADM1
12,29038.82082,63752.3688234,99930.0145343,39669.166647,0.0,14316640.0147,51635.8449838,1740.81966598,41607.9488343,76492.3118824,0.0,110301.923082,13891432.2294,0.0,1772691.2739,259756.247972,11062636.6956,14179099.8042,294948.113377,6412546.93393,0.0,0.0,0.0,0.0,0.0,0.0,0.0,0.0,0.0,0.0,0.0,0.0,0.0,0.0,0.0,0.0,0.0,0.0,0.0,0.0,0.0,0.0,0.0,0.0,0.0,0.0,0.0,0.0,437880.9375,449371.75,472991.40625,461374.6875,497933.65625,485535.0625,510634.375,537217.0625,523746.78125,550992.125,565452.5,579965.4375,594741.25,610015.75,626046.25,641997.625,659280.125,676229.6875,693731.25,711566.375,729919.5,ADM1,12,12,KEN,KEN-ADM1-53391780B41932250,KE-45,Vihiga,ADM1
13,312864.223786,5189649.44213,1420318.01872,302167.93089,0.0,7122141.30689,556324.537437,18755.5891792,3146591.6368,52316408.6809,0.0,1283031.47503,7809242.66111,0.0,7175373.24788,17868032.6568,42361869.484,65320480.6538,875643.897496,21086594.7173,0.0,0.0,0.0,0.0,0.0,0.0,0.0,0.0,0.0,0.0,0.0,0.0,0.0,0.0,0.0,0.0,0.0,0.0,7.0,0.0,0.0,0.0,0.0,0.0,0.0,0.0,0.0,0.0,inf,930970.4375,968751.625,949597.0,1008904.5,989089.8125,1028802.25,1070277.0,1049327.125,1092382.75,1114447.5,1137202.25,1160396.5,1184671.25,1209305.75,1235250.375,1261391.0,1287274.25,1313631.75,1340155.0,1368058.25,ADM1,13,13,KEN,KEN-ADM1-53391780B84619540,KE-22,Machakos,ADM1
14,423571.741313,16924913.9867,1457618.76931,1441069.5287,0.0,5787159.26739,753180.885324,25392.2851001,5579288.69261,16448508.6993,0.0,2948142.71945,9748239.52006,0.0,38991884.229,2430140.5929,1357300.30639,8950729.60617,1185491.92344,1074782.64297,0.0,0.0,0.0,0.0,0.0,0.0,0.0,0.0,0.0,0.0,0.0,0.0,0.0,0.0,0.0,0.0,0.0,0.0,0.0,2.0,0.0,0.0,0.0,0.0,0.0,0.0,0.0,0.0,743182.5,755742.3125,788813.6875,772544.3125,822126.5,805098.25,838923.4375,873835.375,855978.5,892001.5,910673.6875,929217.875,948815.8125,967403.4375,987735.6875,1009194.3125,1030391.4375,1051280.875,1072846.0,1094542.875,1117350.75,ADM1,14,14,KEN,KEN-ADM1-53391780B35028610,KE-23,Makueni,ADM1
15,36222.8626324,46888410.6946,15712772.1853,939452.893987,0.0,2777660.75866,64410.2641547,2171.48871228,3041379.01349,54732980.6151,0.0,139763.957362,6717564.82676,0.0,39789268.0894,17172629.7321,6842694.65671,171073098.298,101380.490968,22581241.593,0.0,7.0,0.0,1.0,0.0,6.0,0.0,2.0,10.0,0.0,0.0,1.0,0.0,0.0,0.0,0.0,0.0,0.0,61.0,18.0,10.629999995231628,0.0,1.0,15.0,71.0,7.0,0.0,0.0,2243315.0,2324526.0,2508595.25,2411593.75,2705026.25,2603499.5,2809657.5,3030208.5,2918889.0,3146469.25,3267815.25,3392811.0,3523835.0,3661624.0,3801976.5,3948735.5,4102197.5,4260854.5,4426127.5,4597660.0,4775235.0,ADM1,15,15,KEN,KEN-ADM1-53391780B76627942,KE-30,Nairobi,ADM1
16,2997684.29947,5366482.99286,1939946.90705,3367962.45909,0.0,5067831.32546,1002409.51866,33794.6285958,2812938.80455,7898275.50048,0.0,3498259.7524,2358806.2989,0.0,37191020.3865,3185878.46385,1764404.06256,8565013.46769,33323005.3915,3300199.83636,0.0,0.0,0.0,18.0,16.0,13.0,0.0,0.0,0.0,48.0,25.0,8.929999947547913,0.0,0.0,0.0,0.0,19.0,0.0,0.0,87.0,0.0,0.0,5.0,0.0,0.0,9.0,9.240000367164612,1.0,inf,409356.8125,439880.375,424473.78125,472560.9375,455887.3125,489941.71875,526501.375,507923.09375,545790.0,565991.75,586467.5,607864.0,630157.9375,653414.375,676990.3125,702125.625,727769.0,754351.6875,782060.875,810657.25,ADM1,16,16,KEN,KEN-ADM1-53391780B30060666,KE-01,Baringo,ADM1
17,160285.121166,4472344.72028,558609.362703,15684.917762,11993.8022991,1395854.47663,336909.106641,56973.2875093,2443453.10056,478474.375902,0.0,622040.058306,34148659.1731,36756.2153406,1189275.80775,1177952.38699,23966894.2123,14570298.7692,2371912.94207,14684922.3744,0.0,0.0,0.0,57.0,13.0,0.0,0.0,0.0,0.0,0.0,0.0,0.0,0.0,0.0,0.0,0.0,3.0,24.0,42.0,214.0,0.0,0.0,0.0,0.0,0.0,0.0,0.0,0.0,1089549.375,1117458.625,1176559.75,1146783.75,1238174.375,1206877.0,1270217.0,1336677.125,1302867.125,1371076.625,1406442.25,1443168.5,1480793.375,1519345.5,1559019.125,1599281.625,1640106.0,1682434.0,1725922.5,1770705.25,1816439.75,ADM1,17,17,KEN,KEN-ADM1-53391780B57915713,KE-03,Bungoma,ADM1
18,146086.135876,2576046.40173,502719.782318,5947.30243971,0.0,19676504.7322,259765.405529,8757.57386421,2883461.89997,3625196.9176,0.0,1860717.30714,1461460.86526,0.0,7231600.87186,4619840.28922,3942778.20508,3668878.49836,408865.647343,406775.986213,0.0,0.0,0.0,0.0,0.0,0.0,0.0,0.0,0.0,0.0,0.0,0.0,0.0,0.0,0.0,0.0,0.0,0.0,0.0,0.0,0.0,0.0,0.0,0.0,0.0,0.0,0.0,0.0,inf,439009.625,456711.28125,447759.15625,475545.125,466143.8125,485152.03125,505910.46875,495788.9375,516356.65625,526739.625,537307.8125,548199.3125,559035.125,570517.875,581577.3125,592583.25,604535.875,617034.375,629588.75,642384.125,ADM1,18,18,KEN,KEN-ADM1-53391780B91737714,KE-06,Embu,ADM1
19,7199391.64387,7595809.4838,7755049.85894,1333395.56637,0.0,21697080.1912,4007189.97414,135095.980602,9027022.05765,6030720.20219,0.0,15523045.1723,14360479.2827,0.0,4429590.06549,16336650.6069,9658054.72101,13728997.6823,7115715.71677,4825614.16899,NA,NA,NA,NA,NA,NA,NA,NA,NA,NA,NA,NA,NA,NA,NA,NA,NA,NA,NA,NA,NA,NA,2.0,26.0,22.0,NA,154.0,8.0,268194.329102,289951.638672,345379.492188,316646.513672,411522.988281,376041.621094,449450.250977,536184.433594,490675.544922,584964.314453,638964.537109,697315.445312,759847.505859,835340.837891,903365.347656,991875.210938,1089933.34766,1191609.73828,1301505.42578,1421328.24219,1552296.01953,ADM1,19,19,KEN,KEN-ADM1-53391780B91697275,KE-07,Garissa,ADM1
20,3808527.6041,2886726.84335,4524861.75394,1206482.27959,0.0,13110236.725,2338086.92202,78824.8492088,3024631.7545,4382754.94713,0.0,9696663.5888,4672127.7923,0.0,21376654.5885,6960517.2185,3296153.24929,7847211.90653,3731918.48208,2895764.32269,NA,NA,NA,NA,NA,NA,NA,53.0,NA,4.860000193119049,NA,NA,NA,NA,NA,NA,NA,NA,NA,11.0,6.0,1.0,24.200000047683716,2.0,NA,10.0,33.0,NA,119685.024841,124323.044342,129198.193848,126499.99469,135651.311584,132690.438599,138406.943359,144827.701904,141591.168762,148177.606689,151884.375732,155483.979126,160465.18396,162403.504272,169566.257935,171860.372559,173449.778564,177101.547607,181075.662842,184953.658691,189400.160645,ADM1,20,20,KEN,KEN-ADM1-53391780B22514248,KE-09,Isiolo,ADM1
21,155771.052568,4470837.39984,536048.059376,32700.1083393,0.0,4761876.64867,276986.795477,9338.16539527,480651.908656,6807905.54553,0.0,591685.411927,53488778.1454,0.0,16785086.0183,16979857.0195,47790104.1394,35144623.2441,3447024.1184,24111433.1303,0.0,0.0,0.0,8.880000114440918,0.0,0.0,0.0,0.0,0.0,0.0,0.0,0.0,0.0,0.0,0.0,0.0,0.0,0.0,0.0,4.0,0.0,0.0,0.0,0.0,0.0,0.0,0.0,0.0,1327301.25,1362338.375,1433167.75,1397127.625,1508087.125,1469986.5,1546782.625,1627756.625,1586763.625,1670393.75,1713511.875,1758128.125,1802848.875,1848951.625,1896535.875,1945906.375,1996684.0,2048287.25,2101249.5,2155582.5,2211199.0,ADM1,21,21,KEN,KEN-ADM1-53391780B70045135,KE-11,Kakamega,ADM1
22,132371.146951,6760068.95926,12789886.8516,19783.6256607,0.0,6662942.9411,235377.878002,7935.38750244,2921872.00368,4972262.12524,0.0,505347.97057,23133387.143,0.0,6373309.09809,5246196.77103,4545175.30497,153925139.317,470765.376643,752589.402715,0.0,0.0,0.0,0.0,0.0,0.0,0.0,0.0,0.0,0.0,0.0,0.0,0.0,0.0,0.0,0.0,0.0,0.0,0.0,0.0,0.3700000047683716,0.0,0.0,0.0,0.0,0.0,0.0,0.0,1399882.5,1428430.75,1476341.5,1453850.25,1527549.75,1503110.125,1553388.875,1606777.125,1579309.25,1634270.75,1661258.375,1690847.75,1719041.5,1746435.125,1775722.5,1806262.625,1836989.125,1868437.875,1899753.875,1932590.25,1965209.875,ADM1,22,22,KEN,KEN-ADM1-53391780B51074095,KE-13,Kiambu,ADM1
23,676677.516954,11787141.7225,17377884.4008,5878117.05188,0.0,9008941.76413,1187006.10669,40018.0063833,9048197.88552,22670402.4414,0.0,5324904.5077,15669923.0938,0.0,13108800.1546,172516748.232,14256453.4891,19133402.437,4864720.92364,31877425.7113,0.0,0.0,0.0,0.0,0.0,0.0,0.0,0.0,0.0,0.0,0.0,0.0,0.0,0.0,0.0,0.0,0.0,0.0,0.0,0.0,0.0,0.0,0.0,0.0,0.0,0.0,0.0,4.0,inf,880144.625,934412.125,906276.9375,988965.6875,959904.75,1018113.875,1080380.25,1049939.25,1111679.5,1145128.75,1178515.75,1212827.125,1250881.125,1286801.0,1322180.25,1361483.25,1402259.375,1444173.0,1487275.625,1531723.75,ADM1,23,23,KEN,KEN-ADM1-53391780B87570180,KE-14,Kilifi,ADM1
24,76332.4350235,2120139.04825,262679.445168,869.728949804,0.0,2040683.60981,135731.743604,4575.97795946,190941.700117,1513829.71215,0.0,357829.858496,7067212.36596,0.0,1510147.70048,3495953.0179,3030306.34285,1446324.87847,213639.099097,165144.833626,0.0,0.0,0.0,0.0,0.0,0.0,0.0,0.0,0.0,0.0,0.0,0.0,0.0,0.0,0.0,0.0,0.0,0.0,0.0,0.0,29.0,0.0,0.0,0.0,0.0,0.0,0.0,0.0,456970.03125,464950.40625,480376.875,472769.34375,496346.6875,488382.3125,504652.84375,520839.875,512466.71875,529164.4375,537987.4375,546827.9375,555970.5625,565443.9375,574738.875,584570.0,594705.0,604633.4375,614489.5625,624642.5625,634965.375,ADM1,24,24,KEN,KEN-ADM1-53391780B12707144,KE-15,Kirinyaga,ADM1
25,1600624.7338,5482036.05314,5427740.12197,1481950.28763,0.0,17824174.2253,2804622.30348,94553.3410575,6001331.34267,2793294.61321,0.0,10264392.2266,10433554.3299,0.0,4399897.20751,15419012.1729,10487103.3903,10742216.4964,4414420.43189,3541105.43399,0.0,0.0,0.0,0.0,0.0,0.0,0.0,0.0,0.0,0.0,0.0,0.0,0.0,0.0,0.0,0.0,0.0,0.0,0.0,0.0,0.0,0.0,0.0,0.0,0.0,0.0,0.0,0.0,inf,868048.414062,903091.3125,885252.953125,940594.703125,921881.359375,959675.0,998960.554688,979176.734375,1019064.90625,1039785.98438,1060896.53906,1082566.35938,1104215.28906,1128253.05469,1149668.875,1172675.65625,1196485.8125,1220859.69531,1245923.29688,1271161.16406,ADM1,25,25,KEN,KEN-ADM1-53391780B24657828,KE-18,Kitui,ADM1
26,496415.823287,11501810.9551,22118281.9488,3551294.41378,21980.5069283,7225688.97408,748614.802289,36374.5896878,3150870.88866,28662010.3514,131842.317238,4310457.98594,7935459.28041,20206.5315286,8774645.38175,15031732.3187,36995252.8917,18574061.2657,3825913.62489,120512068.825,0.0,0.0,0.0,0.0,0.0,0.0,0.0,0.0,0.0,0.0,0.0,0.0,0.0,0.0,0.0,0.0,0.0,0.0,0.0,0.0,0.0,0.0,0.0,0.0,0.0,0.0,0.0,3.0,inf,491219.25,520041.875,504740.4375,550595.75,535249.0625,567036.375,600578.875,583952.625,618663.0625,637624.0625,655765.8125,675669.8125,694070.3125,713762.0,735861.75,758430.5,780605.4375,803242.3125,827231.75,851115.25,ADM1,26,26,KEN,KEN-ADM1-53391780B79014491,KE-19,Kwale,ADM1
27,525664.078196,1084384.77845,1699742.12207,132592.587233,0.0,6939919.34225,878290.883242,29610.1679459,5775648.10974,994836.4479,0.0,3269344.61776,1773617.42161,0.0,367083.189344,2646822.8086,1279228.80889,4208324.73322,1697659.14819,13359886.4108,0.0,0.0,0.0,2.0,0.0,1.0,0.0,54.0,17.0,53.0,11.0,20.0,0.0,0.0,0.0,0.0,0.0,0.0,6.0,0.0,36.35000002384186,0.0,0.0,0.0,0.0,0.0,0.0,0.0,295032.09375,305666.125,327809.5625,316040.875,352494.71875,339896.59375,365109.84375,391663.53125,378099.125,406079.6875,420971.75,436932.375,452700.84375,468720.25,486067.71875,503344.6875,521055.96875,539938.75,559416.9375,579656.0625,600551.25,ADM1,27,27,KEN,KEN-ADM1-53391780B73780416,KE-20,Laikipia,ADM1
28,394386.61053,757361.704604,1187142.80811,1569886.66387,0.0,4917829.02519,613420.525344,20680.4888033,8816473.47397,597403.051745,0.0,4014665.54041,7395269.46735,0.0,24487.5136491,6659996.01123,864778.823558,21941110.0742,32011294.5599,738704.877421,0.0,0.0,0.0,0.0,0.0,0.0,0.0,0.0,0.0,0.0,0.0,0.0,0.0,0.0,0.0,0.0,0.0,0.0,0.0,0.0,0.0,0.0,0.0,2.0,0.0,82.0,32.0,17.0,inf,81655.0,86573.671875,84073.15625,91657.6640625,89074.359375,94280.8671875,99900.8203125,97045.953125,102871.539062,105909.867188,109071.484375,112177.3125,115499.609375,118842.03125,122412.21875,125864.382812,129590.367188,133413.21875,137347.9375,141400.203125,ADM1,28,28,KEN,KEN-ADM1-53391780B47756668,KE-21,Lamu,ADM1
29,3803963.42811,2894869.14442,4514489.97254,2098066.65131,0.0,11766331.3005,2393944.54289,119901.074352,5827144.63138,2363145.28115,0.0,7774037.22079,4726761.82648,47677.139889,214138.320673,6977614.92129,3393153.79899,6885837.43854,3756503.63879,2994501.33085,0.0,0.0,0.0,0.0,0.0,0.0,0.0,0.0,0.0,0.0,0.0,0.0,0.0,0.0,0.0,10.0,63.0,0.0,1.0,16.0,0.0,0.0,7.0,31.0,48.38000002503395,114.34000062942505,42.790000200271606,34.81000018119812,471013.938477,516038.103027,614608.215332,562526.137207,728212.759766,668677.27002,794267.479492,945119.261719,867395.463867,1031712.29688,1125260.55469,1225645.13379,1335884.04492,1455991.25098,1589991.375,1738406.70898,1904830.33984,2075289.57422,2265582.50781,2468846.86523,2692445.64062,ADM1,29,29,KEN,KEN-ADM1-53391780B44888542,KE-24,Mandera,ADM1
30,8982781.01496,8631696.89868,13491096.2786,2543547.83693,0.0,38845381.7552,7060030.02838,325319.325075,3325932.96622,9111374.90169,0.0,17789534.2235,14013744.5303,154760.917684,366002.123658,20804072.8538,9979352.1154,20525297.1578,43022079.1815,8763595.28999,NA,NA,NA,NA,NA,NA,NA,NA,100.0,NA,18.0,NA,10.0,NA,NA,NA,68.0,72.84999978542328,8.0,5.0,NA,NA,NA,8.51999994367,38.0,21.899999976158142,0.11999999731779099,NA,inf,244443.648438,255172.320312,249767.253906,265598.648438,260089.789062,270957.90625,282593.617188,276737.632812,288539.6875,294329.457031,300798.222656,306779.015625,313826.589844,319503.242188,327175.101562,335082.054688,341997.863281,349445.820312,356650.605469,364363.6875,ADM1,30,30,KEN,KEN-ADM1-53391780B12118519,KE-25,Marsabit,ADM1
31,377654.611545,4923678.55291,1245863.61358,172910.08094,0.0,6101508.03549,643762.744573,21703.4280417,2871051.0885,6050306.44973,0.0,4605234.41831,4085156.03372,0.0,20869305.5356,92726529.8114,907554.224061,44204466.4352,1013269.91852,806905.508221,0.0,0.0,0.0,0.0,0.0,0.0,0.0,0.0,0.0,0.0,0.0,0.0,0.0,0.0,0.0,0.0,0.0,0.0,0.0,0.0,0.0,0.0,4.800000190734863,0.0,0.0,0.0,0.0,0.0,1142705.625,1164797.5,1213619.0,1188357.75,1263124.5,1238301.5,1288893.75,1342498.75,1315105.875,1369814.875,1397757.0,1426657.25,1455823.875,1485813.625,1515449.5,1547202.5,1579322.75,1611601.0,1644586.875,1678270.25,1712494.875,ADM1,31,31,KEN,KEN-ADM1-53391780B27132698,KE-26,Meru,ADM1
32,23983467.6177,59190344.9213,14572735.8485,2683870.01336,0.0,2026718.91561,22367.1297756,754.071893218,4282858.88715,21523862.0836,0.0,54986.273143,4794840.78413,0.0,5621292.68323,15261641.6899,13614243.709,12544110.2452,23833339.1366,64560101.6869,0.0,0.0,0.0,2.0,0.0,0.0,0.0,0.0,0.0,0.0,0.0,0.0,0.0,0.0,0.0,0.0,0.0,0.0,19.0,0.0,0.0,0.0,0.0,7.0,0.0,6.0,0.0,7.0,inf,729529.75,773117.5,752139.375,818687.375,795096.25,841972.0,893304.75,867788.125,920491.8125,947649.875,975126.5,1003874.5,1034487.9375,1064555.875,1097013.875,1129484.75,1163527.875,1198092.75,1232238.0,1269757.375,ADM1,32,32,KEN,KEN-ADM1-53391780B82505298,KE-28,Mombasa,ADM1
33,146643.655754,4450798.94264,504638.350908,61372.0132462,0.0,1944326.20222,260756.768442,8790.99607422,159745.299152,2353923.39797,0.0,557015.635647,7665773.90644,0.0,4225660.8079,938228.859546,1688564.97066,14764406.2902,1135679.4471,1077315.85765,0.0,0.0,0.0,0.0,0.0,0.0,0.0,0.0,0.0,0.0,0.0,0.0,0.0,0.0,0.0,0.0,0.0,0.0,0.0,0.0,0.0,0.0,0.0,0.0,0.0,0.0,0.0,0.0,550458.75,570108.75,612246.8125,590658.6875,657590.1875,634292.4375,681832.375,732252.875,706733.0,758898.1875,786354.4375,815135.5,844790.875,875664.875,907295.125,940615.0625,975616.5625,1011285.75,1048113.5,1086374.5,1125917.5,ADM1,33,33,KEN,KEN-ADM1-53391780B28834387,KE-32,Nandi,ADM1
34,169024.096348,371078.653544,581655.174959,1768.07119733,0.0,3678313.02185,300552.907834,10132.6590625,159649.084585,2386608.68193,0.0,675763.208541,4314996.86804,0.0,6061507.23391,1060814.62667,635793.657687,3555398.49362,997908.061047,2956867.01656,0.0,0.0,0.0,0.0,0.0,0.0,0.0,0.0,0.0,0.0,0.0,0.0,0.0,0.0,0.0,0.0,0.0,0.0,0.0,0.0,0.0,0.0,0.0,0.0,0.0,0.0,0.0,0.0,inf,523002.3125,540687.75,532041.0625,558593.5625,549515.75,567758.6875,587121.3125,577325.5625,596779.5625,606351.0,616032.5,626234.5625,636711.375,647338.75,658207.375,669343.5,680600.1875,691918.625,703520.5,715333.5,ADM1,34,34,KEN,KEN-ADM1-53391780B78216799,KE-35,Nyandarua,ADM1
35,172767.44412,4508151.59485,594536.992705,1807.22836795,0.0,3761943.6821,307209.201715,10357.0653309,5370857.42239,4731166.92823,0.0,1951604.89006,6930576.2571,0.0,4385479.46068,7723349.95104,6683092.79861,5926120.79074,483541.250896,424371.072342,0.0,0.0,0.0,0.0,0.0,6.0,0.0,0.0,0.0,0.0,0.0,0.0,0.0,0.0,0.0,0.0,0.0,0.0,0.0,0.0,0.0,0.0,0.0,0.0,0.0,0.0,0.0,0.0,598820.125,608995.4375,629289.5625,619393.1875,650209.25,639797.6875,660934.5625,682986.0,671956.3125,694179.875,705881.5,717020.5,728890.25,741159.0625,753548.0625,766329.1875,779071.3125,791902.9375,805051.875,818354.5625,831941.75,ADM1,35,35,KEN,KEN-ADM1-53391780B62402644,KE-36,Nyeri,ADM1
36,3596750.57481,2388807.90236,3744388.0566,2104570.24356,0.0,9732310.30612,1934800.49163,65228.6942654,2924715.11531,1859434.08924,0.0,7418523.84554,3844351.09378,0.0,2022203.42339,5759927.9178,2727614.13067,6954203.85906,3177394.84088,2394049.16368,0.0,0.0,0.0,0.0,0.0,0.0,44.0,51.0,0.0,0.0,0.0,0.0,47.0,0.0,0.0,0.0,5.0,23.0,4.0,14.0,14.649999976158142,0.0,0.0,13.0,24.0,3.0,31.0,8.0,inf,167283.515625,179775.359375,173442.078125,193131.90625,186328.421875,200243.0625,215000.34375,207550.5625,222859.5625,230958.46875,239249.5,247914.796875,257112.0,266117.125,275990.5,286356.53125,296926.65625,307757.75,319080.78125,330798.5625,ADM1,36,36,KEN,KEN-ADM1-53391780B78181941,KE-37,Samburu,ADM1
37,881217.56948,22814833.5325,3046639.41058,1553955.41595,24578.0520586,11049326.7855,1590649.68276,79532.2470431,3060072.49272,6064010.90653,35697.7434591,6244613.68302,9635816.99647,22594.437219,8952230.16038,7273254.98584,15121501.49,20815384.7751,2493180.6934,16937498.4366,0.0,0.0,0.0,0.0,0.0,0.0,0.0,0.0,0.0,0.0,0.0,0.0,0.0,0.0,0.0,0.0,0.0,0.0,0.0,0.0,0.0,0.0,0.0,0.0,0.0,0.0,0.0,0.0,2.51808914202e+38,227715.40625,241051.984375,234083.984375,255358.671875,248080.109375,262644.71875,278119.96875,270011.3125,285949.9375,294771.40625,303345.0,312169.1875,321265.6875,331134.875,341014.28125,351346.0625,361398.375,372102.0,382833.4375,393943.75,ADM1,37,37,KEN,KEN-ADM1-53391780B98527192,KE-39,Taita Taveta,ADM1
38,4547283.50809,5935423.2665,6973307.17118,2622639.39354,0.0,20535133.9712,3603247.83093,121477.719353,3357455.16201,7824519.12693,0.0,11984782.862,7511733.46193,0.0,6580623.48682,30449686.8605,7336100.85218,30500901.322,5972521.81973,4347969.62721,NA,NA,NA,NA,NA,NA,NA,NA,NA,NA,NA,NA,66.0,NA,NA,NA,NA,NA,NA,NA,NA,NA,NA,159.399999857,22.0,9.0,NA,12.0,inf,204836.730469,219637.228516,212068.113281,234720.402344,227591.685547,243146.65625,260336.613281,252011.683594,270208.546875,279485.578125,290043.644531,301191.988281,308473.496094,323837.128906,333702.080078,344024.6875,356301.28125,369764.367188,384194.070312,399053.328125,ADM1,38,38,KEN,KEN-ADM1-53391780B85735840,KE-40,Tana River,ADM1
39,132510.890165,4412348.43059,462211.756894,138021.378369,10595.3376632,2991694.64435,326190.490131,42482.1708962,155496.086251,2335165.12728,0.0,519181.720528,10638218.2769,32470.4795896,6232916.92843,1026187.18039,25660012.8597,14227279.037,833095.417633,14909426.3835,0.0,0.0,1.0,0.0,14.0,0.0,0.0,0.0,0.0,35.0,0.0,0.0,0.0,0.0,0.0,0.0,1.0,0.0,11.0,13.0,1.0,0.0,0.0,0.0,0.0,0.0,0.0,0.0,591615.375,612644.5625,658422.9375,635379.5625,707491.8125,682418.125,733482.4375,788280.625,760209.9375,817132.6875,846944.875,878225.0625,910565.0,943749.9375,977582.6875,1013610.3125,1050511.875,1088962.75,1128842.375,1170131.125,1213002.5,ADM1,39,39,KEN,KEN-ADM1-53391780B50059711,KE-42,Trans Nzoia,ADM1
40,5574060.14063,6856665.98073,10867873.7264,141892.573109,79628.1248286,29749346.8505,5943147.83843,552751.685157,6286829.53933,5569393.80388,0.0,14837518.3961,11224867.2258,290320.475974,585761.094191,16634240.3499,7885043.12841,18588377.1671,9349350.94041,6699100.91968,63.0,NA,16.0,NA,164.0,NA,NA,6.0,28.0,NA,140.0,146.0700000524521,NA,32.0,7.0,10.0,54.0,27.0,13.0,174.12999975681305,72.0,78.2299998998642,86.89999973773956,14.0,21.0,33.100000001490116,78.7600000500679,NA,inf,600838.976562,645991.246094,623376.4375,694418.207031,669685.96875,719727.625,773664.015625,746268.410156,802115.613281,831127.960938,862248.070312,893892.226562,927428.46875,959243.710938,993948.695312,1026802.07812,1065622.50781,1105058.01562,1146267.73438,1189112.1875,ADM1,40,40,KEN,KEN-ADM1-53391780B54674253,KE-43,Turkana,ADM1
41,179985.147727,4515425.58923,605938.77082,252852.175241,0.0,3427349.78204,313100.729401,10555.6887341,78145.9592045,22312191.8637,0.0,670977.565921,7844737.68652,0.0,2276159.4976,7769813.77342,7689472.19642,14885434.1344,29555467.1506,953774.517602,0.0,0.0,0.0,27.119999885559082,3.0,8.0,0.0,0.0,0.0,0.0,0.0,0.0,0.0,0.0,0.0,0.0,0.0,0.0,5.0,37.0,0.0,0.0,0.0,0.0,0.0,0.0,0.0,0.0,654595.6875,678599.9375,728307.9375,702797.375,782307.5,754661.9375,810561.625,870985.125,840307.6875,902338.25,935172.9375,969019.4375,1004479.625,1041529.125,1079342.0,1118551.25,1158865.875,1201157.875,1245144.375,1290474.375,1337631.875,ADM1,41,41,KEN,KEN-ADM1-53391780B12957336,KE-44,Uasin Gishu,ADM1
42,5526347.76716,6422261.5335,10061873.1242,1781758.92584,0.0,27458998.5088,5211974.12952,183909.767369,6150289.77743,4997461.90663,0.0,12567531.1504,17028579.3389,9970.68888732,4470945.45993,15484919.064,7351476.55646,15090866.6564,8266452.40921,6299805.19294,NA,NA,NA,NA,NA,NA,NA,NA,NA,154.14000007510185,NA,68.07999999821186,NA,NA,NA,NA,NA,NA,NA,15.0,NA,NA,NA,8.0,7.0,41.0,4.0,NA,332343.458496,357968.803711,419866.692383,387214.922363,495152.45459,454678.943359,537426.030762,635256.304688,585061.210938,691925.897461,752801.448242,816351.1875,894778.142578,974098.189453,1065429.91699,1162247.1582,1268542.29102,1379880.61914,1504074.35938,1638746.95312,1780620.54492,ADM1,42,42,KEN,KEN-ADM1-53391780B74970296,KE-46,Wajir,ADM1
43,509596.670863,1059085.82331,1717793.92412,843684.384782,34266.131958,4310946.03357,1038640.48273,278276.207218,2851962.20415,7044538.09754,0.0,4632664.29221,2038394.35227,105012.013182,8307201.65483,2591547.80911,1478758.91993,3099315.47166,1526441.76594,1164753.24028,0.0,0.0,0.0,0.0,0.0,0.0,0.0,0.0,0.0,0.0,0.0,0.0,13.0,0.0,0.0,0.0,0.0,4.0,0.0,1.0,0.0,5.0,0.0,1.0,14.0,2.0,0.0,0.0,372897.5625,386478.375,415226.625,400474.4375,446058.6875,430389.625,462422.0625,496838.125,479260.0,515044.28125,533837.75,553114.375,573045.125,593904.375,615501.25,638364.9375,663620.875,687788.0625,712737.875,738952.9375,765930.4375,ADM1,43,43,KEN,KEN-ADM1-53391780B10402826,KE-47,West Pokot,ADM1
44,130571.154244,5848576.87573,14070747.2103,3629.83079753,0.0,6398966.73214,232177.192101,7827.48151267,139565.746464,3009400.52789,0.0,515161.679784,14903738.5971,0.0,4650055.76725,3257567.30928,2709227.22236,23685335.5945,365442.341151,333336.69161,0.0,0.0,0.0,0.0,0.0,0.0,0.0,0.0,0.0,0.0,0.0,0.0,0.0,0.0,0.0,0.0,0.0,0.0,1.0,1.0,0.0,0.0,0.0,0.0,0.0,0.0,0.0,0.0,814264.8125,825514.5,853407.0,839615.25,881303.25,867262.625,895945.125,925761.4375,910717.3125,941481.75,957415.625,973215.125,989040.0,1005518.3125,1021782.75,1038651.0,1055143.0,1072496.5,1090194.0,1108193.75,1126382.75,ADM1,44,44,KEN,KEN-ADM1-53391780B31016339,KE-29,Murang'a,ADM1
45,190410.546145,343626.316416,538624.421768,3364904.74201,0.0,1399977.76188,278318.053655,9383.04662878,128291.409266,864439.67342,0.0,649754.613425,6524678.48048,0.0,837322.847688,828556.708666,601868.953453,16273666.7856,1879102.82614,456222.212945,0.0,0.0,0.0,0.0,0.0,0.0,0.0,0.0,0.0,0.0,0.0,0.0,52.0,0.0,0.0,0.0,0.0,0.0,0.0,0.0,0.0,0.0,0.0,0.0,0.0,0.0,0.0,30.0,266822.34375,276419.59375,296977.375,286477.1875,319021.125,307757.46875,330728.96875,355350.0625,342911.03125,368413.84375,381867.84375,395858.125,410579.4375,425690.25,441184.5625,457675.96875,474597.1875,491941.34375,509849.96875,528453.625,547844.375,ADM1,45,45,KEN,KEN-ADM1-53391780B7987445,KE-05,Elegeyo Marakwet,ADM1
46,133597.690667,293302.861785,459743.846105,111738.819282,0.0,2784936.18134,237558.876383,8008.91636354,5374913.70824,485237.689469,0.0,1820727.06526,1053458.25308,0.0,466228.532554,78345287.9781,334902.203556,37964680.6904,373913.006533,286077.64724,0.0,0.0,0.0,0.0,0.0,0.0,0.0,0.0,0.0,0.0,0.0,0.0,0.0,0.0,0.0,0.0,0.0,0.0,0.0,0.0,0.0,0.0,0.0,0.0,0.0,0.0,0.0,0.0,294926.40625,301396.0,314068.0625,308353.3125,327430.25,320602.3125,334065.21875,347325.1875,340789.59375,354579.40625,361923.8125,369119.90625,376334.4375,384005.75,392237.3125,399617.9375,407393.71875,415673.46875,424128.125,432734.84375,441611.0,ADM1,46,46,KEN,KEN-ADM1-53391780B83498711,KE-41,Tharaka Nithi,ADM1
