asdf_id,worldbank_geocodedresearchrelease_level1_v1_4_2.bf1de3f.sum,worldbank_geocodedresearchrelease_level1_v1_4_2.a4b4c97.sum,worldbank_geocodedresearchrelease_level1_v1_4_2.f99c939.sum,worldbank_geocodedresearchrelease_level1_v1_4_2.485401a.sum,worldbank_geocodedresearchrelease_level1_v1_4_2.a127a6e.sum,worldbank_geocodedresearchrelease_level1_v1_4_2.c2de8df.sum,worldbank_geocodedresearchrelease_level1_v1_4_2.887790a.sum,worldbank_geocodedresearchrelease_level1_v1_4_2.653b730.sum,worldbank_geocodedresearchrelease_level1_v1_4_2.034e602.sum,worldbank_geocodedresearchrelease_level1_v1_4_2.6142400.sum,worldbank_geocodedresearchrelease_level1_v1_4_2.381e47f.sum,worldbank_geocodedresearchrelease_level1_v1_4_2.be4c261.sum,worldbank_geocodedresearchrelease_level1_v1_4_2.98af255.sum,worldbank_geocodedresearchrelease_level1_v1_4_2.993244c.sum,worldbank_geocodedresearchrelease_level1_v1_4_2.0cf8a0f.sum,worldbank_geocodedresearchrelease_level1_v1_4_2.c3898aa.sum,worldbank_geocodedresearchrelease_level1_v1_4_2.e9437ae.sum,worldbank_geocodedresearchrelease_level1_v1_4_2.56d6ad1.sum,worldbank_geocodedresearchrelease_level1_v1_4_2.a8d2793.sum,worldbank_geocodedresearchrelease_level1_v1_4_2.d56e944.sum,ucdp_deaths_171.1989.sum,ucdp_deaths_171.1990.sum,ucdp_deaths_171.1991.sum,ucdp_deaths_171.1992.sum,ucdp_deaths_171.1993.sum,ucdp_deaths_171.1994.sum,ucdp_deaths_171.1995.sum,ucdp_deaths_171.1996.sum,ucdp_deaths_171.1997.sum,ucdp_deaths_171.1998.sum,ucdp_deaths_171.1999.sum,ucdp_deaths_171.2000.sum,ucdp_deaths_171.2001.sum,ucdp_deaths_171.2002.sum,ucdp_deaths_171.2003.sum,ucdp_deaths_171.2004.sum,ucdp_deaths_171.2005.sum,ucdp_deaths_171.2006.sum,ucdp_deaths_171.2007.sum,ucdp_deaths_171.2008.sum,ucdp_deaths_171.2009.sum,ucdp_deaths_171.2010.sum,ucdp_deaths_171.2011.sum,ucdp_deaths_171.2012.sum,ucdp_deaths_171.2013.sum,ucdp_deaths_171.2014.sum,ucdp_deaths_171.2015.sum,ucdp_deaths_171.2016.sum,worldpop_pop_count_1km_mosaic.2000.sum,worldpop_pop_count_1km_mosaic.2001.sum,worldpop_pop_count_1km_mosaic.2003.sum,worldpop_pop_count_1km_mosaic.2002.sum,worldpop_pop_count_1km_mosaic.2005.sum,worldpop_pop_count_1km_mosaic.2004.sum,worldpop_pop_count_1km_mosaic.2006.sum,worldpop_pop_count_1km_mosaic.2008.sum,worldpop_pop_count_1km_mosaic.2007.sum,worldpop_pop_count_1km_mosaic.2009.sum,worldpop_pop_count_1km_mosaic.2010.sum,worldpop_pop_count_1km_mosaic.2011.sum,worldpop_pop_count_1km_mosaic.2012.sum,worldpop_pop_count_1km_mosaic.2013.sum,worldpop_pop_count_1km_mosaic.2014.sum,worldpop_pop_count_1km_mosaic.2015.sum,worldpop_pop_count_1km_mosaic.2016.sum,worldpop_pop_count_1km_mosaic.2017.sum,worldpop_pop_count_1km_mosaic.2018.sum,worldpop_pop_count_1km_mosaic.2019.sum,worldpop_pop_count_1km_mosaic.2020.sum,Level,gqid,shapeGroup,shapeID,shapeISO,shapeName,shapeType
0,110760.591327,14583975.8316,2236624.53843,114624.421694,2649487.5815,5176301.36303,2922525.25662,3068153.66026,15648376.8062,10023622.4674,8491773.33012,10580321.1637,23165064.1161,20468138.1215,20843286.7271,50522377.9723,13336127.7796,19375987.0696,3471270.18275,8038361.70629,0.0,0.0,0.0,0.0,0.0,0.0,0.0,0.0,0.0,0.0,0.0,0.0,0.0,0.0,0.0,0.0,0.0,0.0,0.0,0.0,0.0,0.0,0.0,0.0,0.0,0.0,0.0,0.0,inf,1310423.25,1357663.125,1334659.375,1404903.0,1379510.125,1429617.0,1481069.375,1455895.25,1508828.125,1536128.125,1561190.0,1591099.25,1619748.125,1647592.0,1677835.25,1707529.875,1738419.5,1769216.125,1801673.125,1834753.75,ADM1,0,TZA,TZA-ADM1-16433189B34063425,TZ-09,Kilimanjaro,ADM1
1,255837.21951,4372873.69757,7182487.73862,72369.6543034,6645430.14327,10598647.656,9326042.74928,127346.614367,11767687.568,22622007.7226,6041057.32772,18757635.2004,12602424.3938,6109099.03712,26814218.7326,20649192.2839,4133236.505,19271310.8531,8645125.85556,10488414.6974,0.0,0.0,0.0,0.0,0.0,0.0,0.0,0.0,0.0,0.0,0.0,0.0,0.0,0.0,0.0,0.0,0.0,0.0,0.0,0.0,0.0,0.0,0.0,0.0,0.0,0.0,0.0,0.0,inf,1334851.96875,1399486.03125,1366546.79688,1470126.03125,1434607.95312,1506888.75,1583344.40625,1544959.53125,1623917.95312,1665093.39062,1705597.45312,1747747.82812,1792288.53125,1837235.70312,1884549.92188,1930895.21875,1979747.65625,2029438.3125,2080732.57812,2133694.51562,ADM1,1,TZA,TZA-ADM1-16433189B3582393,TZ-13,Mara,ADM1
2,376754.018295,696992.228182,8414505.58772,208538.617732,10164033.4053,16375427.8763,11125851.3611,3364980.01203,22151017.1106,34718178.8778,16146717.8856,20235877.5464,19919140.8907,9343727.24581,26469891.6698,35498949.3295,5277045.37985,25557499.5335,13181818.8932,19809753.5927,NA,NA,NA,NA,NA,NA,NA,NA,NA,NA,NA,NA,NA,NA,NA,NA,NA,NA,NA,NA,NA,NA,NA,NA,NA,NA,NA,NA,1000612.32812,1031167.5,1098013.07031,1064239.05469,1168484.96094,1132244.84375,1207385.66406,1285416.35938,1246721.39062,1328766.03125,1373663.11719,1417822.46094,1462214.04688,1511092.1875,1559017.1875,1609852.01562,1661792.6875,1717989.76562,1773475.20312,1832835.23438,1892629.70312,ADM1,2,TZA,TZA-ADM1-16433189B92061966,TZ-26,Manyara,ADM1
3,322361.856722,22285448.6373,6941334.94378,2313757.9093,8327719.63647,11728386.4224,9140775.45303,3303708.55685,20900650.4391,32793152.6519,7774298.32398,21841931.9818,43430978.3951,7655616.40342,31214841.9816,66154901.1092,14592576.4601,10211737.1521,10838562.4288,18702878.2815,NA,NA,NA,NA,NA,NA,NA,NA,NA,NA,NA,NA,NA,NA,NA,NA,NA,NA,NA,NA,NA,NA,NA,NA,NA,NA,NA,NA,1249070.69531,1281376.45312,1354337.47656,1317615.61328,1427427.91406,1390855.86328,1465729.60352,1547470.33594,1505180.36523,1591281.27539,1635547.4375,1683150.05469,1730488.5918,1779270.07422,1831432.54102,1882596.61523,1935084.35938,1990164.45898,2048798.40234,2108404.08398,2170653.05273,ADM1,3,TZA,TZA-ADM1-16433189B77485308,TZ-01,Arusha,ADM1
4,859624.800565,5243889.8413,8722446.67553,102719.061087,8637261.4016,15814735.5768,11453696.1894,1561321.8176,13362540.1782,27939554.1072,7217116.43441,21714215.4341,14971134.4383,8479510.09102,34212417.8497,48525537.7341,6904982.14011,21235375.1807,11722414.4448,21297992.0477,NA,NA,NA,NA,NA,NA,NA,NA,10.0,NA,NA,NA,NA,NA,NA,NA,NA,NA,NA,NA,NA,NA,NA,NA,NA,NA,NA,NA,inf,1973513.0752,2052363.69434,2012094.33154,2136170.71606,2094613.60693,2177927.85547,2263653.77002,2220022.40771,2307513.73193,2352728.98853,2398678.22095,2445547.14062,2491666.97632,2537572.0354,2587891.17065,2638616.28516,2691568.43774,2744596.7168,2799565.99536,2854373.24023,ADM1,4,TZA,TZA-ADM1-16433189B7109962,TZ-05,Kagera,ADM1
5,562647.772492,21629867.8581,11063965.8714,2645032.01495,13367885.554,21128404.943,14624207.6097,3360918.7076,19800821.3666,41710388.4673,12608487.3571,31609310.7878,25103422.0636,12900608.2029,43509786.3552,48175137.9165,5542981.07648,10632603.0059,17357593.6335,30318403.4315,NA,NA,NA,NA,NA,NA,NA,NA,NA,NA,NA,NA,NA,NA,NA,NA,NA,NA,NA,NA,NA,NA,NA,NA,NA,NA,NA,NA,inf,2006143.61719,2116213.625,2060237.5625,2231580.40625,2173374.40625,2293362.82812,2420219.1875,2354679.96875,2487377.17188,2556811.28125,2628693.625,2702353.28125,2779479.625,2858508.10938,2937725.64062,3021149.48438,3107042.92188,3195815.8125,3290527.9375,3384584.625,ADM1,5,TZA,TZA-ADM1-16433189B88299058,TZ-14,Mbeya,ADM1
6,405636.810695,3327327.79372,9174534.59883,119009.505364,10943230.5805,17982651.1346,11978783.6181,8098686.32262,21292177.4278,55239787.9238,9463190.90774,26976967.3486,20901166.6408,10353869.4615,36489808.3284,84325373.1377,4381365.71231,22620946.3823,14192366.147,28729651.0458,NA,NA,NA,NA,NA,NA,NA,10.0,NA,NA,NA,NA,NA,NA,NA,NA,NA,NA,3.0,NA,NA,NA,NA,NA,NA,NA,NA,NA,inf,1073781.17112,1123758.31475,1097773.48885,1174968.57064,1149231.35187,1202412.59762,1259092.32183,1229647.95404,1288009.60897,1318793.35356,1349900.39787,1381586.95187,1413872.45648,1448038.98911,1483159.85857,1518456.75815,1554691.55568,1592306.61127,1631729.95398,1671336.97647,ADM1,6,TZA,TZA-ADM1-16433189B96202903,TZ-23,Singida,ADM1
7,238999.205343,5467629.43203,4930511.92017,101494.699469,3852571.84165,8229354.42151,4185109.40478,143961.14581,10717688.3454,9949558.44514,6663623.55166,7381020.25119,7258145.59107,3556459.84971,19555108.7598,44442716.349,3735241.98319,6369902.06088,5065961.04936,11278700.8727,0.0,0.0,0.0,0.0,0.0,0.0,0.0,0.0,0.0,0.0,0.0,0.0,0.0,0.0,0.0,0.0,0.0,0.0,0.0,0.0,0.0,0.0,0.0,0.0,0.0,0.0,0.0,0.0,inf,1106728.0,1135115.125,1121231.875,1163327.875,1148869.0,1176990.5,1206914.25,1192729.25,1222061.75,1237000.625,1251781.125,1266949.875,1280784.0,1295443.0,1312336.75,1328221.625,1344199.5,1360767.5,1377538.25,1394290.75,ADM1,7,TZA,TZA-ADM1-16433189B90926410,TZ-17,Mtwara,ADM1
8,283505.337002,19370309.9788,6367791.57803,107586.426588,7648379.51543,11720194.1581,8372142.26367,3430056.11657,16682926.4015,28907497.8265,6640723.15584,20309032.8016,14628325.442,26919034.9051,24597476.6571,51175939.5778,3822253.98205,19970988.9314,9919246.58039,12250727.0854,NA,NA,NA,NA,NA,NA,NA,NA,NA,NA,NA,NA,NA,NA,NA,NA,NA,NA,NA,NA,NA,NA,NA,NA,NA,NA,NA,NA,inf,821117.320312,838482.667969,830334.966797,858712.291016,848670.5625,868811.876953,890650.230469,880262.037109,901384.414062,912568.089844,923773.662109,934745.955078,947972.912109,958083.330078,970056.369141,983179.753906,995867.210938,1008934.12305,1019980.41992,1034692.65234,ADM1,8,TZA,TZA-ADM1-16433189B33876685,TZ-04,Iringa,ADM1
9,6611615.25356,14454348.8284,312072.664536,4089114.38272,335568.185615,1878076.61417,79460858.0732,6401.72127986,24880194.9593,47747350.6606,7086631.89078,15871364.4516,59307831.9836,83939245.12,7821256.22141,42470450.704,18496854.4559,27141455.59,45415155.8843,29047361.0272,0.0,0.0,0.0,0.949999988079071,0.0,0.0,0.0,0.0,0.0,0.0,0.0,0.0,0.0,0.0,0.0,0.0,0.0,0.0,0.0,0.0,0.0,0.0,0.0,0.0,0.0,0.0,0.0,0.0,inf,2316382.75,2588101.0,2450212.5,2889354.0,2734465.0,3057502.5,3419206.75,3233533.0,3619399.5,3828190.25,4049950.75,4282383.0,4531325.0,4795793.0,5071870.0,5367895.0,5679090.5,6009940.0,6360923.5,6733780.0,ADM1,9,TZA,TZA-ADM1-16433189B77813204,TZ-02,Dar es Salaam,ADM1
10,535907.264366,580455.112974,15127727.4649,157229.464318,14457654.259,24088445.6173,64765481.2265,396597.970334,22958863.1658,41668314.5932,24801077.6656,33701159.0439,27076853.8628,31323305.9773,46369115.3657,25253578.2917,22133817.2677,26827037.0661,18750251.2499,22982258.4358,NA,NA,NA,NA,NA,NA,NA,NA,NA,NA,NA,NA,NA,NA,NA,NA,NA,NA,NA,NA,NA,NA,NA,NA,NA,NA,NA,NA,inf,759185.679688,773501.935547,766234.066406,787489.363281,780646.335938,795598.457031,811078.738281,802888.226562,818973.765625,827088.710938,834863.507812,843756.871094,852533.15625,860600.796875,868009.914062,877145.664062,885603.953125,894294.023438,903148.101562,912111.199219,ADM1,10,TZA,TZA-ADM1-16433189B92533122,TZ-12,Lindi,ADM1
11,607338.752872,17740563.0049,15238176.1457,2401236.18411,16384726.0355,26665922.8377,17935205.3653,3116334.21667,29006297.766,54042273.292,20826413.9982,37457479.1096,30685948.391,15062367.9565,44326404.4067,50717967.553,5300214.23625,26894766.8746,21249486.5573,69270648.7036,NA,NA,NA,NA,NA,NA,NA,NA,NA,NA,NA,NA,NA,NA,NA,NA,NA,NA,NA,NA,NA,NA,NA,NA,NA,NA,NA,NA,inf,1672539.25684,1771539.71289,1721468.00098,1875726.13672,1824019.49414,1930746.22461,2047484.1875,1988548.87891,2108793.2793,2171972.19531,2237473.23438,2305627.75781,2376895.49023,2447487.94336,2522934.17188,2600727.94141,2681452.53711,2764828.54102,2851073.87109,2940247.03906,ADM1,11,TZA,TZA-ADM1-16433189B85635038,TZ-24,Tabora,ADM1
12,256378.973759,6382368.57587,8875618.37027,154059.559591,6916567.11588,12421774.1521,74119571.3591,2936093.02599,60144651.7961,22730915.9714,15637730.9827,15177302.7694,18389077.1726,12814750.8367,25831028.3207,16890313.3656,5430793.75283,85349711.8102,8970153.03358,41563148.1735,NA,NA,NA,NA,NA,NA,NA,NA,NA,NA,NA,NA,NA,NA,NA,NA,NA,NA,NA,NA,NA,NA,NA,NA,NA,NA,NA,NA,3.47087993191e+38,855962.049927,895696.274292,873230.60907,942671.974426,918142.265625,964076.58371,1014972.21365,990028.298126,1036874.0697,1063823.42929,1089205.63538,1117165.96945,1145112.27869,1174996.12006,1207015.38739,1237625.87354,1270197.46643,1303499.84616,1338245.01147,1373040.30609,ADM1,12,TZA,TZA-ADM1-16433189B67618328,TZ-19,Pwani,ADM1
13,519887.004237,1934127.48747,11392753.9343,391854.936012,13733871.5253,21451571.6295,14969966.7504,390750.560912,20181726.1274,38763910.4548,31689172.6391,32037229.016,25682081.5861,12690622.8391,40095658.2412,52773544.973,3772576.19228,24838391.8441,17939641.145,21681109.2699,NA,NA,NA,NA,NA,NA,NA,NA,NA,NA,NA,NA,NA,NA,NA,NA,NA,NA,NA,NA,NA,NA,NA,NA,NA,NA,NA,NA,inf,1088424.46875,1134601.76562,1111254.86719,1182941.57031,1158820.32031,1208650.25,1260955.1875,1234257.01562,1287830.9375,1315314.03125,1344711.5,1373427.63281,1404434.75,1434342.26562,1466141.20312,1498749.07812,1532155.875,1566763.46875,1601925.73438,1638193.82812,ADM1,13,TZA,TZA-ADM1-16433189B68005348,TZ-21,Ruvuma,ADM1
14,570252.971667,17914006.577,17558214.2199,4724460.12223,15384229.4231,23601216.1606,20925933.6186,15150979.711,29441432.3844,43209662.0976,20169381.702,35560975.0685,137457342.13,53054816.3663,45675520.767,26169200.5905,5294625.41354,26469412.0548,19951934.2351,64659049.0288,NA,NA,NA,NA,NA,NA,NA,NA,NA,NA,NA,NA,NA,NA,NA,NA,NA,NA,NA,NA,NA,NA,NA,NA,NA,NA,NA,NA,1677888.0,1713869.51978,1798753.82349,1754900.6377,1884634.66382,1840620.27173,1927919.823,2019286.18262,1972880.50781,2066699.75293,2115262.30542,2167005.55249,2219491.10254,2269657.48535,2326681.76172,2383915.13867,2441601.91992,2501122.46484,2562031.0083,2624053.95068,2687959.09082,ADM1,14,TZA,TZA-ADM1-16433189B31726059,TZ-16,Morogoro,ADM1
15,317785.279212,1618221.21886,6630193.39347,64877.1650794,6025989.72686,11104306.6269,6548012.82524,214024.003789,10755889.9975,28509930.7811,11566672.9875,17169465.0798,20091713.8763,5508475.11072,21008531.7785,9181953.9432,1709905.19184,18650399.9454,7761812.26835,13191028.1224,0.0,0.0,0.0,0.0,0.0,0.0,0.0,0.0,0.0,0.0,0.0,0.0,0.0,0.0,0.0,0.0,0.0,0.0,0.0,0.0,0.0,0.0,0.0,0.0,0.0,0.0,0.0,0.0,inf,690875.400589,737682.50502,714146.920319,787244.262589,761965.151764,813643.726624,868593.076721,840507.642273,896730.602554,927227.727127,958120.237885,989820.431213,1021731.12881,1055502.39258,1091071.71278,1126734.05981,1164217.5118,1202669.83842,1242808.90723,1283697.25568,ADM1,15,TZA,TZA-ADM1-16433189B51777073,TZ-20,Rukwa,ADM1
16,502049.210848,1762042.48539,10015515.1546,110047.970508,10447439.9074,18530171.9647,11279764.7689,1310738.38697,16288693.7817,31642978.5592,15476363.4042,20132261.545,19510599.593,9769440.29892,33472381.8681,40137910.1965,4677362.34576,8381857.89132,13466162.9045,51027731.2571,NA,NA,NA,NA,NA,NA,0.6000000238418579,NA,11.0,NA,NA,NA,NA,49.19999921321869,NA,NA,NA,NA,NA,NA,NA,NA,NA,NA,NA,2.0,NA,NA,inf,1645050.78278,1725169.30239,1684788.33057,1810147.38014,1766733.21001,1854321.11386,1945196.6507,1899540.34151,1992257.25283,2041005.53639,2089774.5382,2141295.56711,2196009.54333,2253722.84933,2309448.16847,2365783.12409,2422096.06944,2480784.74258,2541711.85254,2603579.46966,ADM1,16,TZA,TZA-ADM1-16433189B55650892,TZ-08,Kigoma,ADM1
17,216046.881184,20615087.721,4744367.08929,4484925.70481,5712979.12189,9183015.04652,6261209.45972,11867507.8243,15544722.351,28503931.5367,22918279.4451,16534812.9235,11244599.6574,59349349.372,25375917.048,74155866.9275,5786044.65624,19152738.6495,7421193.58332,14164186.3857,0.0,0.0,0.0,0.0,0.0,0.0,0.0,0.0,0.0,0.0,0.0,0.0,0.0,0.0,0.0,0.0,0.0,0.0,0.0,0.0,0.0,0.0,0.0,0.0,0.0,0.0,0.0,0.0,1.02084701456e+37,1566330.36108,1635325.27832,1599666.66748,1707700.18091,1671455.75342,1746093.80054,1824508.48242,1784814.95386,1864798.21973,1906009.03003,1949239.8064,1993960.96631,2041178.90015,2088377.33252,2137809.91211,2187148.94727,2238494.52295,2292914.67871,2347366.23535,2404055.2959,ADM1,17,TZA,TZA-ADM1-16433189B90284122,TZ-25,Tanga,ADM1
18,331649.889348,17384659.7506,8950338.0043,4314380.5719,8947218.58433,14999173.0891,9793889.89537,10900318.4558,14453878.2336,31291057.5543,7778088.50868,17232562.1829,38396983.7921,8390898.9783,27558125.3528,73618260.7394,4636348.87705,38018935.5198,11603721.6992,60945720.5727,NA,NA,NA,NA,NA,NA,NA,NA,NA,NA,NA,NA,NA,NA,NA,NA,NA,NA,NA,NA,NA,NA,NA,NA,NA,NA,NA,NA,inf,1632648.66174,1700851.11731,1666166.25122,1772590.02643,1736238.75848,1809968.69458,1887892.76355,1848628.13879,1927548.46924,1967503.14001,2006705.82117,2050011.35583,2093500.61279,2136998.75769,2181782.17334,2230050.09888,2276716.08813,2325048.75879,2374093.1416,2424140.37988,ADM1,18,TZA,TZA-ADM1-16433189B82137527,TZ-03,Dodoma,ADM1
19,5845.24497812,1740740.73491,130548.963359,1714.93241056,157692.452728,1722658.12173,172614.81932,3008.33980566,3613217.26362,8855638.87004,5597772.54268,302419.147498,6932437.03346,144965.606492,971829.067898,730585.131943,8128240.19667,15421373.7026,204512.644714,248401.234462,0.0,0.0,0.0,0.0,0.0,0.0,0.0,0.0,0.0,0.0,0.0,0.0,1.0,0.0,0.0,0.0,0.0,0.0,0.0,0.0,0.0,0.0,0.0,0.0,0.0,0.0,0.0,0.0,1.02084701456e+37,82414.65625,85658.6015625,84006.828125,88897.3046875,87313.9296875,91221.203125,94753.75,92707.6484375,96150.890625,98269.796875,100059.203125,101265.578125,103640.726562,106122.578125,108381.578125,110528.40625,112903.75,115507.070312,117949.515625,120491.796875,ADM1,19,TZA,TZA-ADM1-16433189B78267979,TZ-11,Zanzibar South & Central,ADM1
20,3444.56595409,1126881.41686,76931.6797181,1010.5988401,92927.1665973,1351035.2266,101720.822998,1772.79565044,2259068.7647,243806.198483,1421648.45554,178213.693907,5913796.51429,85427.316478,745428.655744,565147.483448,9646450.35756,14697812.7789,120518.010075,146381.278866,0.0,0.0,0.0,0.0,0.0,0.0,0.0,0.0,0.0,0.0,0.0,0.0,12.170000046491623,0.0,0.0,0.0,0.0,0.0,0.0,0.0,0.0,0.0,0.0,0.0,0.0,0.0,0.0,0.0,164636.953125,168000.015625,173245.0625,170201.90625,178105.9375,175454.734375,180176.53125,186339.640625,183983.0,189006.53125,190815.09375,194764.5625,197693.59375,200381.40625,203325.3125,206301.9375,209277.578125,212579.03125,215501.03125,218651.09375,221667.828125,ADM1,20,TZA,TZA-ADM1-16433189B40317995,TZ-06,North Pemba,ADM1
21,3775.93520263,807627.795866,84332.5520593,1107.8190364,101866.814081,2974400.24863,111506.425343,1943.33962327,2797084.74515,12133311.6804,4912897.30429,195357.95493,7746248.47289,93645.4740175,936500.763884,267779.41634,186956.760732,7199606.01288,132111.912751,160463.243045,0.0,0.0,0.0,0.0,0.0,0.0,0.0,0.0,0.0,0.0,0.0,0.0,0.0,0.0,0.0,0.0,0.0,0.0,0.0,0.0,0.0,0.0,0.0,0.0,0.0,0.0,0.0,0.0,6.80564655248e+36,144124.5625,153714.25,148847.53125,164090.96875,158988.96875,169166.5625,181128.046875,175284.84375,186633.234375,192845.0625,199290.125,205728.296875,212570.953125,220212.875,227742.28125,235393.046875,243423.125,251901.0,260606.8125,269617.0,ADM1,21,TZA,TZA-ADM1-16433189B44796774,TZ-07,Zanzibar North,ADM1
22,1270.38001568,386267.323955,28372.9415518,372.715920511,34272.1889877,2153227.86072,37515.3509726,653.819435081,881630.067161,3005748.82083,3527961.62598,65726.4567663,10461083.2125,32703805.4215,485040.794114,372184.317276,33945551.7737,4387324.98829,43943287.3529,53986.4394587,0.0,0.0,0.0,0.0,0.0,0.0,0.0,0.0,0.0,0.0,0.0,0.0,1.610000029206276,0.0,0.0,0.0,0.0,0.0,0.0,0.0,0.0,0.0,0.0,0.0,0.0,0.0,0.0,0.0,332250.59375,347130.03125,377850.875,362004.0,411139.59375,393828.3125,428174.65625,466704.8125,447333.0625,487884.84375,508549.84375,530962.375,554452.9375,578291.8125,603295.0,629047.3125,656028.625,684161.0625,713536.625,744130.375,775899.5,ADM1,22,TZA,TZA-ADM1-16433189B61914093,TZ-15,Zanzibar Urban/West,ADM1
23,2938.00927129,1078781.09972,65618.1333961,861.980522754,79261.3294841,1280741.89858,86761.7938035,1512.08893268,2143380.09732,2036854.61339,1790173.52451,152005.649462,5644621.59874,72864.4047402,1299205.80386,999044.291204,16812384.6069,10200487.1573,102794.673023,124854.498414,0.0,0.0,0.0,0.0,0.0,0.0,0.0,0.0,0.0,0.0,0.0,0.0,5.0,0.0,0.0,0.0,0.0,0.0,0.0,0.0,0.0,0.0,0.0,0.0,0.0,0.0,0.0,0.0,1.12293175405e+38,156302.75,159909.234375,157852.921875,163566.75,161704.25,165355.71875,168422.71875,167072.375,170544.5,172705.625,174007.3125,176135.109375,177983.75,180072.265625,182349.234375,184154.96875,186202.25,188381.3125,190420.984375,192352.953125,ADM1,23,TZA,TZA-ADM1-16433189B50199258,TZ-10,South Pemba,ADM1
24,381307.907985,342663.881197,8516213.14327,111871.665303,10286887.8002,13839932.6994,11262407.2607,218662.521836,12526926.9961,26899367.8193,9098079.51197,19951037.0379,19513391.7896,9460051.14068,24523381.6964,19049712.3757,1885349.08013,22064288.0796,13349711.3179,16213824.8544,NA,NA,NA,NA,NA,NA,NA,NA,NA,NA,NA,NA,NA,NA,NA,NA,NA,NA,NA,NA,NA,NA,NA,NA,NA,NA,NA,NA,inf,393935.780273,419697.604004,406375.546631,448681.329834,433345.422363,463583.678467,494352.438477,478592.22876,510597.907715,527011.895508,544393.611328,561269.807617,579729.288574,596784.845703,615252.382324,635300.505859,656954.279297,678281.223633,699571.638184,722231.981445,ADM1,24,TZA,TZA-ADM1-16433189B60689415,TZ-28,Katavi,ADM1
25,184763.785349,1629440.55753,3755696.05576,223669.238015,4494775.25539,6104892.01872,4934098.66364,123010.325385,5533122.50758,11792456.6765,9866516.07224,8717030.64966,8450102.60677,4200198.13361,11770460.7282,22719970.1744,4226816.87034,17510496.6503,5869661.69888,7093542.50275,0.0,0.0,0.0,0.0,0.0,0.0,0.0,0.0,0.0,0.0,0.0,0.0,0.0,0.0,0.0,0.0,0.0,0.0,0.0,0.0,0.0,0.0,0.0,0.0,0.0,0.0,0.0,0.0,inf,642165.957001,652156.518517,646597.847015,662599.811203,657371.045807,667415.603821,678255.961205,673292.871681,683684.602058,688116.539749,694084.080429,700053.97644,703878.273758,709089.554604,716238.292534,722060.364182,727934.114357,734681.741684,740728.262764,746963.059662,ADM1,25,TZA,TZA-ADM1-16433189B98556334,TZ-29,Njombe,ADM1
26,166930.329466,2438030.59005,3737881.18367,48975.5747414,4503430.25599,6035028.41402,5077846.61289,85913.1065995,5734356.56397,12083335.7899,3894354.59105,9156853.77358,8434198.29655,4139973.01115,14672316.889,6916297.39498,3055816.74341,17478536.2494,5840535.90394,21850769.3385,0.0,0.0,0.0,0.0,0.0,0.0,0.0,0.0,0.0,0.0,0.0,0.0,0.0,0.0,0.0,0.0,0.0,0.0,0.0,0.0,0.0,0.0,0.0,0.0,0.0,0.0,0.0,0.0,inf,1069252.30414,1169428.44489,1118966.54852,1277560.42908,1221532.9895,1336308.32205,1462890.52264,1398205.89508,1530874.06985,1600818.63898,1675033.22949,1752676.89856,1832678.28638,1918433.04089,2006819.01453,2099364.41528,2195762.63757,2297303.63318,2402897.28064,2514310.69409,ADM1,26,TZA,TZA-ADM1-16433189B40411482,TZ-27,Geita,ADM1
27,197344.412125,729844.997809,4407532.70806,57898.7415692,5323938.43142,10281240.967,5859829.1408,119612.811921,6505401.88535,13919976.1147,17413898.003,10386215.2749,10010756.8918,4894260.63383,13985550.5108,14552734.3164,3172236.43084,18143786.1248,6904659.73526,15784937.3493,0.0,0.0,0.0,0.0,0.0,0.0,0.0,0.0,0.0,0.0,0.0,0.0,0.0,0.0,0.0,0.0,0.0,0.0,0.0,0.0,0.0,0.0,0.0,0.0,0.0,0.0,0.0,0.0,inf,1119423.2947,1189715.53392,1153995.28214,1265690.36543,1227407.20954,1306062.78782,1390816.81512,1347706.63088,1435467.89974,1481567.24,1530461.98952,1580829.89968,1632847.02921,1687773.37031,1742640.48103,1800932.32825,1861968.54558,1925365.70932,1990921.34823,2059575.98306,ADM1,27,TZA,TZA-ADM1-16433189B5778105,TZ-30,Simiyu,ADM1
28,197290.250666,18462048.806,6074501.92466,2280932.3356,5322477.26883,10160836.2454,7764604.10521,101538.278818,9867476.29199,38490629.3291,4784574.67289,15797810.0423,9968141.20845,4892917.39693,20817835.4,30229738.8879,5265033.06809,4218199.29331,6902764.74142,63153575.6389,0.0,0.0,0.0,0.0,0.0,0.0,0.0,0.0,0.0,0.0,0.0,0.0,0.0,0.0,0.0,0.0,0.0,0.0,0.0,0.0,0.0,0.0,0.0,0.0,0.0,0.0,0.0,0.0,inf,2173621.95508,2265166.67578,2218551.11133,2363384.59375,2313301.72852,2415384.54492,2525112.49023,2469187.62988,2583367.45898,2643584.53711,2706242.33691,2771131.51953,2838732.97363,2908950.50195,2981970.78711,3057602.73633,3136282.93555,3217965.5127,3302840.22266,3391022.4248,ADM1,28,TZA,TZA-ADM1-16433189B13921010,TZ-18,Mwanza,ADM1
29,131678.649818,1527940.14141,4534023.89667,38633.1086545,3552413.85765,6316502.01647,3894131.43636,103044.736762,7837144.86309,11227922.4972,3220654.1995,12548013.4262,6653098.01722,3265710.0608,18355476.0401,22514532.1795,3062458.64363,16724831.443,4607154.88014,39554910.5046,0.0,0.0,0.0,0.0,0.0,0.0,0.0,0.0,0.0,0.0,0.0,0.0,0.0,0.0,0.0,0.0,0.0,0.0,0.0,0.0,0.0,0.0,0.0,0.0,0.0,0.0,0.0,0.0,1193514.5,1218508.5,1270228.25,1244094.5,1324457.625,1297049.125,1352529.75,1410471.25,1381211.125,1440393.875,1471067.0,1502328.0,1534253.375,1566877.5,1600322.75,1634407.25,1669386.0,1705019.875,1741517.75,1778838.875,1817037.625,ADM1,29,TZA,TZA-ADM1-16433189B58756367,TZ-22,Shinyanga,ADM1
