asdf_id,worldbank_geocodedresearchrelease_level1_v1_4_2.bf1de3f.sum,worldbank_geocodedresearchrelease_level1_v1_4_2.a4b4c97.sum,worldbank_geocodedresearchrelease_level1_v1_4_2.485401a.sum,worldbank_geocodedresearchrelease_level1_v1_4_2.a127a6e.sum,worldbank_geocodedresearchrelease_level1_v1_4_2.887790a.sum,worldbank_geocodedresearchrelease_level1_v1_4_2.653b730.sum,worldbank_geocodedresearchrelease_level1_v1_4_2.034e602.sum,worldbank_geocodedresearchrelease_level1_v1_4_2.6142400.sum,worldbank_geocodedresearchrelease_level1_v1_4_2.381e47f.sum,worldbank_geocodedresearchrelease_level1_v1_4_2.be4c261.sum,worldbank_geocodedresearchrelease_level1_v1_4_2.98af255.sum,worldbank_geocodedresearchrelease_level1_v1_4_2.993244c.sum,worldbank_geocodedresearchrelease_level1_v1_4_2.0cf8a0f.sum,worldbank_geocodedresearchrelease_level1_v1_4_2.c3898aa.sum,worldbank_geocodedresearchrelease_level1_v1_4_2.e9437ae.sum,worldbank_geocodedresearchrelease_level1_v1_4_2.56d6ad1.sum,worldbank_geocodedresearchrelease_level1_v1_4_2.a8d2793.sum,worldbank_geocodedresearchrelease_level1_v1_4_2.d56e944.sum,ucdp_deaths_171.1989.sum,ucdp_deaths_171.1990.sum,ucdp_deaths_171.1991.sum,ucdp_deaths_171.1992.sum,ucdp_deaths_171.1993.sum,ucdp_deaths_171.1994.sum,ucdp_deaths_171.1995.sum,ucdp_deaths_171.1996.sum,ucdp_deaths_171.1997.sum,ucdp_deaths_171.1998.sum,ucdp_deaths_171.1999.sum,ucdp_deaths_171.2000.sum,ucdp_deaths_171.2001.sum,ucdp_deaths_171.2002.sum,ucdp_deaths_171.2003.sum,ucdp_deaths_171.2004.sum,ucdp_deaths_171.2005.sum,ucdp_deaths_171.2006.sum,ucdp_deaths_171.2007.sum,ucdp_deaths_171.2008.sum,ucdp_deaths_171.2009.sum,ucdp_deaths_171.2010.sum,ucdp_deaths_171.2011.sum,ucdp_deaths_171.2012.sum,ucdp_deaths_171.2013.sum,ucdp_deaths_171.2014.sum,ucdp_deaths_171.2015.sum,ucdp_deaths_171.2016.sum,worldpop_pop_count_1km_mosaic.2000.sum,worldpop_pop_count_1km_mosaic.2001.sum,worldpop_pop_count_1km_mosaic.2003.sum,worldpop_pop_count_1km_mosaic.2002.sum,worldpop_pop_count_1km_mosaic.2005.sum,worldpop_pop_count_1km_mosaic.2004.sum,worldpop_pop_count_1km_mosaic.2006.sum,worldpop_pop_count_1km_mosaic.2008.sum,worldpop_pop_count_1km_mosaic.2007.sum,worldpop_pop_count_1km_mosaic.2009.sum,worldpop_pop_count_1km_mosaic.2010.sum,worldpop_pop_count_1km_mosaic.2011.sum,worldpop_pop_count_1km_mosaic.2012.sum,worldpop_pop_count_1km_mosaic.2013.sum,worldpop_pop_count_1km_mosaic.2014.sum,worldpop_pop_count_1km_mosaic.2015.sum,worldpop_pop_count_1km_mosaic.2016.sum,worldpop_pop_count_1km_mosaic.2017.sum,worldpop_pop_count_1km_mosaic.2018.sum,worldpop_pop_count_1km_mosaic.2019.sum,worldpop_pop_count_1km_mosaic.2020.sum,Level,gqid,id,shapeGroup,shapeID,shapeISO,shapeName,shapeType
0,2117988.2648,1030166.88777,1580504.98606,2712761.69191,2482707.62455,2117396.53758,2472590.58549,0.0,2327574.46654,2181985.30639,1837732.14074,1429066.38855,2056525.89082,1961761.39315,220783.249822,1560777.4552,519954.170021,2053284.22334,0.0,0.0,0.0,0.0,0.0,0.0,0.0,0.0,0.0,0.0,0.0,0.0,0.0,0.0,0.0,0.0,0.0,0.0,0.0,0.0,0.0,0.0,0.0,0.0,0.0,0.0,0.0,0.0,2.38197612223e+38,4347.18457031,5089.38525391,4709.50830078,5950.27001953,5506.71728516,6412.83984375,7478.17773438,6941.19726562,8091.54248047,8769.48242188,9463.79785156,10260.2070312,11073.6699219,11959.0087891,12906.4599609,13982.8300781,15120.2382812,16408.5351562,17716.2929688,19079.7773438,ADM1,0,0,CPV,CPV-ADM1-35879248B31395490,CV-BV,Boa Vista,ADM1
1,142182.52235,69156.061428,106100.769886,738275.446657,166666.472229,142142.799151,165987.305986,0.0,156252.239028,146478.703281,123368.66805,95934.555968,138056.496013,131694.867135,14821.3849311,104776.442389,34905.0070902,137838.87986,0.0,0.0,0.0,0.0,0.0,0.0,0.0,0.0,0.0,0.0,0.0,0.0,0.0,0.0,0.0,0.0,0.0,0.0,0.0,0.0,0.0,0.0,0.0,0.0,0.0,0.0,0.0,0.0,1.29307277525e+38,6036.3125,6051.02441406,6064.41162109,5713.68847656,5921.22216797,5689.50146484,5542.40820312,5600.22167969,5462.84423828,5403.55957031,5343.67333984,5322.68603516,5202.97851562,5100.86816406,4968.35107422,4960.60253906,4899.20751953,4910.51171875,4780.67285156,4687.58544922,ADM1,1,1,CPV,CPV-ADM1-35879248B69912584,CV-BR,Brava,ADM1
2,836805.708378,407013.365746,624448.971901,1600282.27923,980904.354847,836571.92015,976907.167431,0.0,1893475.75344,862090.593382,726078.029512,1162541.77715,812522.256836,775081.316335,87230.2679082,616654.731153,3312773.0527,811241.491546,0.0,0.0,0.0,0.0,0.0,0.0,0.0,0.0,0.0,0.0,0.0,0.0,0.0,0.0,0.0,0.0,0.0,0.0,0.0,0.0,0.0,0.0,0.0,0.0,0.0,0.0,0.0,0.0,5.44451724198e+37,6764.9765625,6755.48291016,6782.27001953,6715.31640625,6754.31738281,6699.51464844,6655.53369141,6696.86474609,6613.70019531,6619.01074219,6575.42480469,6571.41992188,6559.81347656,6538.41015625,6514.765625,6502.44238281,6471.11083984,6469.12646484,6446.30957031,6428.71386719,ADM1,2,2,CPV,CPV-ADM1-35879248B5742389,CV-MA,Maio,ADM1
3,652863.354323,317545.767858,487185.790342,3802114.24499,765286.972787,652680.956229,762168.42668,0.0,717467.654998,672590.245132,566475.267916,440505.30944,633917.76699,604706.902677,68055.7562345,481104.83976,160274.270248,632918.532981,0.0,0.0,0.0,0.0,0.0,0.0,0.0,0.0,0.0,0.0,0.0,0.0,0.0,0.0,0.0,0.0,0.0,0.0,0.0,0.0,0.0,0.0,0.0,0.0,0.0,0.0,0.0,0.0,26600.7929688,26284.3203125,25827.5585938,25967.5976562,25287.125,25532.9765625,24863.71875,24350.1640625,24579.6582031,23978.5273438,23655.53125,23351.4902344,23040.9726562,22799.0585938,22582.0859375,22164.8789062,21955.6054688,21790.0253906,21563.2734375,21328.9121094,21064.7832031,ADM1,3,3,CPV,CPV-ADM1-35879248B97918647,CV-SL,Sal,ADM1
4,653395.921527,6359557.28824,487583.207615,5388548.68004,765911.24851,653213.374643,762790.158479,0.0,1735612.16442,673138.904363,566937.364842,1065617.89682,634434.879507,605200.186703,68111.2720841,17134352.5483,160405.012491,633434.830382,0.0,0.0,0.0,0.0,0.0,0.0,0.0,0.0,0.0,0.0,0.0,0.0,0.0,0.0,0.0,0.0,0.0,0.0,0.0,0.0,0.0,0.0,0.0,0.0,0.0,0.0,0.0,0.0,62382.359375,62794.4609375,64831.0390625,64022.375,66104.8359375,65602.3984375,66974.6953125,68757.921875,67704.921875,69857.421875,70673.90625,71625.859375,72483.125,73490.390625,74292.6875,75098.8671875,76243.484375,77180.03125,78216.546875,79163.8359375,80236.1640625,ADM1,4,4,CPV,CPV-ADM1-35879248B69061656,CV-SV,São Vicente,ADM1
5,598924.067352,291310.274343,446934.711798,585509.368803,702059.295254,598756.738909,699198.402073,0.0,2292005.03136,617021.131004,519673.327149,657817.242438,581543.756222,554746.280839,62433.0191928,441356.166714,1858764.43178,580627.078493,0.0,0.0,0.0,0.0,0.0,0.0,0.0,0.0,0.0,0.0,0.0,0.0,0.0,0.0,0.0,0.0,0.0,0.0,0.0,0.0,0.0,0.0,0.0,0.0,0.0,0.0,0.0,0.0,6565.97070312,6601.37255859,6672.92919922,6621.84667969,6642.06396484,6650.72412109,6725.64501953,6770.32763672,6770.47412109,6845.56933594,6871.93359375,6873.36474609,6901.89746094,6990.91796875,6990.01660156,7020.55078125,7068.02148438,7050.90136719,7094.74560547,7121.44482422,7173.94384766,ADM1,5,5,CPV,CPV-ADM1-35879248B71523199,CV-RB,Ribeira Brava,ADM1
6,412318.912943,200547.518782,307684.470487,1233929.64741,483320.57638,412203.718571,481351.043963,0.0,2551603.73278,424777.52334,357760.111867,612793.976887,400353.73842,381905.480082,42980.9319888,583173.840068,1148778.73693,399722.667496,0.0,0.0,0.0,0.0,0.0,0.0,0.0,0.0,0.0,0.0,0.0,0.0,0.0,0.0,0.0,0.0,0.0,0.0,0.0,0.0,0.0,0.0,0.0,0.0,0.0,0.0,0.0,0.0,5489.71679688,5436.22949219,5430.32324219,5432.96728516,5401.97412109,5417.91601562,5329.98193359,5286.69287109,5301.37109375,5166.96289062,5222.19042969,5155.18261719,5082.06835938,5070.94335938,5046.8671875,5029.90722656,5000.55908203,4972.26660156,4958.21679688,4923.23730469,4900.56982422,ADM1,6,6,CPV,CPV-ADM1-35879248B20724366,CV-TS,Tarrafal de São Nicolau,ADM1
7,1923857.76171,935743.882921,1435639.10876,3318524.75708,2255147.68562,1923320.27099,2245957.95382,0.0,2310610.60723,1981988.96442,1669289.34482,1388617.81757,1868028.90411,1781950.32784,200546.705514,4035351.24712,2894283.18965,1865084.36128,0.0,0.0,0.0,0.0,0.0,0.0,0.0,0.0,0.0,0.0,0.0,0.0,0.0,0.0,0.0,0.0,0.0,0.0,0.0,0.0,0.0,0.0,0.0,0.0,0.0,0.0,0.0,0.0,8066.09082031,7909.24658203,7620.13818359,7784.97558594,7412.04785156,7515.86523438,7295.50585938,7071.9921875,7150.15234375,6849.77832031,6806.50683594,6629.13476562,6526.15820312,6421.79882812,6325.00488281,6229.24511719,6104.08984375,5986.35058594,5897.08886719,5785.23535156,5679.4296875,ADM1,7,7,CPV,CPV-ADM1-35879248B75225156,CV-PN,Porto Novo,ADM1
8,585610.02017,284834.463887,436999.379149,1487080.16948,686452.557954,585446.411428,683655.262262,0.0,1262006.29811,603304.78715,508121.019312,655987.880636,568616.072345,542414.303282,61045.1368074,432459.181398,881001.324945,567719.772309,0.0,0.0,0.0,0.0,0.0,0.0,0.0,0.0,0.0,0.0,0.0,0.0,0.0,0.0,0.0,0.0,0.0,0.0,0.0,0.0,0.0,0.0,0.0,0.0,0.0,0.0,0.0,0.0,1.02084701456e+37,14125.6191406,15070.2382812,14603.9316406,15702.25,15443.3945312,16180.8164062,17201.4453125,16726.5195312,17331.0898438,18078.6289062,18434.9589844,18846.8867188,19470.3808594,20019.7050781,20601.5820312,21090.8242188,21607.3554688,22328.8164062,22934.9335938,23496.5683594,ADM1,8,8,CPV,CPV-ADM1-35879248B6924994,CV-RG,Ribeira Grande,ADM1
9,147809.162591,71892.7991909,110299.533922,850603.723642,173262.024649,147767.867411,172555.981516,0.0,792543.822131,152275.357839,128250.780848,117846.323056,143519.855526,136906.475614,15407.916943,198413.496557,222366.529937,143293.62757,0.0,0.0,0.0,0.0,0.0,0.0,0.0,0.0,0.0,0.0,0.0,0.0,0.0,0.0,0.0,0.0,0.0,0.0,0.0,0.0,0.0,0.0,0.0,0.0,0.0,0.0,0.0,0.0,16385.7304688,16505.5390625,16528.6679688,16378.0166016,16517.09375,16493.7265625,16519.0058594,16224.5292969,16361.4003906,16679.8457031,16407.5605469,16572.9648438,16456.3613281,16375.0957031,16391.1777344,16225.6347656,16334.2714844,16420.0429688,16295.0410156,16347.9042969,16317.6347656,ADM1,9,9,CPV,CPV-ADM1-35879248B14734856,CV-PA,Paul,ADM1
10,276052.46036,134268.970549,205998.445441,1111774.90162,323588.926105,275975.336345,322270.300516,0.0,303369.31929,284393.649533,239524.688291,186260.376949,268041.632425,255690.302075,28776.2497708,203427.216166,657123.434717,267619.122868,0.0,0.0,0.0,0.0,0.0,0.0,0.0,0.0,0.0,0.0,0.0,0.0,0.0,0.0,0.0,0.0,0.0,0.0,0.0,0.0,0.0,0.0,0.0,0.0,0.0,0.0,0.0,0.0,5843.98632812,5794.60546875,5803.77294922,5762.16064453,5883.421875,5802.99853516,5940.73876953,6003.41113281,5923.45898438,6180.78076172,6013.15478516,6107.54296875,5987.58398438,6002.40136719,6181.05664062,6109.83398438,6150.0,6105.92138672,6101.23925781,6154.08105469,6278.64404297,ADM1,10,10,CPV,CPV-ADM1-35879248B71256818,CV-MO,Mosteiros,ADM1
11,486194.550024,236479.84022,362812.638426,719236.258553,569917.660272,486058.716149,567595.244546,0.0,534306.08621,500885.383468,421860.388028,328049.168771,472085.561907,450331.908655,50681.8732586,358284.087371,1157351.87521,471341.421305,0.0,0.0,0.0,0.0,0.0,0.0,0.0,0.0,0.0,0.0,0.0,0.0,0.0,0.0,0.0,0.0,0.0,0.0,0.0,0.0,0.0,0.0,0.0,0.0,0.0,0.0,0.0,0.0,22350.4453125,22113.8828125,22094.5742188,22346.8085938,22198.7226562,22109.578125,22438.6777344,22389.3046875,22754.6445312,23100.171875,23709.25,23149.5234375,23273.5546875,23622.203125,23927.3261719,24097.96875,23893.0058594,23823.5917969,24234.8046875,24438.8554688,24387.8652344,ADM1,11,11,CPV,CPV-ADM1-35879248B29586349,CV-CF,Santa Catarina do Fogo,ADM1
12,804238.375659,391172.962686,600146.272683,1396832.58133,942728.900055,804013.686149,938887.277702,0.0,883822.03967,828539.20755,697820.066486,542642.303611,780900.00281,744916.212464,83835.3852853,592655.373117,1914432.79678,779669.083153,0.0,0.0,0.0,0.0,0.0,0.0,0.0,0.0,0.0,0.0,0.0,0.0,0.0,0.0,0.0,0.0,0.0,0.0,0.0,0.0,0.0,0.0,0.0,0.0,0.0,0.0,0.0,0.0,6814.80615234,7114.11962891,7377.25488281,7085.02636719,7428.43017578,7420.64453125,7213.06103516,7359.39746094,6980.77832031,6575.83203125,6389.54296875,6918.0625,6993.64013672,6755.70605469,6435.41992188,6420.54980469,6664.81933594,6867.30175781,6585.84960938,6418.15039062,6479.25048828,ADM1,12,12,CPV,CPV-ADM1-35879248B20031511,CV-SF,São Filipe,ADM1
13,268179.792453,130439.7889,200123.629661,1355776.76573,429814.810875,268104.867918,313079.558116,0.0,880459.229122,276283.101435,232693.746361,442606.238265,260397.423225,248398.337234,1089844.10539,1129590.63101,65836.6260657,259986.963107,0.0,0.0,0.0,0.0,0.0,0.0,0.0,0.0,0.0,0.0,0.0,0.0,0.0,0.0,0.0,0.0,0.0,0.0,0.0,0.0,0.0,0.0,0.0,0.0,0.0,0.0,0.0,0.0,7250.24707031,7250.61132812,7125.78662109,7127.94628906,7128.27832031,7119.04931641,7055.37207031,6890.48828125,6945.76708984,7014.13476562,6968.30712891,6978.85791016,6875.16699219,6804.42919922,6807.30859375,6765.20019531,6705.359375,6719.09472656,6642.50244141,6605.40283203,6588.16064453,ADM1,13,13,CPV,CPV-ADM1-35879248B66298696,CV-SM,São Miguel,ADM1
14,359734.185294,174970.868464,268444.203852,3914765.09497,433231.567813,359633.682134,419962.364579,0.0,1555628.54218,370603.89784,312133.492627,650517.705338,349294.978714,333199.502676,229132.86802,1225744.82303,88312.7129886,348744.390862,0.0,0.0,0.0,0.0,0.0,0.0,0.0,0.0,0.0,0.0,0.0,0.0,0.0,0.0,0.0,0.0,0.0,0.0,0.0,0.0,0.0,0.0,0.0,0.0,0.0,0.0,0.0,0.0,14595.5419922,15461.7900391,17109.6816406,16230.5878906,19020.7148438,18324.2304688,20148.6464844,22509.1757812,21416.9082031,23607.8867188,25166.4140625,26480.1601562,27846.515625,29435.7792969,31123.921875,32823.7070312,34795.09375,36638.7851562,38792.8398438,40942.984375,43325.1328125,ADM1,14,14,CPV,CPV-ADM1-35879248B85602848,CV-TA,Tarrafal,ADM1
15,812400.461824,395142.914287,606237.060859,5367139.45794,3057583.85256,812173.491976,948415.893957,0.0,3121550.31772,836947.918956,704902.130314,1134960.13682,788825.231575,752476.247517,1562909.49489,3421883.28923,199439.730083,787581.819512,0.0,0.0,0.0,0.0,0.0,0.0,0.0,0.0,0.0,0.0,0.0,0.0,0.0,0.0,0.0,0.0,0.0,0.0,0.0,0.0,0.0,0.0,0.0,0.0,0.0,0.0,0.0,0.0,52531.2578125,51757.109375,51599.0390625,51691.6015625,49669.1484375,50151.625,49018.3984375,47989.9960938,48564.875,47803.6445312,47002.9453125,46406.7539062,45711.1523438,45282.7851562,45075.7734375,44184.9765625,43747.3203125,43099.5078125,42924.1523438,42394.2265625,41865.7851562,ADM1,15,15,CPV,CPV-ADM1-35879248B90955179,CV-CA,Santa Catarina,ADM1
16,381569.235555,185591.203876,284738.159009,1579297.80885,1481226.82168,381462.632082,445453.128908,0.0,1070999.30798,393098.715034,331079.288657,308415.663535,370496.392781,353423.957803,115550.392738,1607194.2991,93673.0946416,369912.385493,0.0,0.0,0.0,0.0,0.0,0.0,0.0,0.0,0.0,0.0,0.0,0.0,0.0,0.0,0.0,0.0,0.0,0.0,0.0,0.0,0.0,0.0,0.0,0.0,0.0,0.0,0.0,0.0,9040.66796875,9003.24902344,9080.64453125,9035.34179688,9502.24023438,9290.62890625,9505.5859375,9196.96582031,9340.05175781,8967.16894531,9543.56933594,9496.27441406,9057.94140625,9022.37695312,9271.06933594,9188.89257812,9606.14355469,9638.8359375,9423.28125,9599.9609375,9824.765625,ADM1,16,16,CPV,CPV-ADM1-35879248B12748988,CV-CR,Santa Cruz,ADM1
17,98408.232813,47864.7141783,73435.1106731,387254.253748,231799.440004,98380.7393505,114884.144559,0.0,341778.55423,101381.731709,85386.6734574,82808.9076633,95552.5023501,91149.4530489,45448.9845838,414501.841407,24158.6659689,95401.8845334,0.0,0.0,0.0,0.0,0.0,0.0,0.0,0.0,0.0,0.0,0.0,0.0,0.0,0.0,0.0,0.0,0.0,0.0,0.0,0.0,0.0,0.0,0.0,0.0,0.0,0.0,0.0,0.0,23566.6953125,22361.953125,22989.390625,23720.8671875,23755.8515625,23078.2832031,23547.0175781,23885.7304688,23758.4453125,23202.4570312,23374.1679688,24121.0039062,25364.1601562,24281.21875,25252.3789062,26629.5507812,26247.25,26954.1855469,27166.8417969,27944.7910156,27962.3125,ADM1,17,17,CPV,CPV-ADM1-35879248B65148242,CV-SS,São Salvador do Mundo,ADM1
18,151664.452216,73767.9709188,113176.464156,424135.836519,464059.822126,151622.079938,177056.739612,0.0,466281.105206,156247.138728,131595.93142,116525.296283,147263.26764,140477.39169,16893.5927611,638820.48201,37232.7673783,147031.139006,0.0,0.0,0.0,0.0,0.0,0.0,0.0,0.0,0.0,0.0,0.0,0.0,0.0,0.0,0.0,0.0,0.0,0.0,0.0,0.0,0.0,0.0,0.0,0.0,0.0,0.0,0.0,0.0,103967.835938,106688.273438,107816.984375,105515.289062,108568.382812,108206.148438,110602.421875,112922.609375,111734.03125,114383.8125,116654.132812,116720.046875,118057.757812,121128.421875,120792.96875,121115.703125,123524.296875,124418.960938,125859.65625,126126.984375,127701.0625,ADM1,18,18,CPV,CPV-ADM1-35879248B47060203,CV-S0,São Lourenço dos Órgãos,ADM1
19,508886.328925,247516.8793,379745.90963,2011278.33922,2259045.39947,508744.155381,594086.174553,0.0,869129.545112,524262.816177,441549.54878,390223.101313,494118.843013,471349.898476,427874.465386,3035433.95267,124928.722783,493339.971718,0.0,0.0,0.0,0.0,0.0,0.0,0.0,0.0,0.0,0.0,0.0,0.0,0.0,0.0,0.0,0.0,0.0,0.0,0.0,0.0,0.0,0.0,0.0,0.0,0.0,0.0,0.0,0.0,13654.0585938,13875.9755859,14162.3085938,14006.1777344,14099.0595703,14169.3769531,14041.7265625,14418.0634766,14275.2109375,14602.7363281,14459.8935547,14663.6328125,14600.9804688,14799.9960938,14782.2363281,14748.5078125,14592.1484375,14539.5068359,14720.375,14729.9707031,14764.078125,ADM1,19,19,CPV,CPV-ADM1-35879248B63533249,CV-SD,São Domingos,ADM1
20,335467.864335,163167.988932,250335.963166,3702204.79781,641067.599541,335374.140742,391633.276196,0.0,468868.668499,345604.34678,291078.136134,257197.954931,325732.847537,310723.112036,2403666.11714,10579092.4879,82355.4680957,325219.400279,0.0,0.0,0.0,0.0,0.0,0.0,0.0,0.0,0.0,0.0,0.0,0.0,0.0,0.0,0.0,0.0,0.0,0.0,0.0,0.0,0.0,0.0,0.0,0.0,0.0,0.0,0.0,0.0,13341.3300781,13525.09375,13872.2158203,13584.0878906,13975.7675781,13681.1074219,13913.9482422,14050.5800781,13770.6806641,13965.4482422,13874.9160156,14045.9375,14367.8486328,14381.4824219,14501.6171875,14471.6083984,14543.5029297,14653.5742188,14684.1669922,14649.6992188,14772.6113281,ADM1,20,20,CPV,CPV-ADM1-35879248B27288583,CV-PR,Praia,ADM1
21,499334.939832,242871.185582,372618.382846,1223796.75826,793566.242961,499195.434771,582935.652549,0.0,838339.913211,514422.822724,433262.017155,393624.249002,484844.627811,462503.038139,1370604.73659,2611388.56593,122583.910646,484080.375306,0.0,0.0,0.0,0.0,0.0,0.0,0.0,0.0,0.0,0.0,0.0,0.0,0.0,0.0,0.0,0.0,0.0,0.0,0.0,0.0,0.0,0.0,0.0,0.0,0.0,0.0,0.0,0.0,11268.5683594,10577.6767578,10743.5957031,11598.5390625,12503.0605469,12187.6923828,12246.2753906,12367.5507812,12506.3300781,12425.7714844,12142.5976562,12150.0224609,11464.3300781,11077.4335938,11496.6933594,11989.3417969,11204.3183594,11050.1923828,11218.7148438,11653.5,11557.2734375,ADM1,21,21,CPV,CPV-ADM1-35879248B63330031,CV-RS,Ribeira Grande de Santiago,ADM1
