asdf_id,accessibility_to_cities_2015_v1.0.mean,accessibility_to_cities_2015_v1.0.max,accessibility_to_cities_2015_v1.0.min,access_50k.none.mean,access_50k.none.max,access_50k.none.min,Level,gqid,id,shapeGroup,shapeID,shapeISO,shapeName,shapeType
0,548.38671539,1345.0,0.0,1056.70292178,2612.0,337.0,ADM1,0,0,CAF,CAF-ADM1-2339639B51952767,CF-VK,Vakaga,ADM1
1,703.720792013,1436.0,90.0,980.061138729,2733.0,112.0,ADM1,1,1,CAF,CAF-ADM1-2339639B30325539,CF-BB,Bamingui-Bangoran,ADM1
2,1066.36663287,2421.0,366.0,1342.40131695,4381.0,177.0,ADM1,2,2,CAF,CAF-ADM1-2339639B95641656,CF-HK,Haute-Kotto,ADM1
3,1087.91782369,2395.0,7.0,1859.67593537,4849.0,146.0,ADM1,3,3,CAF,CAF-ADM1-2339639B1537712,CF-HM,Haut-Mbomou,ADM1
4,907.660758618,2161.0,191.0,1213.73318925,3974.0,200.0,ADM1,4,4,CAF,CAF-ADM1-2339639B87872056,CF-MB,Mbomou,ADM1
5,300.285376714,713.0,26.0,470.522698647,1451.0,66.0,ADM1,5,5,CAF,CAF-ADM1-2339639B45931864,CF-BK,Basse-Kotto,ADM1
6,325.77262387,707.0,15.0,393.228807416,1372.0,34.0,ADM1,6,6,CAF,CAF-ADM1-2339639B25797465,CF-OP,Ouham-Pendé,ADM1
7,296.816607497,758.0,0.0,450.767164019,1785.0,0.0,ADM1,7,7,CAF,CAF-ADM1-2339639B552201,CF-MP,Ombella M'Poko,ADM1
8,441.615352952,827.0,148.0,529.083236797,1362.0,145.0,ADM1,8,8,CAF,CAF-ADM1-2339639B66823349,CF-KG,Kémo,ADM1
9,235.555364398,678.0,0.0,334.036005834,1548.0,0.0,ADM1,9,9,CAF,CAF-ADM1-2339639B33467748,CF-HS,Mambéré-Kadéï,ADM1
10,632.632954505,1203.0,315.0,588.679317201,1429.0,151.0,ADM1,10,10,CAF,CAF-ADM1-2339639B98692755,CF-KB,Nana-Grébizi,ADM1
11,249.93722082,476.0,23.0,336.252917642,1133.0,0.0,ADM1,11,11,CAF,CAF-ADM1-2339639B37834509,CF-NM,Nana-Mambéré,ADM1
12,648.505665481,1508.0,190.0,449.238839552,2225.0,0.0,ADM1,12,12,CAF,CAF-ADM1-2339639B3646738,CF-UK,Ouaka,ADM1
13,432.169505852,890.0,116.0,656.846138942,2108.0,157.0,ADM1,13,13,CAF,CAF-ADM1-2339639B42395864,CF-AC,Ouham,ADM1
14,582.692250836,1728.0,184.0,638.392388647,2372.0,67.0,ADM1,14,14,CAF,CAF-ADM1-2339639B80827301,CF-SE,Sangha-Mbaéré,ADM1
15,309.607990778,733.0,32.0,345.344196285,1250.0,53.0,ADM1,15,15,CAF,CAF-ADM1-2339639B88811873,CF-LB,Lobaye,ADM1
16,3.58174981195,38.0,0.0,39.4160499014,143.0,0.0,ADM1,16,16,CAF,CAF-ADM1-2339639B24755629,CF-BGF,Bangui,ADM1
