asdf_id,worldbank_geocodedresearchrelease_level1_v1_4_2.bf1de3f.sum,worldbank_geocodedresearchrelease_level1_v1_4_2.a4b4c97.sum,worldbank_geocodedresearchrelease_level1_v1_4_2.f99c939.sum,worldbank_geocodedresearchrelease_level1_v1_4_2.485401a.sum,worldbank_geocodedresearchrelease_level1_v1_4_2.a127a6e.sum,worldbank_geocodedresearchrelease_level1_v1_4_2.c2de8df.sum,worldbank_geocodedresearchrelease_level1_v1_4_2.887790a.sum,worldbank_geocodedresearchrelease_level1_v1_4_2.653b730.sum,worldbank_geocodedresearchrelease_level1_v1_4_2.6142400.sum,worldbank_geocodedresearchrelease_level1_v1_4_2.381e47f.sum,worldbank_geocodedresearchrelease_level1_v1_4_2.be4c261.sum,worldbank_geocodedresearchrelease_level1_v1_4_2.98af255.sum,worldbank_geocodedresearchrelease_level1_v1_4_2.993244c.sum,worldbank_geocodedresearchrelease_level1_v1_4_2.0cf8a0f.sum,worldbank_geocodedresearchrelease_level1_v1_4_2.c3898aa.sum,worldbank_geocodedresearchrelease_level1_v1_4_2.e9437ae.sum,worldbank_geocodedresearchrelease_level1_v1_4_2.56d6ad1.sum,worldbank_geocodedresearchrelease_level1_v1_4_2.a8d2793.sum,worldbank_geocodedresearchrelease_level1_v1_4_2.d56e944.sum,ucdp_deaths_171.1989.sum,ucdp_deaths_171.1990.sum,ucdp_deaths_171.1991.sum,ucdp_deaths_171.1992.sum,ucdp_deaths_171.1993.sum,ucdp_deaths_171.1994.sum,ucdp_deaths_171.1995.sum,ucdp_deaths_171.1996.sum,ucdp_deaths_171.1997.sum,ucdp_deaths_171.1998.sum,ucdp_deaths_171.1999.sum,ucdp_deaths_171.2000.sum,ucdp_deaths_171.2001.sum,ucdp_deaths_171.2002.sum,ucdp_deaths_171.2003.sum,ucdp_deaths_171.2004.sum,ucdp_deaths_171.2005.sum,ucdp_deaths_171.2006.sum,ucdp_deaths_171.2007.sum,ucdp_deaths_171.2008.sum,ucdp_deaths_171.2009.sum,ucdp_deaths_171.2010.sum,ucdp_deaths_171.2011.sum,ucdp_deaths_171.2012.sum,ucdp_deaths_171.2013.sum,ucdp_deaths_171.2014.sum,ucdp_deaths_171.2015.sum,ucdp_deaths_171.2016.sum,worldpop_pop_count_1km_mosaic.2000.sum,worldpop_pop_count_1km_mosaic.2001.sum,worldpop_pop_count_1km_mosaic.2003.sum,worldpop_pop_count_1km_mosaic.2002.sum,worldpop_pop_count_1km_mosaic.2005.sum,worldpop_pop_count_1km_mosaic.2004.sum,worldpop_pop_count_1km_mosaic.2006.sum,worldpop_pop_count_1km_mosaic.2008.sum,worldpop_pop_count_1km_mosaic.2007.sum,worldpop_pop_count_1km_mosaic.2009.sum,worldpop_pop_count_1km_mosaic.2010.sum,worldpop_pop_count_1km_mosaic.2011.sum,worldpop_pop_count_1km_mosaic.2012.sum,worldpop_pop_count_1km_mosaic.2013.sum,worldpop_pop_count_1km_mosaic.2014.sum,worldpop_pop_count_1km_mosaic.2015.sum,worldpop_pop_count_1km_mosaic.2016.sum,worldpop_pop_count_1km_mosaic.2017.sum,worldpop_pop_count_1km_mosaic.2018.sum,worldpop_pop_count_1km_mosaic.2019.sum,worldpop_pop_count_1km_mosaic.2020.sum,Level,gqid,id,shapeGroup,shapeID,shapeISO,shapeName,shapeType
0,144505.092502,11086.5178303,55606.1438679,10390314.955,1727040.78658,204115.606821,6591947.35143,642225.876136,84746.2545863,1749.23680162,6675202.54133,863398.612879,73879.0886159,1975216.26383,5470302.77317,45298.520189,1601802.13865,1650777.28043,8778398.45611,0.0,0.0,0.0,0.0,0.0,0.0,0.0,0.0,0.0,0.0,0.0,0.0,0.0,0.0,0.0,0.0,0.0,0.0,0.0,0.0,0.0,0.0,0.0,0.0,0.0,0.0,0.0,0.0,171101.25,175179.734375,182232.078125,178268.8125,189623.21875,185651.59375,193370.015625,201104.90625,197109.75,205139.75,209126.78125,213082.34375,217339.75,221832.3125,227059.96875,231705.6875,236345.03125,241348.046875,246360.5625,251230.0625,256354.5625,ADM1,0,0,GMB,GMB-ADM1-30299648B79411831,GM-M,Central River,ADM1
1,119937.864782,31426.2218951,32378.7028484,7843307.09533,6708557.57033,169414.029824,6134790.66024,8247263.42331,92803.8225447,1301042.71133,3703524.22248,495585.942374,61318.9472232,1139231.57173,5622232.54689,189115.801621,922760.47199,948340.332917,6003219.09583,0.0,2.5,0.0,0.0,0.0,0.0,0.0,0.0,0.0,0.0,0.0,0.0,0.0,0.0,0.0,0.0,0.0,0.439999997616,0.0,0.0,0.0,0.0,0.0,0.0,0.0,0.0,0.0,0.0,inf,390059.90625,431398.0,408778.78125,487515.8125,457511.125,515560.5625,576051.3125,547081.75,608642.125,637167.875,679885.4375,716715.3125,757088.875,800196.125,850122.25,898994.0,954405.25,1014849.375,1074363.0,1136969.75,ADM1,1,1,GMB,GMB-ADM1-30299648B49690135,GM-W,Western Division,ADM1
2,0.0,0.0,0.0,4048666.20119,2582322.8437,0.0,6663252.56436,4780850.79263,0.0,939851.963036,41623.4425217,14674.2655143,0.0,33207.5795717,113580.007072,0.0,27002.7034609,23672.696645,101062.405853,0.0,0.0,0.0,0.0,0.0,0.0,0.0,0.0,0.0,0.0,0.0,0.0,0.0,0.0,0.0,0.0,0.0,0.0,0.0,0.0,0.0,0.0,0.0,0.0,0.0,0.0,0.0,0.0,inf,260829.0625,270196.1875,265381.5625,270111.25,269112.8125,272091.625,279448.3125,273291.25,284216.9375,292874.59375,292625.3125,297989.25,304788.0625,309802.1875,312127.40625,317413.125,321559.09375,322921.25,330097.125,337318.46875,ADM1,2,2,GMB,GMB-ADM1-30299648B38139168,GM-B,Greater Banjul Area,ADM1
3,84710.6518018,9189.33289279,276219.218683,8077289.97134,1668235.52778,157179.974306,4690558.36075,1937419.90947,96165.9516207,6293.54207743,4308936.07677,607343.072678,43308.8249197,1386928.23852,3943688.99077,26554.5463099,1125233.34983,981813.396721,7270900.70155,0.0,0.0,0.0,0.0,0.0,0.0,0.0,0.0,0.0,0.0,0.0,0.0,0.0,0.0,0.0,0.0,0.0,0.0,0.0,0.0,0.0,0.0,0.0,0.0,0.0,0.0,0.0,0.0,inf,160540.96875,168345.21875,165006.453125,177405.28125,173629.375,182166.9375,191661.46875,187438.109375,195564.03125,201339.921875,206583.8125,211841.359375,216394.265625,222234.40625,226737.28125,233088.71875,239453.140625,246046.15625,252777.84375,258197.65625,ADM1,3,3,GMB,GMB-ADM1-30299648B48737894,GM-N,North Bank Division,ADM1
4,50894.2063073,3392.36119032,9201.22669849,6358797.36349,1573932.07618,71888.8284436,3142932.96723,295845.180097,27367.0215993,616.075303093,3567051.56489,409302.244339,26019.9658898,933766.656218,2649593.81542,15953.9860637,757761.788175,695796.325259,3007356.99205,0.0,0.0,0.0,0.0,0.0,0.0,0.0,0.0,0.0,0.0,0.0,0.0,0.0,0.0,0.0,0.0,0.0,0.0,0.0,0.0,0.0,0.0,0.0,0.0,0.0,0.0,0.0,0.0,inf,67812.5859375,69672.578125,68545.125,71532.90625,70694.25,72578.46875,74500.1640625,73516.4375,75563.8359375,76730.65625,77626.953125,78800.3125,79589.09375,80738.703125,81930.625,82887.640625,84382.0625,85716.40625,86913.859375,87832.3671875,ADM1,4,4,GMB,GMB-ADM1-30299648B60919714,GM-L,Lower River,ADM1
5,125390.374535,13981.133013,35945.3123951,7814349.16543,3418633.73574,211522.416108,4370250.1099,439255.553019,74328.8678031,1633632.70563,2409991.75362,576271.297608,64106.5752869,1322627.00555,3640009.28065,39306.5622395,1071724.39272,992190.297616,3682816.77376,0.0,0.0,0.0,0.0,0.0,0.0,0.0,0.0,0.0,0.0,0.0,0.719999983907,0.0,0.0,0.0,0.0,0.0,0.0,0.0,0.0,0.0,0.0,0.0,0.0,0.0,0.0,0.0,0.0,162774.75,167581.09375,177108.296875,171874.34375,187061.109375,181744.015625,192619.5,203460.9375,198116.421875,209065.328125,214824.140625,220736.09375,226400.5625,231922.40625,238181.0625,244736.6875,251293.46875,258713.671875,266268.625,273600.0625,280444.75,ADM1,5,5,GMB,GMB-ADM1-30299648B55724317,GM-U,Upper River,ADM1
