asdf_id,worldbank_geocodedresearchrelease_level1_v1_4_2.bf1de3f.sum,worldbank_geocodedresearchrelease_level1_v1_4_2.485401a.sum,worldbank_geocodedresearchrelease_level1_v1_4_2.c2de8df.sum,worldbank_geocodedresearchrelease_level1_v1_4_2.887790a.sum,worldbank_geocodedresearchrelease_level1_v1_4_2.653b730.sum,worldbank_geocodedresearchrelease_level1_v1_4_2.034e602.sum,worldbank_geocodedresearchrelease_level1_v1_4_2.6142400.sum,worldbank_geocodedresearchrelease_level1_v1_4_2.381e47f.sum,worldbank_geocodedresearchrelease_level1_v1_4_2.be4c261.sum,worldbank_geocodedresearchrelease_level1_v1_4_2.98af255.sum,worldbank_geocodedresearchrelease_level1_v1_4_2.993244c.sum,worldbank_geocodedresearchrelease_level1_v1_4_2.0cf8a0f.sum,worldbank_geocodedresearchrelease_level1_v1_4_2.c3898aa.sum,worldbank_geocodedresearchrelease_level1_v1_4_2.e9437ae.sum,worldbank_geocodedresearchrelease_level1_v1_4_2.56d6ad1.sum,worldbank_geocodedresearchrelease_level1_v1_4_2.a8d2793.sum,worldbank_geocodedresearchrelease_level1_v1_4_2.d56e944.sum,ucdp_deaths_171.1989.sum,ucdp_deaths_171.1990.sum,ucdp_deaths_171.1991.sum,ucdp_deaths_171.1992.sum,ucdp_deaths_171.1993.sum,ucdp_deaths_171.1994.sum,ucdp_deaths_171.1995.sum,ucdp_deaths_171.1996.sum,ucdp_deaths_171.1997.sum,ucdp_deaths_171.1998.sum,ucdp_deaths_171.1999.sum,ucdp_deaths_171.2000.sum,ucdp_deaths_171.2001.sum,ucdp_deaths_171.2002.sum,ucdp_deaths_171.2003.sum,ucdp_deaths_171.2004.sum,ucdp_deaths_171.2005.sum,ucdp_deaths_171.2006.sum,ucdp_deaths_171.2007.sum,ucdp_deaths_171.2008.sum,ucdp_deaths_171.2009.sum,ucdp_deaths_171.2010.sum,ucdp_deaths_171.2011.sum,ucdp_deaths_171.2012.sum,ucdp_deaths_171.2013.sum,ucdp_deaths_171.2014.sum,ucdp_deaths_171.2015.sum,ucdp_deaths_171.2016.sum,worldpop_pop_count_1km_mosaic.2000.sum,worldpop_pop_count_1km_mosaic.2001.sum,worldpop_pop_count_1km_mosaic.2003.sum,worldpop_pop_count_1km_mosaic.2002.sum,worldpop_pop_count_1km_mosaic.2005.sum,worldpop_pop_count_1km_mosaic.2004.sum,worldpop_pop_count_1km_mosaic.2006.sum,worldpop_pop_count_1km_mosaic.2008.sum,worldpop_pop_count_1km_mosaic.2007.sum,worldpop_pop_count_1km_mosaic.2009.sum,worldpop_pop_count_1km_mosaic.2010.sum,worldpop_pop_count_1km_mosaic.2011.sum,worldpop_pop_count_1km_mosaic.2012.sum,worldpop_pop_count_1km_mosaic.2013.sum,worldpop_pop_count_1km_mosaic.2014.sum,worldpop_pop_count_1km_mosaic.2015.sum,worldpop_pop_count_1km_mosaic.2016.sum,worldpop_pop_count_1km_mosaic.2017.sum,worldpop_pop_count_1km_mosaic.2018.sum,worldpop_pop_count_1km_mosaic.2019.sum,worldpop_pop_count_1km_mosaic.2020.sum,ADM1_NAME,Level,OBJECTID,gqid,id,shapeGroup,shapeID,shapeType
0,1984697.05715,137029.660067,2710574.41909,0.0,0.0,6040205.59114,398907.495915,2423517.03572,0.0,4589921.53961,87737.5569637,0.0,10971042.8336,0.0,0.0,3154263.72138,0.0,110.0,16.0,8.0,0.0,104.0,31.0,32.0,0.0,0.0,0.0,20.0,0.0,521.0,6.0,0.0,0.0,0.0,0.0,0.0,0.0,0.0,0.0,0.0,0.0,0.0,0.0,0.0,0.0,inf,570610.125,541863.8125,557855.9375,522409.0625,531798.25,515769.1875,501902.75,506019.15625,502124.625,506732.4375,509224.75,534206.4375,538170.9375,561218.0,576822.125,596840.4375,632803.8125,689124.25,719844.4375,793734.75,BENGO,ADM1,1,0,0,AGO,AGO-ADM1-48898575B7732770,ADM1
1,3409225.60359,864732.041738,4639040.01765,0.0,0.0,7575549.13808,774824.083222,0.0,0.0,0.0,170418.387307,0.0,2716199.54971,0.0,0.0,4261750.54965,0.0,285.0,89.0,3.0,330.0000071525574,1296.00000954,46.0,51.71000027656555,2.0,NA,29.0,67.0,25.0,81.96000003814697,46.0,NA,NA,NA,NA,NA,NA,NA,NA,NA,NA,NA,NA,NA,NA,inf,2138879.57031,2116094.01807,2127721.31982,2095491.56836,2106638.55811,2084691.67139,2064058.3457,2075997.95117,2055599.62988,2046578.96289,2039660.96533,2030863.99414,2019537.24463,2010162.61084,2000696.41162,1992704.53516,1984854.90967,1976627.59033,1966061.66553,1956895.45459,BENGUELA,ADM1,2,1,1,AGO,AGO-ADM1-48898575B46367581,ADM1
2,234390.353508,867732.73217,58912.5158209,0.0,0.0,5863357.27229,1418461.98768,9441665.95196,0.0,17881659.2927,14411554.6878,0.0,4990723.00418,12000000.0,0.0,4304721.69405,0.0,398.0,192.0,NA,34.0,2181.0,1449.0,8.0,0.0,NA,675.0,614.0,185.0,299.0,21.0,NA,NA,NA,NA,NA,NA,NA,NA,NA,NA,NA,NA,NA,NA,2234264.06602,2153904.04655,2002125.7766,2076572.04516,1860935.88185,1930246.08089,1794142.24014,1667663.49892,1729701.51755,1607739.28526,1549844.06596,1494468.45026,1440942.85857,1389236.43642,1339316.40141,1291239.87807,1244950.97258,1200283.72517,1157212.3701,1115659.75602,1075650.00322,BIÉ,ADM1,3,2,2,AGO,AGO-ADM1-48898575B33372522,ADM1
3,3091008.62925,4263.58308915,4306520.82925,74401.1618646,309069.309846,6707179.16823,272098.764904,15634.6986394,0.0,81915.6249577,54838.7048312,103333.828649,449764.911193,14255.1868836,15103.9258921,4543667.26275,26049.7382524,1.0,0.0,35.0,1.0,0.0,157.74999997019768,5.880000025033951,73.0,71.0,57.0,0.0,6.0,2.0,90.34999999403954,79.20000000298023,45.150000005960464,11.0,0.0,26.0,4.0,1.0,4.0,1.0,0.0,0.0,0.0,1.0,13.0,inf,142825.84375,181534.0,160620.15625,229050.859375,203714.53125,257613.0625,326078.0625,289847.0,366249.125,411108.75,467568.6875,524911.125,591313.0,665617.5,749414.625,842255.375,950851.875,1073089.375,1205382.375,1358575.75,CABINDA,ADM1,4,3,3,AGO,AGO-ADM1-48898575B33737670,ADM1
4,3517627.39483,51895.4099725,4645389.14045,0.0,0.0,8283445.47022,1540552.01061,0.0,0.0,0.0,338836.124091,0.0,5400511.89444,0.0,0.0,4273323.41581,0.0,142.0,35.0,NA,NA,1.0,NA,14.799999952316284,0.0,NA,NA,NA,65.0,296.0,77.0,NA,NA,NA,NA,NA,NA,NA,NA,NA,NA,NA,NA,NA,NA,3.40282346639e+38,555954.67334,605239.046875,579883.612305,658608.25,631569.770508,686995.923828,747781.050781,716784.035156,779970.123047,813711.12207,848805.755859,885548.425781,923759.523438,963478.549805,1005219.75488,1048419.39844,1094117.23242,1141244.58203,1190373.4375,1241934.79492,CUNENE,ADM1,5,4,4,AGO,AGO-ADM1-48898575B83184320,ADM1
5,3376857.91237,1657232.40798,4616820.83708,0.0,0.0,7424145.86941,652885.952463,39761.4520231,0.0,75304.5851948,11884265.2945,0.0,2288736.9772,12000000.0,0.0,4259203.47238,0.0,364.0,139.0,2.0,3.0,6696.0,224.0,6.0,0.0,0.0,48.0,321.0,58.0,82.0,9.0,0.0,0.0,0.0,0.0,0.0,0.0,0.0,0.0,0.0,0.0,0.0,0.0,0.0,0.0,inf,2458133.04688,2361622.14062,2409402.71875,2269284.07812,2314873.95312,2224489.26562,2137473.28125,2180555.5,2095283.01562,2054049.71094,2013057.11719,1973159.28906,1934244.17188,1895956.20312,1858475.17969,1821769.13281,1785778.67188,1750490.07812,1716078.57812,1682279.42188,HUAMBO,ADM1,6,5,5,AGO,AGO-ADM1-48898575B90510536,ADM1
6,3564011.3809,58267.8591218,4705987.28968,0.0,0.0,8470271.7224,1564313.62931,11056.1557631,0.0,20939.3566186,5753806.9902,0.0,5483809.89639,12000000.0,0.0,4330761.17924,0.0,100.0,26.0,1.0,51.0,394.0,739.0,36.200000047683716,0.0,17.0,32.0,106.0,93.0,105.0,63.0,NA,NA,NA,NA,NA,NA,NA,NA,NA,NA,NA,NA,NA,NA,inf,1204981.37891,1335627.69141,1268594.28125,1480366.26172,1406081.92969,1558590.42578,1727757.36719,1640894.90625,1819011.10547,1915282.34766,2016635.04688,2122655.90625,2234907.20312,2353192.75,2477669.48438,2608482.88281,2746372.36719,2891626.79688,3044540.82812,3205262.10938,HUÍLA,ADM1,7,6,6,AGO,AGO-ADM1-48898575B81468803,ADM1
7,635055.716355,138511.704958,131004.859777,15855.546208,39962.965343,8190059.49384,3993036.5497,53669.6086499,462.841581173,101645.372875,6288679.79344,4318.80122869,13955219.1664,12009517.5578,20724.5666783,4308945.87388,22585.5929863,378.0,1084.0,2.0,NA,564.0,58.0,NA,0.0,NA,14.0,22.0,20.339999813586473,28.0,2.0,NA,NA,NA,NA,NA,NA,NA,NA,NA,NA,NA,NA,NA,NA,809727.65625,783099.231934,733273.777344,757655.977539,686282.781494,709784.243408,663836.078491,621184.495117,642307.850342,601240.749268,581357.460205,562957.661133,545210.174072,527754.076416,510940.762451,494204.113281,478296.531494,463230.00293,448291.081299,433561.005615,419630.067261,KUANDO KUBANGO,ADM1,8,7,7,AGO,AGO-ADM1-48898575B16142838,ADM1
8,74324.3839034,1525647.64644,29158.2197084,0.0,0.0,4192246.4137,394782.434968,7953755.83199,0.0,15063692.4255,5516141.41998,0.0,1644316.17962,12000000.0,0.0,3600452.20027,0.0,31.0,4.0,0.0,0.0,0.0,312.0,1.0,0.0,0.0,3.0,21.0,20.0,34.0,80.0,0.0,0.0,0.0,0.0,0.0,0.0,0.0,0.0,0.0,0.0,0.0,0.0,0.0,0.0,inf,851448.25,765815.25,807510.0,688692.5625,726311.875,653041.6875,587192.0625,619300.8125,556744.5,527958.25,500734.625,475084.21875,450490.4375,427267.375,405266.625,384430.4375,364648.84375,345976.15625,328137.28125,311322.75,KWANZA NORTE,ADM1,9,8,8,AGO,AGO-ADM1-48898575B94314277,ADM1
9,3463017.96163,43558.6353622,4656668.33868,0.0,0.0,7927375.33712,1078792.40534,74943.6098658,0.0,141936.402389,248895.001104,0.0,3882163.0571,0.0,0.0,4311617.74137,0.0,254.0,160.0,NA,NA,174.0,86.0,5.0,0.0,NA,11.0,130.89999985694885,11.0,265.8499997854233,NA,NA,NA,NA,NA,NA,NA,NA,NA,NA,NA,NA,NA,NA,NA,inf,1587453.64551,1616296.89258,1601664.39844,1645777.56445,1631527.33203,1660423.22559,1690423.51562,1676003.85449,1705163.2041,1720530.87354,1737170.25391,1754056.11914,1769509.83496,1785225.05664,1801147.82715,1818300.13477,1835616.78516,1852716.95117,1869227.69824,1885571.99707,KWANZA SUL,ADM1,10,9,9,AGO,AGO-ADM1-48898575B43250363,ADM1
10,4559373.23181,17903.9498025,6328927.87614,0.0,0.0,8892015.74477,380763.089868,8193557.41529,0.0,15517854.8829,4931148.53011,0.0,5418170.53648,10752600.1453,0.0,5840575.66818,0.0,2.0,45.0,0.0,1213.8799999952316,0.0,74.0,0.0,0.0,0.0,9.0,18.0,14.0,24.0,10.0,0.0,0.0,0.0,0.0,0.0,0.0,0.0,3.0,0.0,0.0,2.0,0.0,0.0,1.0,inf,773284.8125,1067661.125,905268.0625,1469418.125,1250206.5,1723355.0,2377940.75,2025217.25,2792035.25,3265563.5,3834510.0,4491860.5,5280361.5,6180525.5,7274640.5,8542639.0,10010158.0,11739906.0,13781679.0,16192316.0,LUANDA,ADM1,11,10,10,AGO,AGO-ADM1-48898575B64004395,ADM1
11,259600.4554,64461.718207,0.0,938.985567681,212989.390608,5928425.46834,2059271.57181,108550.18659,0.0,104669.171446,455561.72408,12124.7567372,23019728.43,12014746.3628,15187.3930764,3991995.64394,73499.4099861,8.0,39.0,7.0,NA,103.0,175.0,2.0,0.0,NA,1.0,65.0,59.0,179.0,12.0,NA,NA,NA,NA,NA,NA,NA,NA,NA,NA,NA,NA,NA,NA,620912.109375,632468.386719,653506.929688,643084.796875,675951.5,663927.546875,688106.859375,709565.863281,698906.117188,722049.4375,734331.964844,746804.601562,758758.566406,771527.582031,784268.863281,796208.125,810440.382812,823941.199219,838229.4375,852964.347656,865764.382812,LUNDA NORTE,ADM1,12,11,11,AGO,AGO-ADM1-48898575B66227258,ADM1
12,212904.099477,55404.5452637,0.0,304.535730778,52015.9005988,6104817.26744,1608165.25936,48728.1371182,0.0,89397.6087233,354528.976194,13217.9738769,5874832.85921,3751.2280701,6117.36595753,4397549.84275,26672.5706629,85.0,NA,NA,NA,34.0,207.0,NA,0.0,NA,23.0,NA,NA,68.0,NA,NA,NA,NA,NA,NA,NA,NA,NA,NA,NA,NA,NA,NA,NA,534402.420349,533687.45459,531697.076965,532963.060791,530440.64978,531382.619293,529552.152344,528666.923828,528945.003662,527974.174072,527303.200989,526385.94519,525651.783081,524974.480347,523878.14856,524172.821777,522907.60791,522312.257935,521776.46936,521253.338562,520788.520508,LUNDA SUL,ADM1,13,12,12,AGO,AGO-ADM1-48898575B92361236,ADM1
13,247989.582811,70932.6272615,19931.3366853,127.188749915,27119.4195538,6444212.38314,1741381.30766,9592654.46388,0.0,18165960.9345,22045866.0943,1031.90284164,19916599.2414,1449.92997444,4250.09731476,4604417.57725,15931.3115136,65.0,36.0,41.0,15.0,352.0,345.0,2.0,0.0,NA,45.0,833.0,46.0,87.0,11.0,NA,NA,NA,NA,NA,NA,NA,NA,NA,NA,NA,NA,NA,NA,inf,1024904.60465,1017675.81109,1020640.73144,1009618.52587,1013820.40836,1005368.26782,998726.685562,1002008.70087,994723.729702,991436.618668,987763.25791,983844.144463,980540.340538,978582.625816,975281.520061,971074.839626,968717.933174,965060.371429,961003.886364,957725.416344,MALANJE,ADM1,14,13,13,AGO,AGO-ADM1-48898575B88034697,ADM1
14,657810.290329,956671.632231,126107.228335,19006.3646332,124374.448518,8211351.47924,4013818.33695,9545123.66776,12515.0971139,18073287.9178,6305467.8853,31306.5168481,25594158.3248,12016733.5034,20061.9374542,4355732.15869,67061.2705437,539.0,652.0,427.0,400.0,408.0,88.0,10.0,0.0,NA,29.0,50.0,593.0,NA,87.0,NA,NA,NA,NA,NA,NA,24.0,NA,NA,NA,NA,NA,NA,NA,inf,245717.853609,290202.995245,267022.160069,342855.391266,315604.161936,372760.484009,440473.437119,405050.580966,478542.013276,520333.236341,565622.80584,614730.08493,668110.507925,726631.726834,790097.57403,858630.582461,933621.289182,1015034.96671,1103354.54634,1199596.39213,MOXICO,ADM1,15,14,14,AGO,AGO-ADM1-48898575B58710273,ADM1
15,3452161.99598,38496.8768846,4629233.38858,0.0,0.0,7904986.10825,1142807.06364,0.0,0.0,0.0,251354.263509,0.0,4006189.40334,0.0,0.0,4252741.486,0.0,3.0,NA,NA,3.0,8.0,NA,19.0,0.0,NA,NA,NA,NA,NA,63.0,NA,NA,NA,NA,NA,NA,NA,NA,NA,NA,NA,NA,NA,NA,inf,241647.366852,267216.194626,253928.467346,295684.136017,281279.511063,310910.006058,343304.519653,327009.624725,361256.8591,379357.300415,400063.863831,421466.709564,443525.436584,466103.473755,490221.130646,516401.370728,542894.230621,571134.629272,600356.958374,631286.83725,NAMIBE,ADM1,16,15,15,AGO,AGO-ADM1-48898575B41978554,ADM1
16,177330.295215,45516.9567663,22298.0907659,14905.8200395,275741.640305,5649416.76435,1359960.85139,9482714.70196,0.0,17934073.639,5707995.61349,131223.888155,17902346.002,12025569.4444,12309.557961,4492042.18697,66915.0762184,108.0,92.0,NA,1.0,28.0,1.0,11.0,0.0,NA,224.0,375.0,16.0,45.0,NA,NA,NA,NA,NA,NA,NA,NA,NA,NA,NA,NA,NA,NA,NA,4064511.625,3769097.14844,3244788.85938,3496619.75,2794479.15625,3010871.78906,2593049.05469,2232642.03125,2405422.85938,2071756.19531,1923306.8125,1784264.71484,1653764.96484,1535260.91406,1427748.53125,1325062.04688,1229428.4375,1141644.49219,1060321.16016,984211.605469,913337.300781,UÍGE,ADM1,17,16,16,AGO,AGO-ADM1-48898575B12470804,ADM1
17,102798.191267,23622.1035988,10764.8669816,1084481.51474,1323204.46415,5149815.21874,869358.194549,76511.2308455,0.0,115578.441643,5574916.64307,183188.402306,2591752.76777,12030527.8013,0.0,6035511.89337,611850.773069,NA,NA,NA,6.0,45.0,15.0,7.0,0.0,NA,NA,19.899999976158142,NA,40.0,NA,NA,NA,NA,NA,NA,NA,NA,NA,NA,NA,NA,NA,NA,NA,inf,281861.636719,313977.12207,297654.542236,350093.597656,331412.160156,369933.580566,412088.605957,389888.571777,435594.59375,459193.998047,486149.364258,512163.624023,541984.449219,572995.335449,605467.924072,639035.351562,675506.177734,713489.448242,754119.400391,796306.946289,ZAIRE,ADM1,18,17,17,AGO,AGO-ADM1-48898575B21705560,ADM1
