asdf_id,worldbank_geocodedresearchrelease_level1_v1_4_2.bf1de3f.sum,worldbank_geocodedresearchrelease_level1_v1_4_2.a4b4c97.sum,worldbank_geocodedresearchrelease_level1_v1_4_2.f99c939.sum,worldbank_geocodedresearchrelease_level1_v1_4_2.485401a.sum,worldbank_geocodedresearchrelease_level1_v1_4_2.a127a6e.sum,worldbank_geocodedresearchrelease_level1_v1_4_2.c2de8df.sum,worldbank_geocodedresearchrelease_level1_v1_4_2.887790a.sum,worldbank_geocodedresearchrelease_level1_v1_4_2.653b730.sum,worldbank_geocodedresearchrelease_level1_v1_4_2.034e602.sum,worldbank_geocodedresearchrelease_level1_v1_4_2.6142400.sum,worldbank_geocodedresearchrelease_level1_v1_4_2.381e47f.sum,worldbank_geocodedresearchrelease_level1_v1_4_2.be4c261.sum,worldbank_geocodedresearchrelease_level1_v1_4_2.98af255.sum,worldbank_geocodedresearchrelease_level1_v1_4_2.993244c.sum,worldbank_geocodedresearchrelease_level1_v1_4_2.0cf8a0f.sum,worldbank_geocodedresearchrelease_level1_v1_4_2.c3898aa.sum,worldbank_geocodedresearchrelease_level1_v1_4_2.e9437ae.sum,worldbank_geocodedresearchrelease_level1_v1_4_2.56d6ad1.sum,worldbank_geocodedresearchrelease_level1_v1_4_2.a8d2793.sum,worldbank_geocodedresearchrelease_level1_v1_4_2.d56e944.sum,ucdp_deaths_171.1989.sum,ucdp_deaths_171.1990.sum,ucdp_deaths_171.1991.sum,ucdp_deaths_171.1992.sum,ucdp_deaths_171.1993.sum,ucdp_deaths_171.1994.sum,ucdp_deaths_171.1995.sum,ucdp_deaths_171.1996.sum,ucdp_deaths_171.1997.sum,ucdp_deaths_171.1998.sum,ucdp_deaths_171.1999.sum,ucdp_deaths_171.2000.sum,ucdp_deaths_171.2001.sum,ucdp_deaths_171.2002.sum,ucdp_deaths_171.2003.sum,ucdp_deaths_171.2004.sum,ucdp_deaths_171.2005.sum,ucdp_deaths_171.2006.sum,ucdp_deaths_171.2007.sum,ucdp_deaths_171.2008.sum,ucdp_deaths_171.2009.sum,ucdp_deaths_171.2010.sum,ucdp_deaths_171.2011.sum,ucdp_deaths_171.2012.sum,ucdp_deaths_171.2013.sum,ucdp_deaths_171.2014.sum,ucdp_deaths_171.2015.sum,ucdp_deaths_171.2016.sum,worldpop_pop_count_1km_mosaic.2000.sum,worldpop_pop_count_1km_mosaic.2001.sum,worldpop_pop_count_1km_mosaic.2003.sum,worldpop_pop_count_1km_mosaic.2002.sum,worldpop_pop_count_1km_mosaic.2005.sum,worldpop_pop_count_1km_mosaic.2004.sum,worldpop_pop_count_1km_mosaic.2006.sum,worldpop_pop_count_1km_mosaic.2008.sum,worldpop_pop_count_1km_mosaic.2007.sum,worldpop_pop_count_1km_mosaic.2009.sum,worldpop_pop_count_1km_mosaic.2010.sum,worldpop_pop_count_1km_mosaic.2011.sum,worldpop_pop_count_1km_mosaic.2012.sum,worldpop_pop_count_1km_mosaic.2013.sum,worldpop_pop_count_1km_mosaic.2014.sum,worldpop_pop_count_1km_mosaic.2015.sum,worldpop_pop_count_1km_mosaic.2016.sum,worldpop_pop_count_1km_mosaic.2017.sum,worldpop_pop_count_1km_mosaic.2018.sum,worldpop_pop_count_1km_mosaic.2019.sum,worldpop_pop_count_1km_mosaic.2020.sum,Level,gqid,shapeGroup,shapeID,shapeISO,shapeName,shapeType
0,10449838.5328,9680550.1505,42252032.1259,59771516.691,12897.8664723,45279643.429,68115748.4065,13496874.8326,87321231.8266,10718779.5775,27947609.5377,61399707.8234,42398032.3517,24876440.2679,52984697.0862,4242.2523529,85831585.6031,69465336.7487,58643586.3874,76349663.3048,NA,200.0,39.0,19.0,NA,45.0,8.0,11.0,62.0,NA,NA,NA,NA,NA,NA,4.0,NA,NA,98.0,52.0,NA,NA,NA,1.0,29.0,NA,NA,1.0,2179995.9579,2277438.74584,2491639.07564,2381559.97835,2729063.0272,2606450.91104,2857530.76823,3135294.81943,2986947.9164,3284112.38873,3445717.59337,3609877.61881,3788286.51654,3970408.2748,4167559.43192,4375210.09427,4598070.98859,4834940.65851,5081804.13779,5346835.36522,5630298.12413,ADM1,0,NER,NER-ADM1-87150794B30590603,NE-1,Tahoua/Agadez,ADM1
1,27558316.4658,2894848.21692,3971963.41996,2526194.14257,22509.0409501,2033616.15451,7951435.61589,6818720.99939,10579427.3153,641953.792458,1346841.04122,2562220.60438,2023868.72954,12288694.5329,5552710.34227,67243.9371197,33846917.9977,2978622.80083,20008539.4442,3734184.22882,NA,NA,NA,NA,NA,NA,4.0,NA,NA,NA,NA,NA,NA,NA,NA,NA,NA,NA,NA,NA,NA,NA,NA,NA,NA,NA,5.0,NA,1492017.98438,1534736.39844,1621679.51953,1577377.875,1712379.76172,1666430.01172,1761074.62891,1861484.51953,1809902.92188,1913223.08594,1965298.23438,2021259.50391,2079699.21094,2136577.33594,2196822.95312,2258362.98438,2320570.59375,2386423.37891,2453896.73828,2523387.125,2594186.55469,ADM1,1,NER,NER-ADM1-87150794B65472366,NE-3,Dossa,ADM1
2,6598.6932728,2724006.55556,3503153.45088,12312151.7685,0.0,28747.3464868,15817279.5563,9884.3926593,10518214.3507,6776.98871392,17727.4154683,4127641.43899,26909.9021703,7865790.91524,3774017.76371,0.0,7516550.59707,44143.9430835,22483193.7648,48400.6910467,0.0,0.0,0.0,0.0,0.0,0.0,0.0,0.0,0.0,0.0,0.0,0.0,0.0,0.0,0.0,0.0,0.0,0.0,0.0,1.0,0.0,0.0,0.0,0.0,2.0,0.0,0.0,0.0,635047.75,668259.125,711423.0625,683636.875,756481.0,727929.8125,779914.8125,843993.625,803741.375,847309.375,875499.875,905454.5625,955338.375,981467.6875,1006629.875,1035760.5,1056566.875,1096610.375,1143489.25,1170624.5,1207040.5,ADM1,2,NER,NER-ADM1-87150794B97904928,NE-6,Niamey,ADM1
3,2934008.90898,11017260.684,20055023.3235,7368257.26522,30612.3737345,5798049.90146,13193146.0163,6996943.78514,17018422.9776,1561198.94305,3606542.42565,9001786.81655,5630954.56701,14087036.2961,8293685.63319,349199.863399,22780993.8589,8614191.40351,86998142.9916,9441813.09949,NA,NA,1.0,10.0,6.0,5.0,NA,NA,12.0,NA,NA,NA,NA,NA,NA,NA,NA,NA,NA,2.0,NA,NA,NA,NA,NA,NA,NA,NA,1865160.60632,1914255.06976,2045114.84991,1983778.78186,2187876.83533,2121041.77112,2264037.45337,2410123.33002,2343218.59161,2517904.54407,2607539.08105,2697001.03894,2773108.1897,2878252.71576,2988461.29816,3100412.08856,3230192.96515,3345227.9632,3459105.74475,3599399.39294,3742420.82837,ADM1,3,NER,NER-ADM1-87150794B94580213,NE-5,Tillaberi,ADM1
4,549782.565357,3001339.12737,16682621.772,3165220.01311,0.0,2415585.92178,8509353.10642,6741134.9619,14552886.614,603830.699625,1526911.66921,3091808.31357,2292627.8681,22331595.1804,5653888.97287,0.0,41589532.8536,3696213.31797,11590255.2152,4239753.79907,NA,NA,NA,NA,NA,NA,29.0,NA,NA,NA,NA,NA,NA,NA,NA,NA,NA,NA,NA,NA,NA,NA,NA,NA,NA,NA,NA,NA,2133701.6875,2216045.65625,2389550.71875,2300325.78125,2580302.28125,2484783.125,2680044.01562,2893810.1875,2789029.70312,3008911.75,3122443.5,3251068.53125,3380093.59375,3514669.8125,3653146.5625,3797542.5,3947361.6875,4105398.53125,4269926.0,4439024.03125,4616334.4375,ADM1,4,NER,NER-ADM1-87150794B55203671,NE-4,Maradi,ADM1
5,4162068.00154,24544898.6165,17564995.3983,23710201.2041,48022.4271485,18216457.9195,32975864.0127,13791608.5077,46234822.0006,4385930.89493,11213128.1318,24265276.642,16962940.6521,13431697.407,17843643.4517,33340.7896772,40398519.8632,27579119.7244,45340323.0036,30802781.0346,170.0,NA,NA,NA,NA,NA,25.819999992847443,3.0,7.0,147.0,NA,NA,NA,NA,NA,1.899999976158142,NA,NA,NA,1.0,NA,NA,NA,0.5699999928474426,1.1399999856948853,1.4899999760091305,525.3199988231063,300.36000003293157,2306683.18214,2421341.1367,2664750.23515,2539990.01354,2933081.8822,2794426.80645,3077561.7614,3387757.41601,3226922.31334,3556540.69497,3730116.84628,3918851.31018,4121414.08228,4329002.60128,4545429.34435,4775007.43986,5014967.32879,5267293.54575,5539341.61535,5821545.32327,6113114.45454,ADM1,5,NER,NER-ADM1-87150794B4911028,NE-2,Zinder/Diffa,ADM1
