asdf_id,worldbank_geocodedresearchrelease_level1_v1_4_2.bf1de3f.sum,worldbank_geocodedresearchrelease_level1_v1_4_2.a4b4c97.sum,worldbank_geocodedresearchrelease_level1_v1_4_2.f99c939.sum,worldbank_geocodedresearchrelease_level1_v1_4_2.485401a.sum,worldbank_geocodedresearchrelease_level1_v1_4_2.a127a6e.sum,worldbank_geocodedresearchrelease_level1_v1_4_2.c2de8df.sum,worldbank_geocodedresearchrelease_level1_v1_4_2.887790a.sum,worldbank_geocodedresearchrelease_level1_v1_4_2.653b730.sum,worldbank_geocodedresearchrelease_level1_v1_4_2.034e602.sum,worldbank_geocodedresearchrelease_level1_v1_4_2.6142400.sum,worldbank_geocodedresearchrelease_level1_v1_4_2.381e47f.sum,worldbank_geocodedresearchrelease_level1_v1_4_2.be4c261.sum,worldbank_geocodedresearchrelease_level1_v1_4_2.98af255.sum,worldbank_geocodedresearchrelease_level1_v1_4_2.993244c.sum,worldbank_geocodedresearchrelease_level1_v1_4_2.0cf8a0f.sum,worldbank_geocodedresearchrelease_level1_v1_4_2.c3898aa.sum,worldbank_geocodedresearchrelease_level1_v1_4_2.e9437ae.sum,worldbank_geocodedresearchrelease_level1_v1_4_2.56d6ad1.sum,worldbank_geocodedresearchrelease_level1_v1_4_2.a8d2793.sum,worldbank_geocodedresearchrelease_level1_v1_4_2.d56e944.sum,ucdp_deaths_171.1989.sum,ucdp_deaths_171.1990.sum,ucdp_deaths_171.1991.sum,ucdp_deaths_171.1992.sum,ucdp_deaths_171.1993.sum,ucdp_deaths_171.1994.sum,ucdp_deaths_171.1995.sum,ucdp_deaths_171.1996.sum,ucdp_deaths_171.1997.sum,ucdp_deaths_171.1998.sum,ucdp_deaths_171.1999.sum,ucdp_deaths_171.2000.sum,ucdp_deaths_171.2001.sum,ucdp_deaths_171.2002.sum,ucdp_deaths_171.2003.sum,ucdp_deaths_171.2004.sum,ucdp_deaths_171.2005.sum,ucdp_deaths_171.2006.sum,ucdp_deaths_171.2007.sum,ucdp_deaths_171.2008.sum,ucdp_deaths_171.2009.sum,ucdp_deaths_171.2010.sum,ucdp_deaths_171.2011.sum,ucdp_deaths_171.2012.sum,ucdp_deaths_171.2013.sum,ucdp_deaths_171.2014.sum,ucdp_deaths_171.2015.sum,ucdp_deaths_171.2016.sum,worldpop_pop_count_1km_mosaic.2000.sum,worldpop_pop_count_1km_mosaic.2001.sum,worldpop_pop_count_1km_mosaic.2003.sum,worldpop_pop_count_1km_mosaic.2002.sum,worldpop_pop_count_1km_mosaic.2005.sum,worldpop_pop_count_1km_mosaic.2004.sum,worldpop_pop_count_1km_mosaic.2006.sum,worldpop_pop_count_1km_mosaic.2008.sum,worldpop_pop_count_1km_mosaic.2007.sum,worldpop_pop_count_1km_mosaic.2009.sum,worldpop_pop_count_1km_mosaic.2010.sum,worldpop_pop_count_1km_mosaic.2011.sum,worldpop_pop_count_1km_mosaic.2012.sum,worldpop_pop_count_1km_mosaic.2013.sum,worldpop_pop_count_1km_mosaic.2014.sum,worldpop_pop_count_1km_mosaic.2015.sum,worldpop_pop_count_1km_mosaic.2016.sum,worldpop_pop_count_1km_mosaic.2017.sum,worldpop_pop_count_1km_mosaic.2018.sum,worldpop_pop_count_1km_mosaic.2019.sum,worldpop_pop_count_1km_mosaic.2020.sum,ISO Code,Level,OBJECTID,gqid,id,shapeGroup,shapeID,shapeName,shapeType
0,8495558.31894,15176519.5268,14619922.8747,3714898.1153,7333966.59544,442327.325044,20440755.2877,4543177.04931,37279.9391442,2880100.05818,3205528.18001,1195369.47787,3554760.36536,1564622.27816,116268.152664,96468.7948452,10737522.4791,4192186.27387,1730187.39577,11827000.7203,NA,NA,NA,NA,NA,NA,NA,NA,NA,NA,NA,NA,NA,NA,NA,NA,NA,NA,NA,NA,NA,NA,NA,NA,NA,NA,NA,NA,inf,839709.484375,872998.273438,855632.921875,907459.59375,890255.523438,925495.570312,961780.65625,943601.976562,982220.671875,1001836.5625,1022597.85938,1043062.54688,1063833.76562,1085640.54688,1108092.98438,1130591.6875,1153948.9375,1177771.1875,1202437.53125,1227521.625,GN-B,ADM1,1,0,0,GIN,GIN-ADM1-56622519B19949297,Boke,ADM1
1,1866755.8253,43316.500466,7499349.59444,840509.36711,7425834.59294,0.0,10488321.1028,45484.4560191,0.0,1879.17790508,2180.93102934,4038942.70323,3365018.99218,15264.9576331,0.0,0.0,114050.084749,6055153.48421,1600553.06411,33867873.3822,0.0,0.0,0.0,0.0,0.0,0.0,0.0,0.0,0.0,0.0,0.0,0.33000001311302185,0.0,0.0,0.0,0.0,0.0,11.699999570846558,16.37999939918518,0.0,124.79999542236328,0.0,0.0,3.310000091791153,0.0,0.0,2.3399999141693115,0.0,inf,1198600.625,1249974.25,1225205.5,1307349.625,1278258.125,1335553.75,1396751.0,1365847.75,1430711.375,1462695.375,1497390.5,1535212.25,1572611.0,1608213.0,1650171.25,1692653.375,1735974.0,1783019.75,1828518.625,1878088.75,GN-C,ADM1,2,1,1,GIN,GIN-ADM1-56622519B26553537,Conakry,ADM1
2,10765923.9394,3437575.64986,15173745.3768,4404025.00631,11124325.7243,154899.8586,21819237.8083,4534181.84682,228927.469486,6064363.74171,4719545.38112,1142972.43016,4861806.34338,1557938.02223,97271.740672,86491.1353394,11358845.2864,7372522.01557,158157.411678,12365066.3154,NA,NA,NA,NA,NA,NA,NA,NA,NA,2.0,NA,38.0,NA,NA,NA,NA,NA,NA,5.0,NA,NA,NA,NA,NA,NA,NA,NA,NA,inf,688727.740723,721165.508545,704841.304443,755276.483643,737979.349121,773207.097168,810633.159912,791305.432129,829815.180664,850346.987793,871683.442627,892074.39209,913935.263672,936203.042969,960171.334473,984079.009766,1009088.56152,1034678.16455,1060832.3457,1088301.80908,GN-F,ADM1,3,2,2,GIN,GIN-ADM1-56622519B37985358,Faranah,ADM1
3,19561498.0318,6953786.70158,30537937.3791,7012662.66512,17233885.6629,170256.773101,43656675.6626,9102954.13082,19477.2472515,3884291.15091,6503022.09802,2261741.0944,7471367.23271,3170698.96474,73855.748091,80435.640411,22781396.1002,11639288.1621,2158010.26087,24773992.9318,NA,NA,NA,NA,NA,NA,NA,NA,NA,NA,NA,NA,NA,NA,NA,NA,NA,NA,5.0,NA,NA,NA,NA,NA,NA,NA,NA,NA,inf,1211075.14108,1301184.89137,1255165.9332,1399471.8241,1349245.18373,1452049.44455,1564605.61589,1507053.44968,1624856.99632,1687945.62073,1754200.87869,1823578.76044,1896144.21543,1972455.76249,2052577.26167,2136674.30016,2225194.17665,2318142.87462,2415800.97547,2518735.84914,GN-K,ADM1,4,3,3,GIN,GIN-ADM1-56622519B14513914,Kankan,ADM1
4,8481976.83761,15828631.631,10848433.3091,2644605.99645,8473383.82542,116570.762492,15640763.2631,3255486.40039,338383.875642,5327567.10105,1685623.93396,1808472.40204,3110319.28383,1109316.65896,89705.1289964,78039.368128,8202284.72535,12957752.2859,647073.678005,12187049.919,0.0,0.0,0.0,0.0,0.0,0.0,0.0,0.0,0.0,0.0,2.0,10.0,0.0,0.0,0.0,0.0,3.0,0.0,7.0,0.0,0.0,0.0,0.0,0.0,0.0,0.0,0.0,0.0,inf,1034708.61513,1094320.11306,1063194.75733,1158568.72616,1125231.61892,1195341.49288,1273503.14546,1232298.76306,1315363.42172,1362685.64651,1413418.28244,1464203.03101,1519799.23783,1581674.06746,1647982.73313,1718250.25078,1795225.1615,1877227.7826,1967871.26521,2066045.43238,GN-D,ADM1,5,4,4,GIN,GIN-ADM1-56622519B5722511,Kindia,ADM1
5,5552350.91936,2183215.97893,9712613.07794,1918584.83604,6650985.2032,124313.066737,13867779.577,2895065.7686,31189.004508,2163598.34689,6003043.82041,778787.150556,2759473.25335,1010111.59313,38612.2338308,31481.0814545,7240651.98221,5766554.30471,2037880.62252,7899835.01243,0.0,0.0,0.0,0.0,0.0,0.0,0.0,0.0,0.0,0.0,0.0,0.0,0.0,0.0,0.0,0.0,0.0,0.0,4.0,0.0,0.0,0.0,0.0,0.0,0.0,0.0,0.0,0.0,inf,853520.4375,872962.3125,863109.875,892836.375,882731.0,903157.4375,924831.875,913807.375,935960.625,947471.1875,958942.9375,970952.5,983345.4375,995759.5,1008566.625,1021921.3125,1035447.75,1049299.875,1063636.25,1077968.0,GN-L,ADM1,6,5,5,GIN,GIN-ADM1-56622519B70853212,Labe,ADM1
6,4316143.49704,1765827.23547,7615266.21387,2224225.13693,5567964.82352,27427.0281858,10908179.4523,2265619.14198,64993.6265022,3346083.90052,3081444.39882,1003786.44896,2408096.55738,766760.986649,21106.0222032,18361.2760481,5680524.08837,7537362.12013,93696.3715781,6185422.55582,0.0,0.0,0.0,0.0,0.0,0.0,0.0,0.0,0.0,0.0,0.0,4.0,0.0,0.0,0.0,0.0,0.0,0.0,1.0,0.0,0.0,1.0,0.0,0.0,0.0,0.0,0.0,0.0,638243.125,643765.6875,655074.6875,649338.375,667304.375,661121.0,673709.5625,686499.5,680093.3125,693369.0,700129.0625,707311.9375,714817.125,722362.5625,730271.125,737750.3125,745614.3125,753666.4375,761848.625,770101.625,778973.125,GN-M,ADM1,7,6,6,GIN,GIN-ADM1-56622519B14098499,Mamou,ADM1
7,8938646.38559,17428091.5648,15237443.2016,3995921.05323,9521473.90671,138855.125234,21819135.6715,4900656.35376,288149.770993,11725651.5139,3270416.5718,1342760.76714,6711259.5518,2057074.0285,581509.434239,260328.300861,11689287.5805,8136494.47151,2379089.77198,12617910.32,NA,0.6200000047683716,6.0,NA,1.3499999903142452,NA,NA,27.0,NA,10.0,2.549999952316284,203.0,430.0,NA,NA,NA,NA,NA,2.0,NA,NA,NA,25.0,NA,98.0,NA,NA,NA,1393902.34375,1402778.66406,1421613.8125,1411738.72656,1443249.60938,1432277.0625,1455886.85156,1482046.67188,1468651.25,1497633.77344,1511635.96875,1528250.57812,1545295.55469,1562856.05469,1581650.0625,1601885.26562,1622843.46875,1644702.89062,1667751.09375,1691537.46875,1716825.60938,GN-N,ADM1,8,7,7,GIN,GIN-ADM1-56622519B96181390,Nzerekore,ADM1
