asdf_id,worldbank_geocodedresearchrelease_level1_v1_4_2.bf1de3f.sum,worldbank_geocodedresearchrelease_level1_v1_4_2.a4b4c97.sum,worldbank_geocodedresearchrelease_level1_v1_4_2.f99c939.sum,worldbank_geocodedresearchrelease_level1_v1_4_2.485401a.sum,worldbank_geocodedresearchrelease_level1_v1_4_2.a127a6e.sum,worldbank_geocodedresearchrelease_level1_v1_4_2.c2de8df.sum,worldbank_geocodedresearchrelease_level1_v1_4_2.887790a.sum,worldbank_geocodedresearchrelease_level1_v1_4_2.653b730.sum,worldbank_geocodedresearchrelease_level1_v1_4_2.034e602.sum,worldbank_geocodedresearchrelease_level1_v1_4_2.6142400.sum,worldbank_geocodedresearchrelease_level1_v1_4_2.381e47f.sum,worldbank_geocodedresearchrelease_level1_v1_4_2.be4c261.sum,worldbank_geocodedresearchrelease_level1_v1_4_2.98af255.sum,worldbank_geocodedresearchrelease_level1_v1_4_2.993244c.sum,worldbank_geocodedresearchrelease_level1_v1_4_2.0cf8a0f.sum,worldbank_geocodedresearchrelease_level1_v1_4_2.c3898aa.sum,worldbank_geocodedresearchrelease_level1_v1_4_2.e9437ae.sum,worldbank_geocodedresearchrelease_level1_v1_4_2.56d6ad1.sum,worldbank_geocodedresearchrelease_level1_v1_4_2.a8d2793.sum,worldbank_geocodedresearchrelease_level1_v1_4_2.d56e944.sum,ucdp_deaths_171.1989.sum,ucdp_deaths_171.1990.sum,ucdp_deaths_171.1991.sum,ucdp_deaths_171.1992.sum,ucdp_deaths_171.1993.sum,ucdp_deaths_171.1994.sum,ucdp_deaths_171.1995.sum,ucdp_deaths_171.1996.sum,ucdp_deaths_171.1997.sum,ucdp_deaths_171.1998.sum,ucdp_deaths_171.1999.sum,ucdp_deaths_171.2000.sum,ucdp_deaths_171.2001.sum,ucdp_deaths_171.2002.sum,ucdp_deaths_171.2003.sum,ucdp_deaths_171.2004.sum,ucdp_deaths_171.2005.sum,ucdp_deaths_171.2006.sum,ucdp_deaths_171.2007.sum,ucdp_deaths_171.2008.sum,ucdp_deaths_171.2009.sum,ucdp_deaths_171.2010.sum,ucdp_deaths_171.2011.sum,ucdp_deaths_171.2012.sum,ucdp_deaths_171.2013.sum,ucdp_deaths_171.2014.sum,ucdp_deaths_171.2015.sum,ucdp_deaths_171.2016.sum,worldpop_pop_count_1km_mosaic.2000.sum,worldpop_pop_count_1km_mosaic.2001.sum,worldpop_pop_count_1km_mosaic.2003.sum,worldpop_pop_count_1km_mosaic.2002.sum,worldpop_pop_count_1km_mosaic.2005.sum,worldpop_pop_count_1km_mosaic.2004.sum,worldpop_pop_count_1km_mosaic.2006.sum,worldpop_pop_count_1km_mosaic.2008.sum,worldpop_pop_count_1km_mosaic.2007.sum,worldpop_pop_count_1km_mosaic.2009.sum,worldpop_pop_count_1km_mosaic.2010.sum,worldpop_pop_count_1km_mosaic.2011.sum,worldpop_pop_count_1km_mosaic.2012.sum,worldpop_pop_count_1km_mosaic.2013.sum,worldpop_pop_count_1km_mosaic.2014.sum,worldpop_pop_count_1km_mosaic.2015.sum,worldpop_pop_count_1km_mosaic.2016.sum,worldpop_pop_count_1km_mosaic.2017.sum,worldpop_pop_count_1km_mosaic.2018.sum,worldpop_pop_count_1km_mosaic.2019.sum,worldpop_pop_count_1km_mosaic.2020.sum,Level,Shape_Area,Shape_Leng,gqid,shapeGroup,shapeID,shapeISO,shapeName,shapeType
0,0.0,133356.61661,294010.500766,16289.9529776,0.0,0.0,0.0,0.0,0.0,0.0,0.0,0.0,0.0,0.0,0.0,0.0,0.0,0.0,0.0,0.0,0.0,0.0,0.0,0.0,0.0,0.0,0.0,0.0,0.0,0.0,1.0,0.0,0.0,0.0,0.0,0.0,0.0,0.0,0.0,0.0,0.0,0.0,0.0,0.0,0.0,0.0,0.0,0.0,664415.1875,663724.5625,660735.625,661025.3125,654683.5,657631.625,650559.625,646111.25,648636.4375,642960.25,640592.375,640586.875,639702.875,638982.1875,636743.25,633744.5,632174.625,629489.5,626629.6875,626259.8125,622472.625,ADM1,0.047147,1.443444,0,ZWE,ZWE-ADM1-59755206B49856223,ZW10,Bulawayo,ADM1
1,0.0,227695.919676,268599.454996,27813.8117104,0.0,0.0,0.0,0.0,0.0,0.0,0.0,0.0,0.0,0.0,0.0,0.0,0.0,0.0,0.0,0.0,0.0,0.0,0.0,0.0,0.0,0.0,3.0,0.0,0.0,0.0,0.0,0.0,0.0,0.0,0.0,0.0,0.0,0.0,0.0,11.0,0.0,0.0,1.0,0.0,0.0,0.0,0.0,0.0,1814741.75,1837522.125,1882589.0,1857459.375,1923739.5,1907069.375,1944912.25,1991531.5,1969345.25,2015084.125,2038757.25,2062795.25,2083838.0,2113950.75,2135906.5,2160001.25,2183503.75,2208083.75,2232235.0,2260178.0,2282352.0,ADM1,0.080125,1.826435,1,ZWE,ZWE-ADM1-59755206B40681570,ZW19,Harare,ADM1
2,1350.01400656,8614232.20252,2134295.82857,15638639.8107,84449.6294519,27623.4016857,87358.8031612,124756.222021,207688.797797,1339546.01524,227623.141712,370.398463903,106627.621318,121940.624925,88650.4203498,335616.101189,322889.036385,84100.313356,414632.022672,284329.844096,18.0,8.0,NA,NA,NA,NA,NA,NA,NA,1.0,NA,NA,NA,NA,NA,NA,NA,NA,NA,220.0,NA,NA,NA,NA,NA,NA,NA,NA,inf,1554109.84789,1588791.22787,1571658.55571,1625247.60011,1606862.68629,1643434.87447,1679954.84299,1661871.88968,1700846.84369,1720229.74829,1738622.85629,1759514.78174,1779172.91866,1798011.06526,1818863.65793,1839322.0787,1859851.85242,1881350.41351,1902715.54572,1923878.03467,ADM1,3.076965,14.467593,2,ZWE,ZWE-ADM1-59755206B37470927,ZW11,Manicaland,ADM1
3,28063.9126894,6727219.90857,1763033.57234,3841551.85897,43611.5420537,16416.8032054,28835.1230499,93690.9329444,68065.4619428,55734.1541086,56801.9764553,15548.7523693,52424.4747718,61623.6268738,49222.3990264,71113.2575422,45063.1843458,43418.2381246,128614.628667,80719.4935027,NA,6.0,NA,NA,NA,NA,NA,NA,NA,NA,NA,NA,NA,NA,NA,NA,NA,NA,NA,8.0,NA,NA,NA,1.0,NA,NA,NA,NA,inf,976166.351562,1004755.74219,990382.84375,1034171.24219,1018864.27344,1050006.51562,1081894.27344,1065890.46094,1097071.85156,1113252.95312,1130805.89844,1148219.14844,1165794.97656,1183617.54688,1199682.1875,1218100.51562,1235971.55469,1254192.51562,1273278.13281,1292738.82812,ADM1,2.388883,11.136287,3,ZWE,ZWE-ADM1-59755206B70820565,ZW12,Mashonaland Central,ADM1
4,7532.91132556,7795961.56203,2377921.01686,6891781.54901,12062.7889296,3945.72795897,8233.73589748,26839.8345609,19329.4769418,15899.3005748,16454.2302379,2066.77765575,15186.1683664,17418.0044361,12662.8300934,20231.4156187,12982.2566475,12012.8926025,36186.2050769,23357.7948029,NA,NA,NA,NA,NA,NA,NA,NA,NA,NA,NA,NA,NA,NA,NA,NA,NA,NA,NA,3.0,NA,NA,NA,NA,NA,NA,NA,NA,1153426.32031,1171433.10938,1213355.85938,1193233.76562,1258211.10156,1233735.85156,1278902.28906,1322963.5,1299816.41406,1344863.29688,1369258.60938,1392155.125,1415813.92188,1438129.5,1462295.5625,1487795.9375,1514685.32812,1542249.0625,1569889.39062,1595047.54688,1626715.9375,ADM1,2.74452,12.575261,4,ZWE,ZWE-ADM1-59755206B38465337,ZW13,Mashonaland East,ADM1
5,145766.906101,13913285.0594,1863134.33037,21333269.3415,111228.114776,163895.997296,23228.9087221,58547.0889515,5596.99617768,264408.806004,0.0,674163.752158,1301713.94409,43548.0238043,1261676.34036,1100314.58416,4334266.73508,72085.6193441,101514.186594,4833.76139091,NA,NA,NA,NA,NA,NA,1.0,NA,NA,NA,NA,NA,NA,NA,NA,NA,NA,NA,NA,2.0,NA,NA,NA,NA,NA,NA,NA,NA,inf,1188739.53125,1235820.41406,1213168.05469,1287404.17188,1259393.9375,1315419.67188,1369576.04688,1341865.53125,1396513.6875,1423894.375,1454941.48438,1486972.60938,1513577.79688,1547646.73438,1581624.26562,1614604.1875,1647780.75,1682224.79688,1716831.65625,1752342.375,ADM1,4.899338,14.981242,5,ZWE,ZWE-ADM1-59755206B91640919,ZW14,Mashonaland West,ADM1
6,20139.0296713,13899374.9058,2094468.54079,16604481.6647,25345.4010896,8290.45905503,21604.9313381,62037.3561001,25985.4049612,16469.5715049,61536.8609798,5525.47278657,51183.7497473,36597.3665948,26606.1612717,42611.4841976,35104.6120969,25240.5627781,401143.716966,49077.5956789,NA,NA,NA,NA,NA,NA,NA,NA,NA,NA,NA,NA,NA,NA,NA,NA,NA,NA,NA,5.0,NA,NA,NA,NA,NA,NA,NA,NA,inf,1305054.54688,1336132.83594,1320179.10938,1367605.32031,1351880.875,1383805.35156,1416541.60938,1399699.48438,1433057.89844,1450052.75781,1467337.89844,1484561.49219,1502061.20312,1520559.64844,1538239.96094,1556474.92188,1574786.42969,1592980.79688,1611889.51562,1631205.20312,ADM1,4.897978,12.290153,6,ZWE,ZWE-ADM1-59755206B60538194,ZW18,Masvingo,ADM1
7,352081.585663,18325225.4612,1841210.33439,17140271.5524,133576.304594,242829.004713,27896.1105571,70310.4948117,6721.55657539,888293.243411,0.0,221626.485328,0.0,16891.0596454,34195.1849042,396990.498299,16745.1087376,45961.8827301,7206.77274236,5804.97102902,NA,NA,NA,NA,NA,NA,NA,NA,NA,NA,NA,NA,NA,NA,NA,NA,NA,NA,NA,NA,NA,NA,NA,NA,NA,NA,NA,NA,inf,717691.155518,724405.68042,722184.376953,734612.408691,729526.83374,740435.82959,748720.396484,744390.516113,754058.931641,758837.08252,760817.597168,763874.63623,766910.788574,771442.177002,776668.85791,780517.264648,785820.620361,791107.790771,793810.793945,800239.971924,ADM1,6.46792,17.368416,7,ZWE,ZWE-ADM1-59755206B95391323,ZW15,Matabeleland North,ADM1
8,0.0,13274219.305,1739860.29328,7503300.8539,0.0,0.0,0.0,2145.06404156,0.0,0.0,0.0,0.0,0.0,244226.875679,65107.0747531,0.0,0.0,0.0,0.0,0.0,NA,NA,NA,NA,NA,NA,NA,NA,NA,NA,NA,NA,NA,NA,NA,NA,NA,NA,NA,NA,NA,NA,NA,NA,NA,NA,NA,NA,inf,643588.077148,649268.008789,646509.369141,655353.109375,652303.275391,658244.105469,664194.730469,661168.509766,667711.844727,670871.027344,673975.239258,677211.282227,680706.480469,683826.057617,686252.714844,689551.048828,692563.835938,695708.832031,699073.739258,702335.064453,ADM1,4.702531,16.623121,8,ZWE,ZWE-ADM1-59755206B50350030,ZW16,Matabeleland South,ADM1
9,0.0,12062187.8053,2330974.11007,13162196.9889,0.0,0.0,0.0,0.0,0.0,0.0,0.0,0.0,0.0,0.0,0.0,0.0,0.0,0.0,0.0,0.0,NA,NA,NA,NA,NA,NA,NA,NA,NA,NA,NA,NA,NA,NA,NA,NA,NA,NA,NA,4.0,NA,NA,NA,NA,NA,NA,NA,NA,inf,1445420.74219,1473997.45898,1459713.96484,1503304.2168,1488716.78711,1518263.78906,1548200.27344,1533154.08691,1564141.12402,1579492.93555,1594946.70312,1610334.88867,1626674.86914,1642532.83887,1658449.0332,1674746.31445,1691267.11621,1708065.43945,1725027.49023,1741685.87695,ADM1,4.235473,16.331338,9,ZWE,ZWE-ADM1-59755206B29360149,ZW17,Midlands,ADM1
