asdf_id,accessibility_to_cities_2015_v1.0.mean,accessibility_to_cities_2015_v1.0.max,accessibility_to_cities_2015_v1.0.min,access_50k.none.mean,access_50k.none.max,access_50k.none.min,Level,gqid,id,shapeGroup,shapeID,shapeISO,shapeName,shapeType
0,2.18155608745,21.0,0.0,28.2362155491,158.0,0.0,ADM1,0,0,GNB,GNB-ADM1-76643164B2363721,GW-BS,Bissau,ADM1
1,125.369977576,331.0,0.0,313.616731553,793.0,124.0,ADM1,1,1,GNB,GNB-ADM1-76643164B72191708,GW-BA,Bafatá,ADM1
2,70.734053835,229.0,0.0,131.485033225,441.0,0.0,ADM1,2,2,GNB,GNB-ADM1-76643164B68395788,GW-BM,Biombo,ADM1
3,245.915336398,420.0,92.0,283.20231808,543.0,138.0,ADM1,3,3,GNB,GNB-ADM1-76643164B8776181,GW-BL,Bolama,ADM1
4,154.13135104,356.0,19.0,246.707311553,631.0,21.0,ADM1,4,4,GNB,GNB-ADM1-76643164B9765180,GW-CA,Cacheu,ADM1
5,142.50200335,351.0,0.0,502.182204659,1476.0,212.0,ADM1,5,5,GNB,GNB-ADM1-76643164B30536517,GW-GA,Gabu,ADM1
6,151.023612006,277.0,2.0,239.02997491,793.0,18.0,ADM1,6,6,GNB,GNB-ADM1-76643164B60859401,GW-OI,Oio,ADM1
7,187.186977164,342.0,32.0,334.829262057,731.0,129.0,ADM1,7,7,GNB,GNB-ADM1-76643164B52305557,GW-QU,Quinara,ADM1
8,248.612029147,415.0,98.0,390.791887799,844.0,194.0,ADM1,8,8,GNB,GNB-ADM1-76643164B98453999,GW-TO,Tombali,ADM1
