asdf_id,accessibility_to_cities_2015_v1.0.mean,accessibility_to_cities_2015_v1.0.max,accessibility_to_cities_2015_v1.0.min,access_50k.none.mean,access_50k.none.max,access_50k.none.min,Level,gqid,id,shapeGroup,shapeID,shapeISO,shapeName,shapeType
0,2.46873580906,66.0,0.0,25.8991427008,285.0,0.0,ADM1,0,0,ETH,ETH-ADM1-75662566B22847970,ET-AA,Addis Ababa,ADM1
1,361.36172331,1335.0,0.0,425.938016306,1485.0,35.0,ADM1,1,1,ETH,ETH-ADM1-75662566B90705179,ET-AF,Afar,ADM1
2,199.263406688,979.0,0.0,577.181674852,2626.0,0.0,ADM1,2,2,ETH,ETH-ADM1-75662566B76784922,ET-AM,Amhara,ADM1
3,248.004608961,781.0,0.0,797.669120483,2876.0,56.0,ADM1,3,3,ETH,ETH-ADM1-75662566B11635291,ET-BE,Beneshangul Gumu,ADM1
4,99.5764932011,420.0,0.0,255.672216206,646.0,0.0,ADM1,4,4,ETH,ETH-ADM1-75662566B14239390,ET-DD,Dire Dawa,ADM1
5,294.704972148,1375.0,0.0,1061.72608467,3819.0,199.0,ADM1,5,5,ETH,ETH-ADM1-75662566B60807721,ET-GA,Gambela,ADM1
6,15.4719956207,83.0,0.0,66.1681311806,328.0,0.0,ADM1,6,6,ETH,ETH-ADM1-75662566B91470449,ET-HA,Hareri,ADM1
7,179.607485834,1416.0,0.0,554.592711417,3819.0,0.0,ADM1,7,7,ETH,ETH-ADM1-75662566B94683490,ET-OR,Oromia,ADM1
8,189.803298203,1361.0,0.0,691.115530832,3073.0,0.0,ADM1,8,8,ETH,ETH-ADM1-75662566B98245203,ET-SN,SNNPR,ADM1
9,331.698247626,1079.0,0.0,642.23025933,1899.0,0.0,ADM1,9,9,ETH,ETH-ADM1-75662566B76551908,ET-SO,Somali,ADM1
10,161.370204294,788.0,0.0,399.563898514,1978.0,0.0,ADM1,10,10,ETH,ETH-ADM1-75662566B95500806,ET-TI,Tigray,ADM1
