asdf_id,accessibility_to_cities_2015_v1.0.mean,accessibility_to_cities_2015_v1.0.max,accessibility_to_cities_2015_v1.0.min,access_50k.none.mean,access_50k.none.max,access_50k.none.min,Level,gqid,shapeGroup,shapeID,shapeISO,shapeName,shapeType
0,291.044337173,591.0,59.0,581.455411546,1658.0,130.0,ADM1,0,SOM,SOM-ADM1-83879307B69447496,SO-HI,Hiiraan,ADM1
1,449.654260778,879.0,29.0,632.514144923,1775.0,113.0,ADM1,1,SOM,SOM-ADM1-83879307B31421433,SO-SA,Sanaag,ADM1
2,16.3040864778,89.0,0.0,65.0238673415,239.0,0.0,ADM1,2,SOM,SOM-ADM1-83879307B50077152,SO-BN,Banadir,ADM1
3,172.529407059,530.0,0.0,333.710779908,1014.0,30.0,ADM1,3,SOM,SOM-ADM1-83879307B93989975,SO-TO,Togdheer,ADM1
4,190.209429943,414.0,0.0,601.404072452,1739.0,221.0,ADM1,4,SOM,SOM-ADM1-83879307B40839705,SO-BK,Bakool,ADM1
5,225.183784591,504.0,0.0,514.85486039,1348.0,219.0,ADM1,5,SOM,SOM-ADM1-83879307B19035659,SO-GE,Gedo,ADM1
6,120.946453197,272.0,0.0,460.275225258,1418.0,10.0,ADM1,6,SOM,SOM-ADM1-83879307B46842865,SO-SD,Middle Shebelle,ADM1
7,214.678668882,707.0,0.0,245.306722309,1146.0,0.0,ADM1,7,SOM,SOM-ADM1-83879307B59709173,SO-WO,Woqooyi Galbeed,ADM1
8,307.865943717,709.0,5.0,567.770287145,1258.0,196.0,ADM1,8,SOM,SOM-ADM1-83879307B73310636,SO-SO,Sool,ADM1
9,360.458175819,729.0,97.0,860.608617325,1764.0,435.0,ADM1,9,SOM,SOM-ADM1-83879307B2056474,SO-NU,Nugaal,ADM1
10,409.944703613,876.0,0.0,922.470171889,1836.0,434.0,ADM1,10,SOM,SOM-ADM1-83879307B39133913,SO-MU,Mudug,ADM1
11,293.21701095,513.0,86.0,423.562102257,1266.0,28.0,ADM1,11,SOM,SOM-ADM1-83879307B51735784,SO-JD,Middle Juba,ADM1
12,144.922380347,410.0,0.0,293.775701987,1237.0,0.0,ADM1,12,SOM,SOM-ADM1-83879307B22345893,SO-SH,Lower Shebelle,ADM1
13,233.19701474,494.0,0.0,328.735488017,1424.0,0.0,ADM1,13,SOM,SOM-ADM1-83879307B60007864,SO-JH,Lower Juba,ADM1
14,266.761255947,644.0,0.0,741.640811092,1749.0,285.0,ADM1,14,SOM,SOM-ADM1-83879307B62362622,SO-GA,Galgaduud,ADM1
15,167.612994088,395.0,0.0,478.797174699,1375.0,54.0,ADM1,15,SOM,SOM-ADM1-83879307B63494499,SO-BY,Bay,ADM1
16,446.431323502,1007.0,0.0,902.991956422,1649.0,526.0,ADM1,16,SOM,SOM-ADM1-83879307B27579649,SO-BR,Bari,ADM1
17,262.064797,602.0,0.0,355.272726952,854.0,61.0,ADM1,17,SOM,SOM-ADM1-83879307B91949878,SO-AW,Awdal,ADM1
