asdf_id,worldbank_geocodedresearchrelease_level1_v1_4_2.bf1de3f.sum,worldbank_geocodedresearchrelease_level1_v1_4_2.a4b4c97.sum,worldbank_geocodedresearchrelease_level1_v1_4_2.f99c939.sum,worldbank_geocodedresearchrelease_level1_v1_4_2.485401a.sum,worldbank_geocodedresearchrelease_level1_v1_4_2.a127a6e.sum,worldbank_geocodedresearchrelease_level1_v1_4_2.c2de8df.sum,worldbank_geocodedresearchrelease_level1_v1_4_2.887790a.sum,worldbank_geocodedresearchrelease_level1_v1_4_2.653b730.sum,worldbank_geocodedresearchrelease_level1_v1_4_2.034e602.sum,worldbank_geocodedresearchrelease_level1_v1_4_2.6142400.sum,worldbank_geocodedresearchrelease_level1_v1_4_2.381e47f.sum,worldbank_geocodedresearchrelease_level1_v1_4_2.be4c261.sum,worldbank_geocodedresearchrelease_level1_v1_4_2.98af255.sum,worldbank_geocodedresearchrelease_level1_v1_4_2.993244c.sum,worldbank_geocodedresearchrelease_level1_v1_4_2.0cf8a0f.sum,worldbank_geocodedresearchrelease_level1_v1_4_2.c3898aa.sum,worldbank_geocodedresearchrelease_level1_v1_4_2.e9437ae.sum,worldbank_geocodedresearchrelease_level1_v1_4_2.56d6ad1.sum,worldbank_geocodedresearchrelease_level1_v1_4_2.a8d2793.sum,worldbank_geocodedresearchrelease_level1_v1_4_2.d56e944.sum,ucdp_deaths_171.1989.sum,ucdp_deaths_171.1990.sum,ucdp_deaths_171.1991.sum,ucdp_deaths_171.1992.sum,ucdp_deaths_171.1993.sum,ucdp_deaths_171.1994.sum,ucdp_deaths_171.1995.sum,ucdp_deaths_171.1996.sum,ucdp_deaths_171.1997.sum,ucdp_deaths_171.1998.sum,ucdp_deaths_171.1999.sum,ucdp_deaths_171.2000.sum,ucdp_deaths_171.2001.sum,ucdp_deaths_171.2002.sum,ucdp_deaths_171.2003.sum,ucdp_deaths_171.2004.sum,ucdp_deaths_171.2005.sum,ucdp_deaths_171.2006.sum,ucdp_deaths_171.2007.sum,ucdp_deaths_171.2008.sum,ucdp_deaths_171.2009.sum,ucdp_deaths_171.2010.sum,ucdp_deaths_171.2011.sum,ucdp_deaths_171.2012.sum,ucdp_deaths_171.2013.sum,ucdp_deaths_171.2014.sum,ucdp_deaths_171.2015.sum,ucdp_deaths_171.2016.sum,worldpop_pop_count_1km_mosaic.2000.sum,worldpop_pop_count_1km_mosaic.2001.sum,worldpop_pop_count_1km_mosaic.2003.sum,worldpop_pop_count_1km_mosaic.2002.sum,worldpop_pop_count_1km_mosaic.2005.sum,worldpop_pop_count_1km_mosaic.2004.sum,worldpop_pop_count_1km_mosaic.2006.sum,worldpop_pop_count_1km_mosaic.2008.sum,worldpop_pop_count_1km_mosaic.2007.sum,worldpop_pop_count_1km_mosaic.2009.sum,worldpop_pop_count_1km_mosaic.2010.sum,worldpop_pop_count_1km_mosaic.2011.sum,worldpop_pop_count_1km_mosaic.2012.sum,worldpop_pop_count_1km_mosaic.2013.sum,worldpop_pop_count_1km_mosaic.2014.sum,worldpop_pop_count_1km_mosaic.2015.sum,worldpop_pop_count_1km_mosaic.2016.sum,worldpop_pop_count_1km_mosaic.2017.sum,worldpop_pop_count_1km_mosaic.2018.sum,worldpop_pop_count_1km_mosaic.2019.sum,worldpop_pop_count_1km_mosaic.2020.sum,Level,admin1Name,gqid,id,shapeGroup,shapeID,shapeISO,shapeName,shapeType
0,22744967.6066,22307433.5848,5341466.78053,55143593.8383,627186.659385,2541311.30004,0.0,22347332.9745,0.0,0.0,0.0,155650.742198,3304985.65269,35262066.8498,27120683.3191,8327936.24966,13978770.9605,12287802.5155,4585153.26131,7661979.40027,0.0,5.840000152587891,0.0,0.0,0.0,0.0,14.40000057220459,5.0,0.0,0.0,0.0,0.0,0.0,0.0,39.0,0.0,0.0,0.0,0.0,0.0,0.17000000178813934,0.0,5.0,0.0,0.0,0.0,0.0,0.0,inf,1597966.14844,1686473.36719,1640936.3125,1778580.21094,1730158.25,1826387.125,1928510.97656,1877695.60156,1982358.63281,2037760.10156,2094001.375,2151760.72656,2212961.85938,2274996.03906,2340101.39844,2405468.67969,2474042.5,2545497.26562,2617204.89062,2691512.60938,CI-BS,Bas-Sassandra,0,0,CIV,CIV-ADM1-50440921B36497067,ADM1,Bas-Sassandra,ADM1
1,17080794.1118,16509163.928,4992205.98385,12390405.8091,1212100.06934,1946457.26618,91790.1482979,16758951.9517,2117.77739635,14219.2147444,59560.8178107,9120.44590996,1396247.52543,22887016.077,10477256.0709,6175386.99619,10493595.2188,2700485.43082,3332226.31583,5367744.01821,0.0,0.0,0.0,0.0,0.0,0.0,0.0,0.0,0.0,0.0,0.0,0.0,0.0,0.0,0.0,0.0,0.0,0.0,0.0,0.0,0.0,0.0,0.0,0.0,0.0,0.0,0.0,0.0,209857.90625,214123.890625,222485.671875,218225.265625,231918.875,227042.921875,236687.0625,247245.15625,241921.546875,252933.328125,258895.953125,265003.8125,271520.125,278248.71875,285350.75,293150.59375,301101.40625,309591.53125,318407.25,327822.25,337700.40625,CI-DN,Denguele,1,1,CIV,CIV-ADM1-50440921B91782267,ADM1,Denguele,ADM1
2,87891820.7592,1938003.34307,86737.9276934,81131058.1961,3838.77486368,191780.105652,0.0,1686441.90849,0.0,0.0,0.0,0.0,21480888.9935,71114860.315,14652442.2909,27470312.1322,13551350.2351,26817710.1407,3151177.50453,14568986.6532,0.0,0.0,0.0,0.0,0.0,0.0,0.0,0.0,0.0,0.0,0.0,125.0,0.0,273.0,7.0,42.0,3.0,9.0,4.0,2.0,0.0,18.0,283.0,5.0,2.0,0.0,0.0,0.0,inf,3377207.25,3553305.5,3463912.25,3738182.5,3644631.75,3833861.0,4034841.5,3933079.25,4137509.75,4243839.5,4354213.0,4466491.5,4582689.5,4700706.0,4822195.0,4947110.5,5073700.0,5204258.0,5339742.0,5475988.0,CI-AB,District Autonome D'Abidjan,2,2,CIV,CIV-ADM1-50440921B88297474,ADM1,District Autonome D'Abidjan,ADM1
3,1701128.43767,1644649.49076,85963.7075562,1235098.94288,3804.51007455,190068.28219,0.0,1671388.77867,0.0,0.0,0.0,0.0,136852.151398,2282701.47561,7513746.06498,614578.601047,1041965.91447,12373005.3129,382780.777557,683843.95313,0.0,0.0,0.0,0.0,0.0,0.0,0.0,0.0,0.0,0.0,0.0,0.0,0.0,0.0,0.0,0.0,0.0,0.0,0.0,0.0,0.0,1.0,0.0,0.0,0.0,0.0,0.0,0.0,inf,265205.375,277351.25,271176.625,290180.875,283655.03125,296752.78125,310575.5,303624.875,317581.3125,324892.0,332319.125,339853.4375,347594.78125,355617.46875,363804.0,372187.40625,380704.59375,389510.0625,398591.5625,407608.0,CI-YM,District Autonome De Yamoussoukro,3,3,CIV,CIV-ADM1-50440921B9500253,ADM1,District Autonome De Yamoussoukro,ADM1
4,22992103.2738,12962248.9007,752476.363359,9690093.09126,33850.1984379,1439184.78031,0.0,12655648.0889,0.0,0.0,0.0,0.0,1036235.66844,23057095.8152,7914311.9318,4653549.54936,7889698.73577,5128948.52078,2517321.45267,4577780.41181,0.0,0.0,0.0,0.0,0.0,0.0,0.0,0.0,0.0,0.0,0.0,0.0,0.0,0.0,0.0,0.0,0.0,0.0,0.0,0.0,0.0,1.0,0.0,0.0,0.0,0.0,0.0,0.0,inf,1122488.625,1185428.0,1153463.875,1252039.375,1218281.375,1286867.125,1359629.625,1322817.125,1397690.25,1436842.625,1477193.875,1518978.5,1561733.0,1605878.25,1651372.75,1698166.0,1746417.875,1796032.75,1847389.0,1900141.125,CI-GD,Goh-Djiboua,4,4,CIV,CIV-ADM1-50440921B11931239,ADM1,Goh-Djiboua,ADM1
5,26524111.5444,20970502.1167,5462626.1452,15587120.3394,54653.8458355,2398688.14097,0.0,21093158.712,0.0,0.0,0.0,0.0,1727093.17326,28808009.9205,13332439.7039,7841941.16981,13149754.6751,3045130.68674,6921035.22187,6766442.32907,0.0,0.0,0.0,0.0,0.0,0.0,0.0,0.0,0.0,0.0,0.0,0.0,0.0,5.0,0.0,0.0,0.0,0.0,0.0,0.0,0.0,0.0,0.0,0.0,0.0,0.0,0.0,0.0,inf,929406.949051,971588.590454,950183.892815,1016620.23387,993697.814651,1040085.5853,1089569.32072,1064434.51006,1115586.04501,1142332.58958,1170017.32383,1198654.66429,1228308.35928,1258879.26485,1290531.47113,1323229.91059,1357167.76389,1392330.32172,1428514.96996,1466116.77346,CI-LC,Lacs,5,5,CIV,CIV-ADM1-50440921B28754641,ADM1,Lacs,ADM1
6,29869185.9982,45097873.4886,5498680.84613,18180704.4826,118344.793845,2767957.3977,101704.265455,24361474.2618,0.0,25470.4612424,1011.77022934,50870.4326057,46638846.1126,33249979.2382,27904216.8035,9014192.35112,15295043.1071,5519813.80534,18672163.8653,8070684.17731,2.040000021457672,1.1999999731779099,0.0,0.0,1.0,4.0,32.0,0.0,0.0,0.0,0.0,0.0,2.0,175.0,335.7999991774559,38.0,134.0,2.0,0.0,0.0,0.0,0.3199999928474426,151.91999995708466,0.0,0.0,0.0,0.0,0.0,inf,1622467.26562,1716972.25781,1668900.38281,1817759.64844,1766420.89844,1871264.99219,1983994.71094,1926569.5,2043913.14062,2105628.9375,2170287.82812,2236922.57031,2306070.64062,2377712.19531,2452515.99219,2529383.39062,2610010.8125,2693410.71875,2780163.78125,2870681.53125,CI-MG,Montagnes,6,6,CIV,CIV-ADM1-50440921B85774629,ADM1,Montagnes,ADM1
7,24715829.3795,19203686.5514,5227961.36716,14382221.4004,48703.8801873,2196647.49712,0.0,19316489.501,0.0,0.0,0.0,0.0,1581620.73325,32154148.9451,12079723.0031,7115590.83327,12042155.5439,2779654.70573,3894781.23749,35842696.064,0.0,0.0,0.0,0.0,0.0,0.0,0.0,0.0,0.0,0.0,0.0,0.0,0.0,226.0,21.0,25.0,0.0,0.0,0.0,0.0,0.0,2.0,14.0,0.0,0.0,0.0,0.0,0.0,inf,1649763.125,1729975.0,1689229.125,1815915.25,1772274.125,1861293.5,1957011.0,1908188.375,2007768.125,2060464.25,2115287.25,2172405.75,2231856.25,2293752.0,2358408.75,2425992.5,2496642.0,2570536.25,2647850.5,2729056.75,CI-SM,Sassandra-Marahoue,7,7,CIV,CIV-ADM1-50440921B32709945,ADM1,Sassandra-Marahoue,ADM1
8,37920217.5107,31828862.4598,8147367.96169,23873211.0429,1830264.22691,3828358.17341,113673.713728,32309948.2359,151692.537559,71650.2916304,168867.942617,185005.112083,24163104.6492,49984033.0847,20309842.3072,19715017.3739,32956175.2353,5337570.56783,12034525.6327,10421952.0652,NA,NA,NA,NA,NA,NA,NA,NA,NA,NA,NA,NA,NA,5.0,NA,135.0,NA,NA,NA,NA,NA,NA,NA,NA,NA,NA,NA,NA,1003400.29395,1037260.24316,1108649.79688,1072404.00684,1185365.45166,1146266.97754,1225988.71875,1311363.59375,1268026.50684,1356332.83105,1403356.30273,1452088.59766,1502310.79395,1554767.26367,1609133.9082,1665419.35352,1723545.78906,1784302.10645,1846736.90039,1912386.42578,1980173.30957,CI-SV,Savanes,8,8,CIV,CIV-ADM1-50440921B99341844,ADM1,Savanes,ADM1
9,28404584.1514,22573744.459,17782450.5079,16952431.5514,80486.474403,2608794.6739,0.0,22940756.3091,0.0,0.0,0.0,0.0,23221177.4826,37103996.2197,14364225.2776,16232881.6137,26801571.5022,5218949.89628,7416548.80219,7368399.71209,0.0,0.0,0.0,0.0,0.0,0.0,0.0,0.0,0.0,0.0,0.0,1.0,0.0,314.0,1.0,22.0,0.0,0.0,0.0,2.0,0.0,0.0,9.0,0.0,0.0,0.0,0.0,0.0,inf,1133763.61878,1175439.5538,1154340.93667,1218979.41553,1197025.21289,1241540.06464,1288179.69171,1264665.5657,1312193.11725,1336760.74931,1362030.95009,1387714.63291,1413900.04147,1440904.47093,1468521.36716,1496724.50143,1525491.88657,1554937.96147,1585200.36156,1616060.39592,CI-VB,Valle Du Bandama,9,9,CIV,CIV-ADM1-50440921B62986508,ADM1,Valle Du Bandama,ADM1
10,25463036.0996,24585658.7038,1591094.57488,18481019.0781,1237918.94944,2838730.08082,142461.980625,24992278.7099,0.0,10185.3591781,21758.815112,7303.68468677,2061167.66573,34102790.1988,15610639.8964,9235633.46186,15636204.5955,2842632.81812,4986605.40967,8107963.69334,0.0,0.0,0.0,0.0,0.0,0.0,0.0,0.0,0.0,0.0,0.0,0.0,0.0,0.0,78.2000008225441,0.0,0.0,0.0,0.0,0.0,0.0,0.6800000071525574,4.080000042915344,0.0,0.0,0.0,0.0,0.0,549899.5625,566515.828125,601117.453125,583430.8125,638218.96875,619438.734375,657845.84375,699116.65625,678129.03125,720775.875,743513.40625,766891.0,791174.875,816557.40625,842524.21875,869741.40625,897921.65625,927119.375,957385.84375,989330.09375,1021863.625,CI-WR,Woroba,10,10,CIV,CIV-ADM1-50440921B49666023,ADM1,Woroba,ADM1
11,36293375.4108,30461825.0353,7606833.56809,22680025.2157,1678816.87678,3707917.65461,1021635.64793,30623481.8357,565021.619109,566561.467261,216974.392012,616149.233293,3014272.30226,42043657.3165,26185865.4894,11636225.1352,20266641.5768,3295933.66401,9292447.31556,25292488.9308,NA,NA,NA,NA,NA,NA,NA,NA,NA,NA,NA,NA,NA,NA,NA,NA,NA,NA,NA,NA,NA,NA,NA,NA,NA,NA,NA,33.0,721575.1875,734768.75,761229.9375,747647.40625,789285.28125,775050.21875,804000.90625,834535.75,819145.8125,850444.46875,866897.875,883645.09375,900724.65625,918992.0,937145.75,956348.1875,976035.75,996354.8125,1017100.21875,1039088.9375,1061417.6875,CI-ZZ,Zanzan,11,11,CIV,CIV-ADM1-50440921B41346230,ADM1,Zanzan,ADM1
12,18384821.81,36790704.654,951859.887326,15734862.9967,38737.8867107,1876872.43709,0.0,16504508.2441,0.0,0.0,0.0,0.0,1351377.66258,22684919.058,10970202.7383,7288307.9516,10289129.1631,5832228.34912,3285495.71743,6423051.78948,0.0,0.0,0.0,0.0,0.0,0.0,0.0,0.0,0.0,0.0,0.0,0.0,0.0,0.0,0.0,0.0,0.0,0.0,0.0,0.0,0.0,0.0,0.0,0.0,0.0,0.0,0.0,0.0,inf,1205777.25,1243233.125,1224526.875,1281330.625,1261409.375,1301041.375,1344060.875,1322701.875,1365393.0,1388193.0,1410939.25,1434767.5,1459471.5,1484329.0,1510155.125,1536416.75,1563683.0,1591424.75,1619873.25,1649007.875,CI-LG,Lagunes,12,12,CIV,CIV-ADM1-50440921B33348156,ADM1,Lagunes,ADM1
13,27328466.0744,11127542.1305,4623265.20858,80681565.7339,365431.87492,1392782.0885,153897.309449,10997243.8991,292152.346814,556000.686046,65803.8293513,275508.539911,1157393.28472,15202582.0534,13674815.1833,7479789.09418,7516827.20104,5884114.35674,2377908.52778,3781570.77713,0.0,0.0,0.0,0.0,0.0,0.0,0.0,0.0,0.0,0.0,0.0,0.0,0.0,0.0,0.0,0.0,0.0,0.0,0.0,0.0,0.0,0.0,0.0,0.0,0.0,0.0,0.0,14.0,inf,943526.3125,976998.75,959622.75,1012579.5,994940.5,1031259.75,1068040.0,1049069.25,1087461.25,1106287.25,1127190.25,1147743.5,1168675.25,1190114.5,1212749.25,1235342.5,1257989.5,1281761.0,1306479.0,1330838.75,CI-CM,Comoe,13,13,CIV,CIV-ADM1-50440921B88312895,ADM1,Comoe,ADM1
