asdf_id,worldbank_geocodedresearchrelease_level1_v1_4_2.bf1de3f.sum,worldbank_geocodedresearchrelease_level1_v1_4_2.a4b4c97.sum,worldbank_geocodedresearchrelease_level1_v1_4_2.f99c939.sum,worldbank_geocodedresearchrelease_level1_v1_4_2.485401a.sum,worldbank_geocodedresearchrelease_level1_v1_4_2.a127a6e.sum,worldbank_geocodedresearchrelease_level1_v1_4_2.c2de8df.sum,worldbank_geocodedresearchrelease_level1_v1_4_2.887790a.sum,worldbank_geocodedresearchrelease_level1_v1_4_2.653b730.sum,worldbank_geocodedresearchrelease_level1_v1_4_2.034e602.sum,worldbank_geocodedresearchrelease_level1_v1_4_2.6142400.sum,worldbank_geocodedresearchrelease_level1_v1_4_2.381e47f.sum,worldbank_geocodedresearchrelease_level1_v1_4_2.be4c261.sum,worldbank_geocodedresearchrelease_level1_v1_4_2.98af255.sum,worldbank_geocodedresearchrelease_level1_v1_4_2.993244c.sum,worldbank_geocodedresearchrelease_level1_v1_4_2.0cf8a0f.sum,worldbank_geocodedresearchrelease_level1_v1_4_2.c3898aa.sum,worldbank_geocodedresearchrelease_level1_v1_4_2.e9437ae.sum,worldbank_geocodedresearchrelease_level1_v1_4_2.56d6ad1.sum,worldbank_geocodedresearchrelease_level1_v1_4_2.a8d2793.sum,worldbank_geocodedresearchrelease_level1_v1_4_2.d56e944.sum,ucdp_deaths_171.1989.sum,ucdp_deaths_171.1990.sum,ucdp_deaths_171.1991.sum,ucdp_deaths_171.1992.sum,ucdp_deaths_171.1993.sum,ucdp_deaths_171.1994.sum,ucdp_deaths_171.1995.sum,ucdp_deaths_171.1996.sum,ucdp_deaths_171.1997.sum,ucdp_deaths_171.1998.sum,ucdp_deaths_171.1999.sum,ucdp_deaths_171.2000.sum,ucdp_deaths_171.2001.sum,ucdp_deaths_171.2002.sum,ucdp_deaths_171.2003.sum,ucdp_deaths_171.2004.sum,ucdp_deaths_171.2005.sum,ucdp_deaths_171.2006.sum,ucdp_deaths_171.2007.sum,ucdp_deaths_171.2008.sum,ucdp_deaths_171.2009.sum,ucdp_deaths_171.2010.sum,ucdp_deaths_171.2011.sum,ucdp_deaths_171.2012.sum,ucdp_deaths_171.2013.sum,ucdp_deaths_171.2014.sum,ucdp_deaths_171.2015.sum,ucdp_deaths_171.2016.sum,worldpop_pop_count_1km_mosaic.2000.sum,worldpop_pop_count_1km_mosaic.2001.sum,worldpop_pop_count_1km_mosaic.2003.sum,worldpop_pop_count_1km_mosaic.2002.sum,worldpop_pop_count_1km_mosaic.2005.sum,worldpop_pop_count_1km_mosaic.2004.sum,worldpop_pop_count_1km_mosaic.2006.sum,worldpop_pop_count_1km_mosaic.2008.sum,worldpop_pop_count_1km_mosaic.2007.sum,worldpop_pop_count_1km_mosaic.2009.sum,worldpop_pop_count_1km_mosaic.2010.sum,worldpop_pop_count_1km_mosaic.2011.sum,worldpop_pop_count_1km_mosaic.2012.sum,worldpop_pop_count_1km_mosaic.2013.sum,worldpop_pop_count_1km_mosaic.2014.sum,worldpop_pop_count_1km_mosaic.2015.sum,worldpop_pop_count_1km_mosaic.2016.sum,worldpop_pop_count_1km_mosaic.2017.sum,worldpop_pop_count_1km_mosaic.2018.sum,worldpop_pop_count_1km_mosaic.2019.sum,worldpop_pop_count_1km_mosaic.2020.sum,Level,gqid,id,shapeGroup,shapeID,shapeISO,shapeName,shapeType
0,25720539.003,79185.4567532,655938.206183,208556.407112,13304521.1019,893806.771086,65471380.5358,21481770.9353,14247060.8346,37734666.1642,856018.792845,2264242.78594,5008531.50487,6639290.65899,22218966.6654,2606615.65367,2607155.18555,10729945.1675,42615469.2379,7073416.61025,0.0,0.0,0.0,0.0,0.0,0.0,0.0,0.0,0.0,0.0,0.0,0.0,0.0,0.0,0.0,0.0,0.0,0.0,0.0,0.0,0.0,0.0,0.0,0.0,0.0,0.0,0.0,25.0,1195301.25,1269994.0,1434891.25,1349673.75,1623319.875,1525933.75,1727356.5,1957400.25,1838483.125,2084378.125,2220312.25,2365620.5,2520504.5,2686635.75,2864140.25,3053779.0,3256616.75,3473515.0,3705352.0,3953364.5,4218655.5,ADM1,0,0,BFA,BFA-ADM1-92566538B94311900,BF-03,Centre,ADM1
1,35670.0755223,2626967.74254,14986124.6799,2502737.69428,1734680.22557,10898158.4376,10541509.7467,6235263.66094,22956796.9882,28875244.3179,10396310.2349,26989450.6921,27401401.6174,17005239.0805,39157294.1512,16465057.5595,38962224.8707,11038334.6911,33243836.4428,8208300.24937,NA,NA,NA,NA,NA,NA,NA,NA,NA,NA,NA,NA,NA,NA,NA,NA,NA,NA,NA,NA,NA,NA,NA,NA,NA,NA,NA,NA,inf,1301269.29297,1355924.54688,1328295.625,1413146.67969,1384247.14453,1442802.08594,1504099.91797,1473064.82812,1535689.60156,1568147.37109,1601403.44531,1635471.21484,1670186.95312,1705986.19141,1742572.99219,1779886.15625,1818209.23438,1857363.14453,1897440.42969,1938557.86719,ADM1,1,1,BFA,BFA-ADM1-92566538B68782446,BF-01,Boucle du Mouhoun,ADM1
2,224845.86226,2571347.59787,4393934.54365,1479775.68115,1315423.25509,5700698.25955,5562436.96707,3615828.23283,12158154.816,5435125.46162,5441694.79116,14310630.9691,12600270.3872,9296535.14628,9740617.74227,7593881.91605,24647948.0381,5858103.81112,12768861.8535,540530.9718,0.0,0.0,0.0,0.0,0.0,0.0,0.0,0.0,0.0,0.0,0.0,0.0,0.0,0.0,0.0,0.0,0.0,0.0,0.0,0.0,0.0,0.0,0.0,0.0,0.0,0.0,0.0,0.0,399140.78125,418055.75,459331.125,438014.375,505782.65625,481812.90625,531150.0,587134.375,558264.9375,618000.375,650853.0625,685935.9375,723478.5625,763681.5,806691.625,852668.5,902116.375,955152.1875,1012342.625,1073392.25,1139590.125,ADM1,2,2,BFA,BFA-ADM1-92566538B23588019,BF-02,Cascades,ADM1
3,101285.289886,2404207.49206,3530187.23218,1105905.25561,1379351.83229,4610499.49507,4494881.91595,8058848.20105,9841460.31965,4678093.46762,4587100.09462,11568758.914,19463767.3383,7480020.38147,7967609.21567,6409529.26225,79614913.2003,4863268.54034,10765296.4143,23644075.6488,0.0,0.0,0.0,0.0,0.0,0.0,0.0,0.0,0.0,0.0,0.0,0.0,0.0,0.0,0.0,0.0,0.0,0.0,0.0,0.0,0.0,0.0,0.0,0.0,0.0,0.0,0.0,0.0,inf,981585.0,1038903.6875,1009781.9375,1100210.375,1069081.625,1132384.5,1200185.5,1165774.75,1236094.125,1272919.375,1311259.125,1350937.625,1392139.875,1434536.125,1478771.0,1524429.375,1572096.0,1621397.0,1673160.125,1726216.125,ADM1,3,3,BFA,BFA-ADM1-92566538B52832699,BF-04,Centre-Est,ADM1
4,0.0,2380614.81226,4515604.38959,1435742.29791,1262976.37738,6153137.20243,6044230.20622,9113769.23845,13244858.8317,5919587.12123,5892997.51426,15587481.5142,18223666.4045,9799122.64482,10461713.7636,11121749.7718,33856139.2196,6380197.49018,20459460.2351,697987.18896,0.0,0.0,0.0,0.0,0.0,0.0,0.0,0.0,0.0,0.0,0.0,0.0,0.0,0.0,0.0,0.0,0.0,0.0,0.0,0.0,0.0,0.0,0.0,0.0,0.0,0.0,0.0,0.0,inf,1056632.0,1112671.5,1084305.75,1171886.0,1141967.375,1202784.125,1267046.625,1234557.5,1300579.75,1334998.0,1370395.0,1406673.875,1444094.75,1482559.75,1522180.5,1562819.875,1604552.875,1647458.5,1691568.75,1737029.5,ADM1,4,4,BFA,BFA-ADM1-92566538B22389203,BF-05,Centre-Nord,ADM1
5,89082.4788304,2592605.34416,4980537.76391,1628480.32595,1645452.56384,6840691.94988,6725484.19614,3990088.53467,14683517.5214,6800026.78738,6500910.54103,17227051.5187,19855274.7282,10843648.3924,32537776.7732,10696619.4182,26298441.2399,7129984.40311,20206171.3533,819802.884905,0.0,0.0,0.0,0.0,0.0,0.0,0.0,0.0,0.0,0.0,0.0,0.0,0.0,0.0,0.0,0.0,0.0,0.0,0.0,0.0,0.0,0.0,0.0,0.0,0.0,0.0,0.0,0.0,1056461.0,1080164.875,1130210.5,1104817.5,1183343.625,1156336.75,1211043.5,1269434.375,1239750.125,1299985.625,1331564.5,1364227.75,1397963.75,1432885.375,1468928.375,1506272.125,1544929.875,1584976.375,1626429.75,1669546.75,1713954.375,ADM1,5,5,BFA,BFA-ADM1-92566538B18918103,BF-06,Centre-Ouest,ADM1
6,37526.7769362,2337833.04155,2625915.85538,853832.880833,699886.388327,3626810.2328,3535828.39258,2451948.34372,7741622.56753,3879669.53237,3608565.94026,9116414.58716,10607259.9371,5720615.91859,6146726.75281,4982914.21439,21364829.3622,3749337.94227,47244625.3696,999602.20762,0.0,0.0,0.0,0.0,0.0,0.0,0.0,0.0,0.0,0.0,0.0,0.0,0.0,0.0,0.0,0.0,0.0,0.0,0.0,0.0,0.0,0.0,0.0,0.0,0.0,0.0,0.0,0.0,inf,582462.25,605305.75,593634.4375,629478.0625,617269.5,642231.8125,669103.75,655470.75,683208.6875,697813.875,712941.625,728655.5,745202.4375,762354.75,780156.25,798676.5,818101.75,838414.0625,859619.0,881633.1875,ADM1,6,6,BFA,BFA-ADM1-92566538B58138595,BF-07,Centre-Sud,ADM1
7,251917.148106,3457558.32936,10702813.2419,3416691.86555,2014604.53037,14381486.0902,14139017.6144,8519143.78499,30930441.5144,13972478.7912,13831237.2149,36503427.5784,30850128.7136,23037630.9756,24499872.9643,19197868.9273,38843716.7246,14968999.1001,37116894.4125,24909385.9976,NA,NA,NA,NA,NA,NA,NA,NA,NA,NA,NA,NA,NA,NA,NA,NA,NA,NA,NA,NA,NA,NA,NA,NA,NA,NA,NA,NA,inf,1014520.85547,1088557.60547,1050820.10938,1168552.08203,1127721.47656,1211063.89844,1301191.03906,1255148.6875,1349066.78125,1398930.96875,1450891.71094,1504981.82031,1561470.72656,1620353.53906,1681665.85156,1745615.46875,1812310.0,1882088.59375,1954831.875,2030804.54688,ADM1,7,7,BFA,BFA-ADM1-92566538B96386527,BF-08,Est,ADM1
8,25736460.9014,8943021.22614,5801273.22259,1851674.31857,14321855.5355,7973459.87596,7798061.63918,23457300.4675,29348485.271,26221717.4678,7650217.46113,20022357.5117,19587024.7103,12604369.2449,34150714.0938,12735327.866,24073199.016,8191528.23308,37302412.3446,14810131.6448,0.0,0.0,0.0,0.0,0.0,0.0,0.0,0.0,0.0,0.0,0.0,0.0,0.0,0.0,0.0,0.0,0.0,0.0,0.0,0.0,0.0,0.0,0.0,0.0,0.0,0.0,0.0,0.0,1186166.67188,1228875.94531,1319508.05469,1273293.47656,1417711.48438,1367687.70312,1469997.70312,1581024.34375,1524377.57812,1640106.625,1701623.25,1765723.03125,1832655.6875,1902364.82812,1974987.03125,2050740.125,2129704.78125,2211978.67188,2297827.95312,2387270.28125,2480599.01562,ADM1,8,8,BFA,BFA-ADM1-92566538B1847470,BF-09,Hauts-Bassins,ADM1
9,9693.24561893,2341800.09335,3741125.28813,1194811.11416,436043.930127,5139184.86301,5029710.72652,2956154.12767,10985945.9518,4910962.00641,4937452.66011,12920179.1784,13736160.1823,8131948.69907,8677051.23179,9003220.61016,21995497.9605,5285918.8083,26575216.757,44923240.4102,0.0,0.0,0.0,0.0,0.0,0.0,0.0,0.0,0.0,0.0,0.0,0.0,0.0,0.0,0.0,0.0,0.0,0.0,0.0,0.0,0.0,0.0,0.0,0.0,0.0,0.0,0.0,0.0,inf,1047110.5625,1092171.75,1069061.5,1141683.5,1116745.875,1167182.0,1220319.75,1192922.875,1247905.375,1275760.5,1305143.0,1333607.375,1364362.125,1395936.25,1426332.125,1459159.125,1492329.75,1527192.25,1561916.625,1598430.75,ADM1,9,9,BFA,BFA-ADM1-92566538B65948545,BF-10,Nord,ADM1
10,0.0,2190596.85268,9140973.22793,625887.99375,570942.433142,2682357.9026,25502598.4248,2245994.37194,5773876.08745,2939328.85945,2568954.32888,6795103.51315,11063552.6011,4275826.86399,4560610.24894,3608043.07443,16638349.688,2796622.67538,40953469.6067,419012.997357,0.0,0.0,0.0,0.0,0.0,0.0,0.0,0.0,0.0,0.0,0.0,0.0,0.0,0.0,0.0,0.0,0.0,0.0,0.0,0.0,0.0,0.0,0.0,0.0,0.0,0.0,0.0,0.0,3.40282346639e+38,630628.625,655983.0,643210.3125,682400.9375,669022.4375,696158.3125,724456.4375,710157.125,739142.375,754029.875,769201.625,785168.9375,801112.375,817318.625,833951.25,851071.8125,868613.5625,886531.875,904827.125,923568.0,ADM1,10,10,BFA,BFA-ADM1-92566538B78122684,BF-11,Plateau Central,ADM1
11,27442.0982174,2540010.39428,15409957.3903,2640998.37321,959256.089861,11281428.6869,11025861.3054,12023992.3995,24085697.5176,10767947.5008,10790863.0575,28295751.6701,24067950.129,17801909.1142,19013266.8816,16320556.5724,48198602.5962,11593237.1209,25793647.5516,6070390.6275,NA,NA,NA,NA,NA,NA,NA,NA,NA,NA,NA,NA,NA,NA,NA,NA,NA,NA,NA,NA,NA,NA,NA,NA,NA,NA,NA,NA,789876.140625,815177.886719,867337.109375,840376.1875,923746.203125,894788.929688,953312.375,1016127.14844,984137.023438,1048996.90625,1082705.45703,1117795.07812,1153798.87891,1191358.47656,1230182.10156,1270513.75,1311902.03125,1355093.24609,1399648.79688,1445905.17969,1493148.20312,ADM1,11,11,BFA,BFA-ADM1-92566538B84763330,BF-12,Sahel,ADM1
12,238766.71157,2677438.00174,3681602.73266,1317133.23086,1020363.86907,5148253.31882,5039035.02778,8505351.71294,10865979.2255,5074624.85379,4798906.76422,12756320.1799,13655752.1674,8202129.78233,8992691.11304,8591088.09955,18712880.133,5315271.54609,11299391.8824,859645.017865,0.0,0.0,0.0,0.0,0.0,0.0,0.0,0.0,0.0,0.0,0.0,0.0,0.0,0.0,0.0,0.0,0.0,0.0,0.0,0.0,0.0,0.0,0.0,0.0,0.0,0.0,0.0,0.0,532570.5,545824.0,573635.75,559514.5625,603920.8125,588361.375,619847.4375,653839.5625,636531.0,671988.8125,690831.75,710568.6875,731011.9375,752607.625,775113.75,798702.6875,823267.5625,849240.4375,876330.5,904732.625,934465.75,ADM1,12,12,BFA,BFA-ADM1-92566538B71916481,BF-13,Sud-Ouest,ADM1
