asdf_id,accessibility_to_cities_2015_v1.0.mean,accessibility_to_cities_2015_v1.0.max,accessibility_to_cities_2015_v1.0.min,access_50k.none.mean,access_50k.none.max,access_50k.none.min,Level,gqid,shapeGroup,shapeID,shapeISO,shapeName,shapeType
0,287.146899173,1226.0,0.0,380.717134524,1913.0,58.0,ADM1,0,SSD,SSD-ADM1-44483746B95096933,SS-LK,Lakes,ADM1
1,151.828007728,526.0,0.0,291.441947779,1384.0,0.0,ADM1,1,SSD,SSD-ADM1-44483746B23337384,SS-EC,Central Equatoria,ADM1
2,364.079990776,1214.0,0.0,648.069953431,2663.0,71.0,ADM1,2,SSD,SSD-ADM1-44483746B27729485,SS-EE,Eastern Equatoria,ADM1
3,278.20584963,785.0,0.0,521.280050353,2096.0,0.0,ADM1,3,SSD,SSD-ADM1-44483746B61374380,SS-NU,Upper Nile,ADM1
4,541.509744319,1458.0,0.0,685.58409031,3479.0,0.0,ADM1,4,SSD,SSD-ADM1-44483746B25466629,SS-BW,Western Bahr el Ghazal,ADM1
5,257.639724337,631.0,0.0,549.287024833,1907.0,92.0,ADM1,5,SSD,SSD-ADM1-44483746B94084321,SS-UY,Unity,ADM1
6,297.621773686,960.0,0.0,376.403381808,1502.0,0.0,ADM1,6,SSD,SSD-ADM1-44483746B89966072,SS-BN,Northern Bahr el Ghazal,ADM1
7,308.025636823,1053.0,0.0,598.587330065,2930.0,0.0,ADM1,7,SSD,SSD-ADM1-44483746B87515968,SS-JG,Jonglei,ADM1
8,377.700101744,1407.0,0.0,475.160668148,3487.0,0.0,ADM1,8,SSD,SSD-ADM1-44483746B70028787,SS-EW,Western Equatoria,ADM1
9,239.341356678,994.0,0.0,296.745139107,1869.0,0.0,ADM1,9,SSD,SSD-ADM1-44483746B47774866,SS-WR,Warrap,ADM1
