asdf_id,worldbank_geocodedresearchrelease_level1_v1_4_2.bf1de3f.sum,worldbank_geocodedresearchrelease_level1_v1_4_2.a4b4c97.sum,worldbank_geocodedresearchrelease_level1_v1_4_2.f99c939.sum,worldbank_geocodedresearchrelease_level1_v1_4_2.485401a.sum,worldbank_geocodedresearchrelease_level1_v1_4_2.a127a6e.sum,worldbank_geocodedresearchrelease_level1_v1_4_2.c2de8df.sum,worldbank_geocodedresearchrelease_level1_v1_4_2.887790a.sum,worldbank_geocodedresearchrelease_level1_v1_4_2.653b730.sum,worldbank_geocodedresearchrelease_level1_v1_4_2.034e602.sum,worldbank_geocodedresearchrelease_level1_v1_4_2.6142400.sum,worldbank_geocodedresearchrelease_level1_v1_4_2.381e47f.sum,worldbank_geocodedresearchrelease_level1_v1_4_2.be4c261.sum,worldbank_geocodedresearchrelease_level1_v1_4_2.98af255.sum,worldbank_geocodedresearchrelease_level1_v1_4_2.993244c.sum,worldbank_geocodedresearchrelease_level1_v1_4_2.0cf8a0f.sum,worldbank_geocodedresearchrelease_level1_v1_4_2.c3898aa.sum,worldbank_geocodedresearchrelease_level1_v1_4_2.e9437ae.sum,worldbank_geocodedresearchrelease_level1_v1_4_2.56d6ad1.sum,worldbank_geocodedresearchrelease_level1_v1_4_2.a8d2793.sum,worldbank_geocodedresearchrelease_level1_v1_4_2.d56e944.sum,ucdp_deaths_171.1989.sum,ucdp_deaths_171.1990.sum,ucdp_deaths_171.1991.sum,ucdp_deaths_171.1992.sum,ucdp_deaths_171.1993.sum,ucdp_deaths_171.1994.sum,ucdp_deaths_171.1995.sum,ucdp_deaths_171.1996.sum,ucdp_deaths_171.1997.sum,ucdp_deaths_171.1998.sum,ucdp_deaths_171.1999.sum,ucdp_deaths_171.2000.sum,ucdp_deaths_171.2001.sum,ucdp_deaths_171.2002.sum,ucdp_deaths_171.2003.sum,ucdp_deaths_171.2004.sum,ucdp_deaths_171.2005.sum,ucdp_deaths_171.2006.sum,ucdp_deaths_171.2007.sum,ucdp_deaths_171.2008.sum,ucdp_deaths_171.2009.sum,ucdp_deaths_171.2010.sum,ucdp_deaths_171.2011.sum,ucdp_deaths_171.2012.sum,ucdp_deaths_171.2013.sum,ucdp_deaths_171.2014.sum,ucdp_deaths_171.2015.sum,ucdp_deaths_171.2016.sum,worldpop_pop_count_1km_mosaic.2000.sum,worldpop_pop_count_1km_mosaic.2001.sum,worldpop_pop_count_1km_mosaic.2003.sum,worldpop_pop_count_1km_mosaic.2002.sum,worldpop_pop_count_1km_mosaic.2005.sum,worldpop_pop_count_1km_mosaic.2004.sum,worldpop_pop_count_1km_mosaic.2006.sum,worldpop_pop_count_1km_mosaic.2008.sum,worldpop_pop_count_1km_mosaic.2007.sum,worldpop_pop_count_1km_mosaic.2009.sum,worldpop_pop_count_1km_mosaic.2010.sum,worldpop_pop_count_1km_mosaic.2011.sum,worldpop_pop_count_1km_mosaic.2012.sum,worldpop_pop_count_1km_mosaic.2013.sum,worldpop_pop_count_1km_mosaic.2014.sum,worldpop_pop_count_1km_mosaic.2015.sum,worldpop_pop_count_1km_mosaic.2016.sum,worldpop_pop_count_1km_mosaic.2017.sum,worldpop_pop_count_1km_mosaic.2018.sum,worldpop_pop_count_1km_mosaic.2019.sum,worldpop_pop_count_1km_mosaic.2020.sum,Level,gqid,shapeGroup,shapeID,shapeISO,shapeName,shapeType
0,52496467.7339,14317203.7425,24909370.3673,191882.943064,34792017.4307,55219766.6428,7266279.01553,18439082.1815,6183086.02883,16050670.6679,11379.6978571,2244355.90799,96323.572538,7293621.6387,7997436.77113,8200662.57782,42698612.6101,11952835.1175,3923045.02763,1568440.52903,NA,NA,NA,NA,NA,NA,NA,NA,NA,NA,NA,NA,NA,NA,NA,NA,NA,NA,NA,NA,NA,NA,NA,NA,NA,NA,NA,NA,inf,1156179.11899,1220884.50723,1192030.25861,1293379.68442,1259932.57254,1326055.19205,1404069.73425,1367574.5654,1438903.01746,1482097.31583,1534848.31845,1569291.42786,1611282.94208,1658782.39941,1707371.02112,1754292.4613,1807526.82874,1859822.20648,1912589.16937,1970751.92865,ADM1,0,ZMB,ZMB-ADM1-62077984B94798858,ZM10,Central,ADM1
1,54316699.2936,3804560.03752,7026289.10463,28387584.3952,9813928.22851,70751903.8041,2049810.70726,5221280.54338,37349649.8313,19267058.7541,9976.79843167,1525590.82533,6439424.19797,5408468.41173,30219725.4354,7916354.12476,39566899.4043,18784769.1684,12984371.7248,464976.482017,0.0,0.0,0.0,0.0,0.0,0.0,0.0,0.0,0.0,0.0,0.0,0.0,0.0,0.0,0.0,0.0,0.0,0.0,0.0,0.0,0.0,0.0,0.0,0.0,0.0,0.0,0.0,0.0,9.52790530023e+37,1562141.625,1639692.75,1599547.75,1721180.6875,1679442.84375,1764300.15625,1854609.875,1810011.03125,1904503.84375,1952512.75,2004082.78125,2057713.34375,2113382.71875,2167866.96875,2227899.8125,2290742.1875,2353734.1875,2419033.375,2486514.46875,2556719.0,ADM1,1,ZMB,ZMB-ADM1-62077984B26497486,ZM20,Copperbelt,ADM1
2,16947900.3148,7241590.23474,11499428.1074,994532.378178,51003467.7883,23185698.6512,3441053.35121,8518966.94788,1156527.9381,12864389.8196,22562957.3774,8684173.46528,223262.811703,6206208.09636,7790855.78818,4001805.59296,2354417.93475,8170727.77379,1205294.94629,758716.903834,14.0,28.0,NA,NA,NA,NA,NA,NA,NA,NA,NA,NA,NA,NA,NA,NA,NA,NA,NA,NA,NA,NA,NA,NA,NA,NA,NA,NA,1226804.0,1254731.13281,1317406.31055,1285038.60547,1384854.07617,1350704.85059,1421990.97461,1499211.09863,1460288.33203,1541297.22656,1584990.80469,1631808.34766,1680936.33789,1732606.57031,1787654.59766,1843730.64062,1904075.01758,1967522.31836,2034492.32227,2105742.51758,2180536.38281,ADM1,2,ZMB,ZMB-ADM1-62077984B2440473,ZM30,Eastern,ADM1
3,16345561.8089,5988370.34863,11059365.8452,0.0,15447104.587,21928722.1579,3227308.02537,8402378.10565,2587613.2629,11044704.4389,778688.872442,94204.0683383,6618960.58749,1414125.99737,56746.926276,3522512.37542,1952551.72387,1927694.64209,934973.413593,10982067.3115,NA,NA,NA,NA,NA,NA,NA,NA,NA,NA,NA,NA,NA,NA,NA,NA,NA,NA,NA,NA,NA,NA,NA,NA,13.0,NA,NA,NA,inf,780188.698242,808312.123047,792997.418945,844836.431641,824741.754395,867002.249512,921118.064453,892789.506836,953199.757812,988037.150391,1028524.50781,1072208.07227,1122970.41504,1179800.01367,1243593.09766,1313725.12402,1395592.87988,1486792.22412,1591090.27148,1706961.67871,ADM1,3,ZMB,ZMB-ADM1-62077984B60206883,ZM40,Luapula,ADM1
4,13492632.6521,63754892.5225,5780524.86648,23396997.3163,8057835.99468,14389165.115,1687555.52072,8806922.35728,414476.968063,10392770.1384,13691.1769764,62318200.243,5937613.80648,10188900.3725,17343120.7199,13346919.2783,38120863.7875,7142365.5602,119798315.669,369177.43394,NA,4.0,NA,NA,NA,NA,NA,NA,NA,NA,NA,NA,NA,NA,NA,NA,NA,NA,NA,NA,NA,NA,NA,NA,NA,NA,NA,NA,inf,1389155.57031,1526065.64453,1453286.68359,1672559.59375,1594358.59766,1756878.48047,1932181.17969,1838829.63281,2032136.08594,2131180.30469,2228843.02734,2346315.0625,2470382.52734,2601410.74609,2733558.41406,2877114.80469,3023156.8125,3182070.24219,3349420.86719,3524137.03125,ADM1,4,ZMB,ZMB-ADM1-62077984B67193580,ZM50,Lusaka,ADM1
5,28962378.9495,11405755.4833,19581508.5936,693085.592097,27343023.4331,39154458.0007,5785166.78969,14406701.9308,1797079.4611,11317710.2967,542404.67379,2172828.05323,315997.219126,2197119.6185,334206.532869,7467387.91672,3551656.80051,4409641.01105,1896168.93129,1454459.82905,NA,NA,NA,NA,NA,NA,NA,NA,NA,NA,NA,NA,NA,NA,NA,NA,NA,NA,NA,NA,NA,NA,NA,NA,NA,NA,NA,NA,516981.977539,533259.335938,568449.486328,550788.510254,607716.070557,587121.251709,627978.856201,671373.942871,649271.38208,694760.75,719320.72168,743606.553223,770638.201172,797957.983154,827034.435059,855916.729004,888099.716309,920968.280273,955173.373779,990855.745117,1028367.64111,ADM1,5,ZMB,ZMB-ADM1-62077984B16992308,ZM11,Muchinga,ADM1
6,55109951.7023,15270305.1816,28201310.4968,2358.06829758,39390015.5607,55944673.8101,8227251.75061,21065187.0351,6620074.97292,13548871.8581,609557.372018,1743769.48038,189952.871676,2686200.25589,7805843.69329,8963832.66061,4950621.54753,5053538.16701,2375320.40797,12117780.2953,NA,NA,NA,NA,1.0,NA,NA,NA,NA,NA,NA,1.0,NA,NA,NA,NA,NA,0.35999999195337296,NA,0.11999999731779099,NA,NA,NA,NA,NA,NA,NA,NA,503427.347397,522217.827957,562856.08754,542219.82515,607016.350906,584843.989197,630460.46196,679863.163666,654666.230438,705907.819702,733772.71138,762137.04184,791798.293396,822357.776001,854150.66803,888073.757385,922793.762268,959070.08139,997252.445129,1036368.17953,1077812.88809,ADM1,6,ZMB,ZMB-ADM1-62077984B74420644,ZM70,North-Western,ADM1
7,38732098.6139,9411400.40277,17417901.0159,539.925986611,24320590.324,34521093.9715,5124772.80477,12792222.5535,1319287.53582,12888074.1158,46262.2458518,1749276.3396,6661835.43533,6332058.20482,178140.87687,5260240.74269,3046304.81432,3028499.15487,14292219.6894,11262700.9104,NA,NA,NA,NA,NA,NA,NA,NA,NA,NA,NA,NA,NA,NA,NA,NA,NA,NA,NA,NA,NA,NA,NA,NA,NA,NA,NA,NA,inf,827078.820312,879904.960938,852950.6875,937490.914062,907984.945312,968255.375,1033543.88281,1000047.53906,1068331.60938,1104518.39062,1142547.51562,1182112.29688,1223592.98438,1268094.67188,1313081.5,1360460.20312,1409964.53125,1461936.73438,1515793.85938,1572282.46875,ADM1,7,ZMB,ZMB-ADM1-62077984B79866209,ZM60,Northern,ADM1
8,44080058.5703,8517784.30828,15528960.4021,43020271.7013,21671171.0758,43981652.6815,4525813.06296,11407043.8325,1090492.83018,15832640.8789,0.0,13334309.6164,0.0,1396954.17182,7767560.48541,21790477.2517,2716695.27944,7455767.33974,1178005.86182,955529.773079,NA,NA,NA,NA,NA,NA,NA,NA,NA,NA,NA,NA,NA,NA,NA,NA,NA,NA,NA,NA,NA,NA,NA,NA,NA,NA,NA,NA,inf,1169098.57812,1227793.52539,1196952.16602,1292214.94922,1259484.82422,1327427.26172,1399807.73633,1362638.32812,1439069.37891,1477343.93945,1518284.10547,1566054.27734,1607923.30078,1650464.45508,1700301.80664,1750840.39453,1805007.44141,1859573.12891,1919147.06641,1978802.75391,ADM1,8,ZMB,ZMB-ADM1-62077984B37726518,ZM80,Southern,ADM1
9,42859523.1634,15824745.2943,29225254.5231,1683.11027351,40820203.3931,57948173.0407,8524902.00472,21486510.7072,2074749.64338,14377776.1494,15554.9988253,4553162.72739,29459.7574948,2633771.14922,7845534.3919,8765211.61356,5117215.56143,11125891.7651,2213237.85155,12093024.5206,NA,NA,NA,NA,NA,NA,NA,NA,NA,NA,NA,NA,NA,NA,NA,NA,NA,NA,NA,NA,NA,NA,NA,NA,NA,NA,NA,NA,752380.412354,765619.913818,792947.951782,779116.920898,821895.311768,807096.404297,836803.759277,867965.30127,852166.922974,883806.944946,900345.535034,917057.923706,935197.564453,953143.434814,971751.177734,990810.034912,1010457.16455,1030753.05908,1051432.43115,1072803.38623,1094624.56348,ADM1,9,ZMB,ZMB-ADM1-62077984B63123985,ZM90,Western,ADM1
