asdf_id,worldbank_geocodedresearchrelease_level1_v1_4_2.bf1de3f.sum,worldbank_geocodedresearchrelease_level1_v1_4_2.a4b4c97.sum,worldbank_geocodedresearchrelease_level1_v1_4_2.485401a.sum,worldbank_geocodedresearchrelease_level1_v1_4_2.c2de8df.sum,worldbank_geocodedresearchrelease_level1_v1_4_2.653b730.sum,worldbank_geocodedresearchrelease_level1_v1_4_2.034e602.sum,worldbank_geocodedresearchrelease_level1_v1_4_2.6142400.sum,worldbank_geocodedresearchrelease_level1_v1_4_2.381e47f.sum,worldbank_geocodedresearchrelease_level1_v1_4_2.be4c261.sum,worldbank_geocodedresearchrelease_level1_v1_4_2.98af255.sum,worldbank_geocodedresearchrelease_level1_v1_4_2.993244c.sum,worldbank_geocodedresearchrelease_level1_v1_4_2.0cf8a0f.sum,worldbank_geocodedresearchrelease_level1_v1_4_2.c3898aa.sum,worldbank_geocodedresearchrelease_level1_v1_4_2.e9437ae.sum,worldbank_geocodedresearchrelease_level1_v1_4_2.56d6ad1.sum,worldbank_geocodedresearchrelease_level1_v1_4_2.a8d2793.sum,worldbank_geocodedresearchrelease_level1_v1_4_2.d56e944.sum,ucdp_deaths_171.1989.sum,ucdp_deaths_171.1990.sum,ucdp_deaths_171.1991.sum,ucdp_deaths_171.1992.sum,ucdp_deaths_171.1993.sum,ucdp_deaths_171.1994.sum,ucdp_deaths_171.1995.sum,ucdp_deaths_171.1996.sum,ucdp_deaths_171.1997.sum,ucdp_deaths_171.1998.sum,ucdp_deaths_171.1999.sum,ucdp_deaths_171.2000.sum,ucdp_deaths_171.2001.sum,ucdp_deaths_171.2002.sum,ucdp_deaths_171.2003.sum,ucdp_deaths_171.2004.sum,ucdp_deaths_171.2005.sum,ucdp_deaths_171.2006.sum,ucdp_deaths_171.2007.sum,ucdp_deaths_171.2008.sum,ucdp_deaths_171.2009.sum,ucdp_deaths_171.2010.sum,ucdp_deaths_171.2011.sum,ucdp_deaths_171.2012.sum,ucdp_deaths_171.2013.sum,ucdp_deaths_171.2014.sum,ucdp_deaths_171.2015.sum,ucdp_deaths_171.2016.sum,worldpop_pop_count_1km_mosaic.2000.sum,worldpop_pop_count_1km_mosaic.2001.sum,worldpop_pop_count_1km_mosaic.2003.sum,worldpop_pop_count_1km_mosaic.2002.sum,worldpop_pop_count_1km_mosaic.2005.sum,worldpop_pop_count_1km_mosaic.2004.sum,worldpop_pop_count_1km_mosaic.2006.sum,worldpop_pop_count_1km_mosaic.2008.sum,worldpop_pop_count_1km_mosaic.2007.sum,worldpop_pop_count_1km_mosaic.2009.sum,worldpop_pop_count_1km_mosaic.2010.sum,worldpop_pop_count_1km_mosaic.2011.sum,worldpop_pop_count_1km_mosaic.2012.sum,worldpop_pop_count_1km_mosaic.2013.sum,worldpop_pop_count_1km_mosaic.2014.sum,worldpop_pop_count_1km_mosaic.2015.sum,worldpop_pop_count_1km_mosaic.2016.sum,worldpop_pop_count_1km_mosaic.2017.sum,worldpop_pop_count_1km_mosaic.2018.sum,worldpop_pop_count_1km_mosaic.2019.sum,worldpop_pop_count_1km_mosaic.2020.sum,Level,gqid,shapeGroup,shapeID,shapeISO,shapeName,shapeType
0,0.0,0.0,0.0,0.0,0.0,0.0,0.0,0.0,0.0,0.0,0.0,0.0,0.0,0.0,0.0,5190666.39125,2723109.02158,834.0,549.0,NA,70.0,118.0,150.0,NA,2.0,605.0,NA,15.0,7.0,NA,NA,NA,NA,NA,60.0,NA,NA,52.0,72.0,95.0,14.0,25.0,10.0,187.0,62.0,inf,599009.187988,625251.379883,611984.024902,652656.794434,638811.523438,666827.564453,696029.398926,681257.646973,711118.212891,726543.706055,742301.592285,758399.391602,774898.575684,791627.67334,808810.354492,826328.147461,844254.209473,862583.253418,881256.310547,900416.225586,ADM1,0,SSD,SSD-ADM1-44483746B95096933,SS-LK,Lakes,ADM1
1,16527.7540032,12932.2833705,112929.732053,42772.0773058,427888.085712,168399.823331,261959.025512,10329.3457124,99487.28362,81352.5240371,109194.735858,3916802.43557,291136.055457,35168.0855192,47206.40805,13599457.435,2688887.53053,173.0,1816.0,420.0,972.0,491.0,28.0,90.0,40.95999997854233,1180.999997317791,1058.0,9.0,22.0,25.0,588.0,4.0,317.91999995708466,70.17000000178814,15.0,9.0,8.0,92.0,7.0,2.84999996424,NA,788.0,20.0,17.0,423.859999985,770724.847656,805114.125,879926.03125,841655.121094,962092.859375,920470.722656,1005940.46094,1099748.39844,1051733.38281,1150042.79688,1202526.125,1257400.125,1314870.45312,1374836.28125,1438048.4375,1503783.24219,1572410.39062,1644396.25781,1719489.92188,1798150.60938,1880715.82812,ADM1,1,SSD,SSD-ADM1-44483746B23337384,SS-EC,Central Equatoria,ADM1
2,372321.466931,480565.207401,275975.157916,1737449.47598,685760.759002,897677.630074,922483.624288,0.0,1319516.945,1102405.52153,663314.727239,1029566.74282,1240959.66523,694541.45279,1748488.9603,10234718.2018,3052306.257,2700.0,156.0,20.0,393.19999957084656,725.7599987387657,236.95999997854233,920.679998755455,961.9199855923653,603.9999952316284,657.0,44.0,45.0,679.0,1496.519999742508,9.070000000298023,428.83999979496,109.19999939203262,101.83999937772751,102.51999974250793,25.43999969959259,NA,NA,25.9599999785,NA,NA,NA,2.0,25.7199998498,inf,330651.716064,444033.46167,382419.833984,599914.930664,515988.503906,698316.749023,948998.318359,813760.174805,1107661.54004,1293901.97363,1511992.07422,1768023.5332,2067502.36523,2422684.97852,2835962.91797,3325420.05469,3893486.00391,4561987.6875,5345188.12109,6264564.16211,ADM1,2,SSD,SSD-ADM1-44483746B27729485,SS-EE,Eastern Equatoria,ADM1
3,30940.0350667,109143.810217,91533.6691222,104703.408517,78743.0335755,12203.8010023,143026.609513,0.0,216917.824003,90711.1035508,136378.706589,139735.313685,31533.3994153,99053.0311728,683614.71942,5170929.49246,15497944.0759,109.0,934.0,233.05000000074506,126.0,1127.0,NA,147.0,NA,NA,78.40000031888485,144.0,690.4000006020069,433.0,406.0,NA,300.44000005722046,6.0,3.8000000566244125,NA,NA,192.0,20.0,65.0,3.0,31.0,591.0,299.0,145.500000112,719006.84375,745615.109375,802780.109375,773850.648438,865286.15625,833266.207031,897653.914062,966884.796875,931704.171875,1004010.05859,1042648.10938,1081779.46875,1123170.71094,1165225.35156,1210018.50781,1255790.10938,1303990.17188,1353243.36719,1405022.45703,1458260.4375,1514465.92188,ADM1,3,SSD,SSD-ADM1-44483746B61374380,SS-NU,Upper Nile,ADM1
4,0.0,0.0,0.0,6354.40603728,0.0,0.0,0.0,0.0,55978.4024784,0.0,5127.25765641,3217.05889807,8622.31800951,0.0,0.0,6500244.23067,4273598.25942,NA,258.0,101.0,11.0,37.0,NA,NA,NA,145.0,1256.0,14.0,6.0,492.0,16.0,20.0,NA,NA,NA,NA,NA,9.0,1.0,4.0,40.0,NA,43.0,13.9899999481,77.0,273148.232666,280816.64209,297078.290222,289104.19458,314214.375488,305519.900574,322563.285645,341292.609375,332039.190247,350862.280701,360733.777588,370625.405518,381459.388428,392172.676636,403987.040161,415635.042847,427651.016235,439352.463379,452127.772705,464966.825806,478246.531006,ADM1,4,SSD,SSD-ADM1-44483746B25466629,SS-BW,Western Bahr el Ghazal,ADM1
5,0.0,0.0,0.0,0.0,0.0,0.0,0.0,0.0,0.0,0.0,0.0,0.0,0.0,0.0,0.0,5168402.94062,1311209.98381,NA,2.0,NA,NA,325.0,NA,NA,210.0,NA,249.0,284.0,645.0,954.0,443.0,44.0,NA,1.0,NA,NA,NA,NA,NA,419.0,208.0,586.0,1233.0,491.0,72.0,inf,434980.628662,473346.944336,453864.211182,515064.983154,493955.882568,537233.183838,584587.708008,560449.911133,609801.476562,636234.104492,663611.225586,692277.307617,722153.742188,753225.082031,785623.38916,819546.169922,854812.312012,891570.712402,929976.450195,970013.163086,ADM1,5,SSD,SSD-ADM1-44483746B94084321,SS-UY,Unity,ADM1
6,0.0,0.0,0.0,0.0,0.0,0.0,0.0,0.0,0.0,0.0,0.0,0.0,0.0,0.0,0.0,5054490.28836,2125999.262,4.0,0.0,8.0,0.0,206.0,0.0,0.0,0.0,121.0,53.0,12.0,97.0,58.0,6.0,0.0,0.0,0.0,0.0,0.0,0.0,0.0,0.0,0.0,34.0,0.0,97.0,2.0,2.0,735523.093384,733815.986328,730477.67749,732181.751221,727251.821289,728875.929199,725632.651855,722459.05542,724070.2323,720932.878784,719349.569336,717835.911987,716199.546875,714547.819092,712927.179688,711207.57251,709840.994873,708347.992554,706787.710327,705256.241089,703845.507202,ADM1,6,SSD,SSD-ADM1-44483746B89966072,SS-BN,Northern Bahr el Ghazal,ADM1
7,48581.7517082,172793.699497,146070.183608,161111.121206,90168.7412067,20823.6011666,195753.167633,0.0,344372.790989,147109.22067,225044.825317,212529.808034,48717.899637,133557.963722,1180108.6796,9655344.87253,17416207.9346,87.0,78.0,3000.0,1254.0,2621.0,NA,NA,17.0,339.0,1.0,NA,NA,168.0,5.0,NA,204.5600000023842,NA,156.0,170.0,31.0,1432.0,75.0,2207.0,363.5999994277954,322.0599970817566,474.0,1.0,271.0,inf,1058279.01532,1136315.10004,1096581.58624,1220076.16153,1177456.4588,1264237.77484,1357444.71582,1310014.11688,1406608.31018,1457484.61963,1510254.25586,1565169.76282,1621848.23615,1680607.43866,1741570.59454,1804749.08856,1870195.40344,1938257.4364,2008497.12708,2081618.61523,ADM1,7,SSD,SSD-ADM1-44483746B87515968,SS-JG,Jonglei,ADM1
8,0.0,0.0,0.0,3114.97407076,71803.7035676,1139.03184157,56499.7651266,15347.5191682,27441.0025453,27220.2125046,12979.0828828,5186.31238621,15055.8511281,2843.94240832,0.0,5228582.68098,3911306.93996,NA,389.0,2.0,NA,230.0,78.0,2.0,7.0,125.0,95.0,NA,3.0,NA,17.0,NA,NA,3.8299999833106995,NA,4.539999961853027,87.90000003576279,155.12000036239624,27.100000083446503,62.3099999428,NA,2.0,NA,28.3400000334,4.0,459541.179688,476459.78125,512301.978516,494215.907227,550873.109375,531291.556641,571266.121094,614327.601562,592478.486328,637079.454102,660495.30957,685054.322266,710389.81543,736619.533203,763743.175781,791945.070312,821590.763672,851723.296875,883016.753906,915772.0625,949455.980469,ADM1,8,SSD,SSD-ADM1-44483746B70028787,SS-EW,Western Equatoria,ADM1
9,0.0,0.0,0.0,0.0,0.0,0.0,0.0,0.0,0.0,0.0,0.0,0.0,0.0,0.0,0.0,8197752.97156,1340513.59333,NA,90.0,NA,NA,NA,NA,NA,NA,149.0,154.0,36.0,274.0,NA,NA,NA,NA,NA,NA,NA,NA,30.0,71.0,145.0,192.0,NA,8.0,92.0,86.0,3.40282346639e+38,837701.445312,860755.394531,849103.632812,884193.441406,872501.953125,896261.480469,920840.113281,908527.132812,933378.554688,945984.597656,958896.125,972057.390625,985408.421875,998862.9375,1012523.77344,1026425.94531,1040225.32812,1054487.52344,1068838.44531,1083344.3125,ADM1,9,SSD,SSD-ADM1-44483746B47774866,SS-WR,Warrap,ADM1
