asdf_id,worldbank_geocodedresearchrelease_level1_v1_4_2.bf1de3f.sum,worldbank_geocodedresearchrelease_level1_v1_4_2.a4b4c97.sum,worldbank_geocodedresearchrelease_level1_v1_4_2.f99c939.sum,worldbank_geocodedresearchrelease_level1_v1_4_2.485401a.sum,worldbank_geocodedresearchrelease_level1_v1_4_2.a127a6e.sum,worldbank_geocodedresearchrelease_level1_v1_4_2.c2de8df.sum,worldbank_geocodedresearchrelease_level1_v1_4_2.887790a.sum,worldbank_geocodedresearchrelease_level1_v1_4_2.653b730.sum,worldbank_geocodedresearchrelease_level1_v1_4_2.034e602.sum,worldbank_geocodedresearchrelease_level1_v1_4_2.6142400.sum,worldbank_geocodedresearchrelease_level1_v1_4_2.381e47f.sum,worldbank_geocodedresearchrelease_level1_v1_4_2.be4c261.sum,worldbank_geocodedresearchrelease_level1_v1_4_2.98af255.sum,worldbank_geocodedresearchrelease_level1_v1_4_2.993244c.sum,worldbank_geocodedresearchrelease_level1_v1_4_2.0cf8a0f.sum,worldbank_geocodedresearchrelease_level1_v1_4_2.c3898aa.sum,worldbank_geocodedresearchrelease_level1_v1_4_2.e9437ae.sum,worldbank_geocodedresearchrelease_level1_v1_4_2.56d6ad1.sum,worldbank_geocodedresearchrelease_level1_v1_4_2.a8d2793.sum,worldbank_geocodedresearchrelease_level1_v1_4_2.d56e944.sum,ucdp_deaths_171.1989.sum,ucdp_deaths_171.1990.sum,ucdp_deaths_171.1991.sum,ucdp_deaths_171.1992.sum,ucdp_deaths_171.1993.sum,ucdp_deaths_171.1994.sum,ucdp_deaths_171.1995.sum,ucdp_deaths_171.1996.sum,ucdp_deaths_171.1997.sum,ucdp_deaths_171.1998.sum,ucdp_deaths_171.1999.sum,ucdp_deaths_171.2000.sum,ucdp_deaths_171.2001.sum,ucdp_deaths_171.2002.sum,ucdp_deaths_171.2003.sum,ucdp_deaths_171.2004.sum,ucdp_deaths_171.2005.sum,ucdp_deaths_171.2006.sum,ucdp_deaths_171.2007.sum,ucdp_deaths_171.2008.sum,ucdp_deaths_171.2009.sum,ucdp_deaths_171.2010.sum,ucdp_deaths_171.2011.sum,ucdp_deaths_171.2012.sum,ucdp_deaths_171.2013.sum,ucdp_deaths_171.2014.sum,ucdp_deaths_171.2015.sum,ucdp_deaths_171.2016.sum,worldpop_pop_count_1km_mosaic.2000.sum,worldpop_pop_count_1km_mosaic.2001.sum,worldpop_pop_count_1km_mosaic.2003.sum,worldpop_pop_count_1km_mosaic.2002.sum,worldpop_pop_count_1km_mosaic.2005.sum,worldpop_pop_count_1km_mosaic.2004.sum,worldpop_pop_count_1km_mosaic.2006.sum,worldpop_pop_count_1km_mosaic.2008.sum,worldpop_pop_count_1km_mosaic.2007.sum,worldpop_pop_count_1km_mosaic.2009.sum,worldpop_pop_count_1km_mosaic.2010.sum,worldpop_pop_count_1km_mosaic.2011.sum,worldpop_pop_count_1km_mosaic.2012.sum,worldpop_pop_count_1km_mosaic.2013.sum,worldpop_pop_count_1km_mosaic.2014.sum,worldpop_pop_count_1km_mosaic.2015.sum,worldpop_pop_count_1km_mosaic.2016.sum,worldpop_pop_count_1km_mosaic.2017.sum,worldpop_pop_count_1km_mosaic.2018.sum,worldpop_pop_count_1km_mosaic.2019.sum,worldpop_pop_count_1km_mosaic.2020.sum,Level,gqid,id,shapeGroup,shapeID,shapeISO,shapeName,shapeType
0,11394446.6312,16928096.4816,0.0,23323957.55,0.0,22488582.4987,853993.949035,7642030.85155,1694860.37413,5351902.81845,0.0,33230082.2845,25641450.5315,6685321.00903,11909641.7353,22227284.4646,200875.590567,23729918.8366,123250.802355,241054308.094,231.0,2233.0,352.0,0.0,0.0,0.0,4.0,2.0,3.0,0.0,0.0,0.0,0.0,2.0,0.0,0.0,4.0,2.0,1.0,1.0,0.0,0.0,0.0,0.0,0.0,0.0,0.0,0.0,2359197.5,2410623.5,2510994.5,2460328.5,2615490.75,2562572.5,2668453.0,2779684.25,2723929.25,2837109.75,2894312.0,2952803.75,3015125.75,3076938.5,3138755.25,3203331.5,3269661.25,3336359.75,3404788.5,3474742.0,3546336.25,ADM1,0,0,ETH,ETH-ADM1-75662566B22847970,ET-AA,Addis Ababa,ADM1
1,649887.259893,17651169.0962,87752.6586562,16993812.6869,0.0,40822025.84,20657034.3963,21326807.9118,26589453.4792,51107040.6565,156548.395398,4898240.51322,92783620.0211,26115031.557,158866169.088,11551703.7594,35347951.8924,170241725.137,48075100.0313,178398918.313,15.0,20.0,NA,NA,NA,NA,NA,25.0,NA,NA,NA,19.0,NA,75.0,40.0,NA,NA,NA,NA,NA,NA,NA,NA,3.0,NA,NA,NA,NA,inf,1202115.17676,1256558.25732,1229334.36353,1315282.66895,1285771.44604,1345484.99902,1407682.60864,1376219.13892,1439274.18311,1471885.58936,1505429.42407,1540028.84863,1575637.11182,1611157.30762,1647121.51465,1684639.85938,1723578.80688,1762551.04272,1803503.94629,1844473.97314,ADM1,1,1,ETH,ETH-ADM1-75662566B90705179,ET-AF,Afar,ADM1
2,56070309.9793,23333799.5708,0.0,36302857.8075,0.0,97629647.9189,33819907.644,103342957.143,48566455.1567,135594806.894,0.0,115968111.812,232249377.643,135308117.762,175244991.719,116753762.837,99093418.7534,287995053.751,40905270.3853,268786933.981,8089.0,15759.199999660254,2574.0,NA,NA,NA,NA,NA,NA,12.599999718368053,NA,NA,NA,6.0,NA,1.0,1.0,7.0,2.0,NA,NA,NA,NA,NA,NA,NA,95.0,6.0,inf,15064257.7344,15680177.3281,15369358.4219,16318890.5938,15995793.4844,16648924.7969,17326913.3906,16983964.3594,17679577.7188,18040147.1719,18406215.7188,18778533.625,19156611.125,19545660.5625,19942211.7969,20344270.9375,20755180.7969,21175896.6875,21603059.875,22041033.9062,ADM1,2,2,ETH,ETH-ADM1-75662566B76784922,ET-AM,Amhara,ADM1
3,4584423.28447,17351149.2532,0.0,13843493.0047,0.0,16134891.5598,10829654.285,14636158.9121,5085429.90168,49030307.6126,0.0,44874424.0497,18648342.9421,21806322.7076,25122232.8473,8025417.45203,18605432.9639,86650129.7473,18983961.0806,104947739.46,0.800000011921,82.0,NA,NA,NA,NA,NA,NA,0.800000011920929,NA,NA,NA,NA,NA,NA,NA,NA,NA,4.0,65.0,NA,NA,2.400000035762787,1.600000023841858,27.60000041127205,0.4000000059604645,4.880000054836273,6.480000078678131,644592.621094,663338.324219,703447.09375,683174.15625,745504.550781,724210.304688,767198.800781,813235.578125,789892.027344,836800.847656,861228.914062,886390.304688,912770.839844,939863.589844,967702.117188,996139.96875,1025345.54688,1055440.98047,1086699.375,1118714.44922,1151540.49219,ADM1,3,3,ETH,ETH-ADM1-75662566B11635291,ET-BE,Beneshangul Gumu,ADM1
4,7773.31825319,12592435.7948,0.0,23423777.568,0.0,10901154.6159,573254.235058,10749657.02,30931.6309543,10852137.1584,0.0,72586.4097024,20373466.2534,6923266.09666,62314111.4269,22978282.0536,391690.446342,62899862.8509,237968.61699,26180763.3037,0.0,0.0,33.0,0.0,0.0,0.0,0.0,0.0,0.0,0.0,2.0,0.0,0.0,2.0,0.0,6.0,0.0,0.0,0.0,0.0,0.0,0.0,0.0,0.0,0.0,0.0,0.0,2.0,286518.875,293872.125,308759.78125,300973.59375,324351.3125,316337.3125,332472.9375,349768.15625,341085.09375,358407.1875,367395.84375,376689.90625,385870.9375,395691.25,405562.65625,415766.71875,426127.125,436778.53125,447774.4375,458956.4375,470173.65625,ADM1,4,4,ETH,ETH-ADM1-75662566B14239390,ET-DD,Dire Dawa,ADM1
5,4438690.18487,15853321.2842,0.0,12581916.7977,0.0,14624714.0375,6507563.56074,7711500.19208,2159436.74455,16484098.8184,0.0,29978332.9779,10594563.316,19740726.2292,15123089.9078,3560998.30624,11179791.4877,103005574.106,14813658.3612,53379467.132,120.0,NA,0.9399999976158142,NA,NA,NA,NA,1.0,3.0,NA,NA,NA,NA,142.0,545.0,337.0,13.0,66.0,NA,NA,NA,NA,2.0,234.79999947547913,60.17999732494354,NA,NA,178.0,inf,231335.850677,254912.577759,242895.605713,280977.644684,267643.047913,295018.914978,325125.271057,309632.429993,341284.009033,358397.041931,376274.875854,395161.708374,415128.23645,435929.130798,457781.791687,480616.131592,504730.193237,529833.043457,556495.566284,584175.949219,ADM1,5,5,ETH,ETH-ADM1-75662566B60807721,ET-GA,Gambela,ADM1
6,9474357.57277,13863068.2023,0.0,21455243.0392,0.0,10632925.2379,396481.998144,8692295.22349,9480.56819903,10041002.4367,0.0,20386636.5301,16200278.8462,5771950.01963,48377159.3057,43840.1139269,137006.873905,102980282.95,86830.6744093,29476655.1694,0.0,0.0,636.0,15.0,26.0,0.0,0.0,0.0,0.0,0.0,0.0,0.0,0.0,0.0,0.0,0.0,0.0,0.0,0.0,0.0,0.0,0.0,0.0,0.0,0.0,0.0,0.0,0.0,153773.84375,157628.984375,165596.390625,161390.0625,174391.171875,170049.265625,179226.21875,188865.640625,183690.171875,193531.6875,198681.171875,204197.0625,209317.875,214970.953125,220542.9375,226423.21875,232641.96875,238939.65625,245252.5625,251731.03125,258150.078125,ADM1,6,6,ETH,ETH-ADM1-75662566B91470449,ET-HA,Hareri,ADM1
7,69157911.1197,33058232.4865,268174663.387,99667210.1932,0.0,127384647.097,72307759.5401,156746286.806,71213108.1858,277377959.925,0.0,129773798.149,296755298.459,167897562.497,346637733.908,199761571.107,119630645.585,313478500.611,105137213.846,530097610.388,6.0,9.0,1587.0,695.2400090694427,1.440000057220459,6.0,1024.0,13.0,3.0,386.96000015735626,63.0,321.6400001049042,252.0,62.0,113.0,27.0,182.0,204.85000006854534,82.0,166.0,87.72000002861023,25.0,40.0,56.44999974966049,36.0,13.0,163.44999998807907,211.0,inf,22627046.7859,24010460.1823,23308316.8438,25479053.593,24733716.217,26246620.0331,27850549.2825,27037958.3798,28688686.545,29554837.9214,30446072.4157,31360832.0762,32305106.5658,33279607.832,34281089.8949,35312712.2688,36376085.6043,37471395.9146,38599535.4764,39763107.0986,ADM1,7,7,ETH,ETH-ADM1-75662566B94683490,ET-OR,Oromia,ADM1
8,27527152.3373,20145602.2168,10034.1137599,33739133.3475,0.0,122394463.71,24160087.4452,57727084.1954,39541833.4677,81775077.4195,0.0,71628691.7056,101097735.757,113301804.352,180497228.411,62042677.3199,40185359.8715,269908661.559,59297447.7025,153882213.353,25.0,152.0,142.0,208.76000037789345,69.56000000238419,19.0,1.0,1.980000078678131,3.0,375.0,35.0,14.0,74.0,60.0,88.0,10.980000078678131,29.28000020980835,24.140000760555267,12.300000131130219,54.26000028848648,26.280000001192093,1.0,0.6600000262260437,77.0,NA,NA,24.0,21.0,inf,12567424.6954,13305075.5152,12931518.3044,14087873.5908,13691703.7253,14495714.4215,15348427.6745,14914671.0166,15793038.1191,16250385.688,16720914.0356,17206437.1584,17705561.2803,18218514.697,18746589.6246,19289321.2746,19848848.9711,20424262.2752,21016613.0963,21625084.2542,ADM1,8,8,ETH,ETH-ADM1-75662566B98245203,ET-SN,SNNPR,ADM1
9,2053339.90534,20302349.8965,105809.591458,31793467.6358,25470.4020808,36913022.854,67788170.4558,60017915.0716,37159375.1565,166155764.612,81564.8391694,40537451.344,105882742.546,53261661.3712,215104490.31,36535671.4519,114936907.968,153287133.238,93358062.6877,214210241.709,76.0,NA,33.0,107.0,36.0,51.0,14.0,78.0,NA,35.03999984264374,672.0,112.12000012397766,62.0,460.0,282.0,92.0,58.0,125.0,397.0,NA,476.41999999061227,136.0,24.0,35.0,53.76999992132187,30.0,25.0,46.0,3703106.14453,3810002.66211,4017685.41895,3911725.45312,4239049.6748,4128940.40625,4354826.46191,4591943.97461,4469929.53223,4715630.78418,4841101.5957,4974974.13867,5104345.8418,5242252.33887,5375916.30469,5511532.08594,5647948.84375,5804560.55469,5957800.14258,6120572.09375,6293517.16016,ADM1,9,9,ETH,ETH-ADM1-75662566B76551908,ET-SO,Somali,ADM1
10,11856740.6668,20329761.4999,164016.29135,30433343.6491,0.0,89094033.6982,12245438.3471,37381188.8364,28564618.6547,91639812.6467,112581.40538,59465453.0219,77582007.9395,99119871.817,99141832.5355,78754363.2419,19649567.7769,165813060.042,19618798.3965,114527345.668,10297.0,154.0,1043.0,NA,NA,NA,NA,NA,NA,214.0,35556.00021457672,32868.44034463167,NA,NA,2.0,NA,NA,NA,NA,NA,NA,NA,NA,NA,NA,NA,NA,NA,inf,3733150.9375,3918685.0,3824606.5625,4119478.125,4018073.4375,4221257.5625,4435463.0625,4325328.9375,4542347.75,4656017.5,4773822.8125,4894171.6875,5013517.5,5136439.6875,5264798.625,5395013.25,5528564.1875,5665771.75,5806831.375,5948970.6875,ADM1,10,10,ETH,ETH-ADM1-75662566B95500806,ET-TI,Tigray,ADM1
