asdf_id,worldbank_geocodedresearchrelease_level1_v1_4_2.bf1de3f.sum,worldbank_geocodedresearchrelease_level1_v1_4_2.a4b4c97.sum,worldbank_geocodedresearchrelease_level1_v1_4_2.f99c939.sum,worldbank_geocodedresearchrelease_level1_v1_4_2.485401a.sum,worldbank_geocodedresearchrelease_level1_v1_4_2.a127a6e.sum,worldbank_geocodedresearchrelease_level1_v1_4_2.c2de8df.sum,worldbank_geocodedresearchrelease_level1_v1_4_2.887790a.sum,worldbank_geocodedresearchrelease_level1_v1_4_2.653b730.sum,worldbank_geocodedresearchrelease_level1_v1_4_2.034e602.sum,worldbank_geocodedresearchrelease_level1_v1_4_2.6142400.sum,worldbank_geocodedresearchrelease_level1_v1_4_2.381e47f.sum,worldbank_geocodedresearchrelease_level1_v1_4_2.be4c261.sum,worldbank_geocodedresearchrelease_level1_v1_4_2.98af255.sum,worldbank_geocodedresearchrelease_level1_v1_4_2.993244c.sum,worldbank_geocodedresearchrelease_level1_v1_4_2.0cf8a0f.sum,worldbank_geocodedresearchrelease_level1_v1_4_2.c3898aa.sum,worldbank_geocodedresearchrelease_level1_v1_4_2.e9437ae.sum,worldbank_geocodedresearchrelease_level1_v1_4_2.56d6ad1.sum,worldbank_geocodedresearchrelease_level1_v1_4_2.a8d2793.sum,worldbank_geocodedresearchrelease_level1_v1_4_2.d56e944.sum,ucdp_deaths_171.1989.sum,ucdp_deaths_171.1990.sum,ucdp_deaths_171.1991.sum,ucdp_deaths_171.1992.sum,ucdp_deaths_171.1993.sum,ucdp_deaths_171.1994.sum,ucdp_deaths_171.1995.sum,ucdp_deaths_171.1996.sum,ucdp_deaths_171.1997.sum,ucdp_deaths_171.1998.sum,ucdp_deaths_171.1999.sum,ucdp_deaths_171.2000.sum,ucdp_deaths_171.2001.sum,ucdp_deaths_171.2002.sum,ucdp_deaths_171.2003.sum,ucdp_deaths_171.2004.sum,ucdp_deaths_171.2005.sum,ucdp_deaths_171.2006.sum,ucdp_deaths_171.2007.sum,ucdp_deaths_171.2008.sum,ucdp_deaths_171.2009.sum,ucdp_deaths_171.2010.sum,ucdp_deaths_171.2011.sum,ucdp_deaths_171.2012.sum,ucdp_deaths_171.2013.sum,ucdp_deaths_171.2014.sum,ucdp_deaths_171.2015.sum,ucdp_deaths_171.2016.sum,worldpop_pop_count_1km_mosaic.2000.sum,worldpop_pop_count_1km_mosaic.2001.sum,worldpop_pop_count_1km_mosaic.2003.sum,worldpop_pop_count_1km_mosaic.2002.sum,worldpop_pop_count_1km_mosaic.2005.sum,worldpop_pop_count_1km_mosaic.2004.sum,worldpop_pop_count_1km_mosaic.2006.sum,worldpop_pop_count_1km_mosaic.2008.sum,worldpop_pop_count_1km_mosaic.2007.sum,worldpop_pop_count_1km_mosaic.2009.sum,worldpop_pop_count_1km_mosaic.2010.sum,worldpop_pop_count_1km_mosaic.2011.sum,worldpop_pop_count_1km_mosaic.2012.sum,worldpop_pop_count_1km_mosaic.2013.sum,worldpop_pop_count_1km_mosaic.2014.sum,worldpop_pop_count_1km_mosaic.2015.sum,worldpop_pop_count_1km_mosaic.2016.sum,worldpop_pop_count_1km_mosaic.2017.sum,worldpop_pop_count_1km_mosaic.2018.sum,worldpop_pop_count_1km_mosaic.2019.sum,worldpop_pop_count_1km_mosaic.2020.sum,Level,gqid,shapeGroup,shapeID,shapeISO,shapeName,shapeType
0,25052965.3323,330372.172532,12915237.8194,21516424.6903,37581472.9241,7130577.57768,6908748.88201,25467930.7566,11007395.6853,9098262.84759,14250380.9546,3933320.39263,17456368.4935,15037792.0824,26506452.3884,23987766.837,16501200.2944,10443867.9988,40939979.7012,23217350.4638,NA,NA,61.499999701976776,1.0,NA,NA,NA,NA,NA,NA,NA,NA,NA,NA,NA,NA,12.0,NA,NA,NA,NA,NA,NA,NA,NA,NA,NA,NA,inf,1393152.59375,1455957.14062,1424469.42188,1521372.59375,1487173.15625,1557953.84375,1631562.45312,1594890.20312,1670875.04688,1710986.5,1750759.73438,1793808.54688,1840816.1875,1887987.96875,1935908.25,1985512.48438,2038266.25,2091939.71875,2146227.125,2205141.625,ADM1,0,MOZ,MOZ-ADM1-27363107B59228821,MZ-P,Cabo Delgado,ADM1
1,9211443.06241,0.0,13010328.2408,23279782.4623,53375784.7525,6345587.91772,42569436.2537,15365952.8265,10917776.5484,10374838.7846,14356159.9468,2326326.90256,15917638.5191,15197043.8011,38874768.325,49296493.9624,25583987.8937,14706803.2965,76717560.4496,20379454.6051,97.69999998807907,106.0,122.00000077486038,65.37000054121017,NA,NA,NA,NA,NA,NA,NA,NA,NA,NA,NA,NA,NA,NA,NA,NA,NA,NA,NA,2.0,NA,NA,NA,NA,inf,3305760.70996,3504166.29199,3402461.52441,3719782.77637,3609870.32324,3830992.44922,4074077.1543,3950783.38184,4202294.30469,4338579.14453,4476797.2793,4620387.62793,4769915.52539,4931980.77148,5095952.7793,5268133.89844,5445036.90039,5630719.91992,5825640.14648,6026787.15234,ADM1,1,MOZ,MOZ-ADM1-27363107B53711247,MZ-N,Nampula,ADM1
2,9833642.33554,883423.007213,21511128.8957,36647940.1388,22396435.0379,6367638.60258,8473782.26337,25325593.8085,15727370.3767,12171711.3568,24013738.2079,2663748.99682,26222365.817,25500436.4034,34235782.0115,33123957.754,24695743.7372,27517761.8041,63081586.6569,33717145.898,13.0,NA,NA,NA,NA,NA,NA,NA,NA,NA,NA,NA,NA,NA,NA,NA,NA,NA,NA,NA,NA,NA,NA,NA,NA,NA,NA,NA,inf,913843.723633,995658.873047,954126.356445,1087526.96436,1040350.8501,1136252.00195,1243913.9458,1188265.93848,1302901.92627,1364320.021,1429799.93066,1498821.47363,1570882.60938,1649053.95361,1729256.4873,1816726.42871,1909645.94775,2007058.25049,2109710.3042,2219007.50439,ADM1,2,MOZ,MOZ-ADM1-27363107B67951769,MZ-A,Niassa,ADM1
3,17195918.9473,36884.8876551,13272418.2046,27669964.3699,10798014.5785,14091902.6184,30563582.389,26020806.0561,12858243.2926,6965460.91064,24449807.6774,2364903.66684,44706983.2797,15497554.1439,11361960.3153,18024856.4541,39406056.2703,39906645.407,68426573.1867,51936289.4566,396.0,209.0,338.0,93.0,NA,NA,NA,NA,NA,NA,NA,NA,NA,NA,NA,NA,NA,NA,NA,NA,NA,NA,NA,NA,NA,NA,NA,NA,inf,1120693.53296,1153636.27148,1136744.06787,1189438.14648,1171039.68555,1207651.11914,1246595.17334,1226738.01758,1266758.35156,1288093.0166,1310233.2168,1332092.21729,1354912.11523,1379163.20117,1403591.49121,1428972.52734,1454750.21973,1481742.4751,1510093.81934,1538293.03125,ADM1,3,MOZ,MOZ-ADM1-27363107B39304968,MZ-G,Gaza,ADM1
4,17055842.3305,0.0,11962980.712,25003979.0374,26130645.8452,9202520.57206,41407998.1174,14167473.3178,10600666.8793,6299498.93644,17960274.0553,2326471.35175,47010886.4123,13973662.9628,22842944.2952,16620026.8639,29344967.394,25472015.3649,26528890.9565,26509800.8163,127.0,50.0,54.20000010728836,7.200000107288361,NA,NA,NA,NA,NA,NA,NA,NA,NA,NA,NA,NA,NA,NA,NA,NA,NA,NA,NA,NA,NA,7.0,NA,NA,inf,1171634.56592,1201564.45605,1186662.97852,1232876.69604,1216657.68701,1248510.57324,1280870.70459,1265262.52295,1296970.39673,1316357.10205,1332563.26709,1348273.48804,1366685.15479,1385691.3396,1404932.29785,1424203.97217,1444419.57031,1464557.96191,1484044.10596,1505406.06104,ADM1,4,MOZ,MOZ-ADM1-27363107B88125647,MZ-I,Inhambane,ADM1
5,197819.44238,108047.338449,10748467.164,16112674.0186,8693369.19163,5832840.04388,27346124.5917,12669513.162,21969118.3164,22392472.2945,15022778.7915,2429389.57299,10937932.3399,12517287.7874,9120021.90283,57238060.0088,25309026.3489,28269828.4914,34522778.7115,19809969.0639,NA,12.0,7.0,41.0,NA,NA,NA,NA,NA,NA,NA,NA,NA,NA,NA,NA,NA,NA,NA,NA,NA,NA,NA,NA,NA,NA,NA,18.0,inf,1129248.21387,1215752.22461,1171987.87109,1310974.65039,1262327.07812,1361963.26367,1470093.74023,1414782.38281,1528481.50586,1588226.91602,1652153.97852,1719509.89258,1789596.99414,1862032.77344,1938139.67383,2018353.53906,2101236.48828,2188401.26562,2281416.46094,2377093.51562,ADM1,5,MOZ,MOZ-ADM1-27363107B36132920,MZ-B,Manica,ADM1
6,13672584.9192,0.0,4099411.84458,12202613.3949,38270928.7008,15744470.0164,59016416.9521,22374896.0601,36227331.5273,4752969.2285,8597157.57518,4013477.14318,65182591.0871,4786213.61532,3479561.04983,79696797.3697,20496984.0582,15394404.7284,198265953.062,15046504.9391,234.0,63.0,68.0,64.06000009179115,0.0,0.0,0.0,0.0,0.0,0.0,0.0,0.0,0.0,0.0,0.0,0.0,0.0,0.0,0.0,0.0,0.0,0.0,0.0,0.0,0.0,0.0,0.0,0.0,inf,1919867.5,2024350.375,1970822.625,2137192.75,2077710.75,2196796.25,2321534.25,2258691.5,2387777.75,2462196.75,2531944.25,2609877.25,2690389.5,2775353.75,2861442.0,2952455.0,3046928.5,3147321.0,3252525.25,3361129.0,ADM1,6,MOZ,MOZ-ADM1-27363107B486506,MZ-L,Maputo,ADM1
7,16789715.7655,0.0,11621652.1788,23441107.3566,26543180.7196,3761838.39833,27388765.6132,13717838.8696,21195027.9858,57492210.0486,12850947.7578,11580953.3192,73018332.4332,13574965.5146,9889756.80039,24068150.244,44908707.8737,17011954.2568,38999387.3325,24229949.5452,497.7600000202656,777.0,1151.5600000023842,201.52000001072884,NA,NA,NA,NA,NA,NA,NA,NA,NA,NA,NA,1.0,NA,NA,NA,NA,NA,NA,NA,NA,31.0,8.0,3.0,12.0,inf,1424092.99219,1492737.11328,1456843.01562,1566849.8125,1528234.94141,1604919.32422,1687992.91406,1645591.82422,1730669.95703,1774546.85352,1820318.94922,1868097.28516,1918275.59766,1974028.52734,2028284.71094,2085271.42969,2145535.03516,2207956.89453,2270954.23047,2339804.71875,ADM1,7,MOZ,MOZ-ADM1-27363107B26140273,MZ-S,Sofala,ADM1
8,8830484.08893,1525894.57552,16964564.5485,26029259.3946,18250041.9905,5104605.58704,11707261.6728,30532776.0764,28547446.3545,44366255.3503,19206627.6163,7824128.7003,17256721.7877,20015807.3671,14629948.2824,45192132.5236,25151079.5104,31132596.3422,82719149.3822,26254232.4239,123.0,NA,78.0,NA,NA,NA,NA,NA,NA,NA,NA,NA,NA,NA,NA,NA,NA,NA,NA,NA,NA,NA,NA,NA,NA,1.0,NA,NA,inf,1352440.34375,1477841.19141,1413380.65234,1618106.86719,1546029.32812,1695928.5,1863228.81641,1777441.73438,1957515.39453,2056448.16797,2160893.04688,2271441.15625,2391810.12109,2522123.71875,2656494.35938,2803911.64062,2965075.79688,3133164.73438,3313309.89844,3508970.72656,ADM1,8,MOZ,MOZ-ADM1-27363107B92745796,MZ-T,Tete,ADM1
9,16326918.7522,494749.284341,17208451.6217,29906750.4028,75516413.3561,4741803.80646,15122043.7118,20617413.1477,26050932.4417,33541633.8604,19272054.5021,14196375.6292,20309984.8639,20208957.8948,14819852.915,26245408.7111,32774166.8788,14918210.0215,58333538.4884,29984404.5054,51.0,542.0,10.0,25.0,NA,NA,NA,NA,NA,NA,NA,NA,NA,NA,NA,NA,NA,NA,NA,NA,NA,NA,NA,NA,NA,8.0,NA,NA,inf,3182316.38086,3372131.9043,3275172.83203,3577418.70508,3472905.28711,3687708.52734,3917602.71289,3800491.29297,4039924.72852,4167539.68359,4297587.41211,4436948.10742,4578887.42578,4723011.21484,4876733.17578,5035964.05859,5201283.91406,5374955.25,5556109.57031,5741702.46094,ADM1,9,MOZ,MOZ-ADM1-27363107B80685564,MZ-Q,Zambézia,ADM1
