asdf_id,worldbank_geocodedresearchrelease_level1_v1_4_2.a4b4c97.sum,worldbank_geocodedresearchrelease_level1_v1_4_2.f99c939.sum,worldbank_geocodedresearchrelease_level1_v1_4_2.485401a.sum,worldbank_geocodedresearchrelease_level1_v1_4_2.a127a6e.sum,worldbank_geocodedresearchrelease_level1_v1_4_2.c2de8df.sum,worldbank_geocodedresearchrelease_level1_v1_4_2.887790a.sum,worldbank_geocodedresearchrelease_level1_v1_4_2.034e602.sum,worldbank_geocodedresearchrelease_level1_v1_4_2.6142400.sum,worldbank_geocodedresearchrelease_level1_v1_4_2.381e47f.sum,worldbank_geocodedresearchrelease_level1_v1_4_2.be4c261.sum,worldbank_geocodedresearchrelease_level1_v1_4_2.98af255.sum,worldbank_geocodedresearchrelease_level1_v1_4_2.993244c.sum,worldbank_geocodedresearchrelease_level1_v1_4_2.0cf8a0f.sum,worldbank_geocodedresearchrelease_level1_v1_4_2.c3898aa.sum,worldbank_geocodedresearchrelease_level1_v1_4_2.e9437ae.sum,worldbank_geocodedresearchrelease_level1_v1_4_2.a8d2793.sum,worldbank_geocodedresearchrelease_level1_v1_4_2.d56e944.sum,ucdp_deaths_171.1989.sum,ucdp_deaths_171.1990.sum,ucdp_deaths_171.1991.sum,ucdp_deaths_171.1992.sum,ucdp_deaths_171.1993.sum,ucdp_deaths_171.1994.sum,ucdp_deaths_171.1995.sum,ucdp_deaths_171.1996.sum,ucdp_deaths_171.1997.sum,ucdp_deaths_171.1998.sum,ucdp_deaths_171.1999.sum,ucdp_deaths_171.2000.sum,ucdp_deaths_171.2001.sum,ucdp_deaths_171.2002.sum,ucdp_deaths_171.2003.sum,ucdp_deaths_171.2004.sum,ucdp_deaths_171.2005.sum,ucdp_deaths_171.2006.sum,ucdp_deaths_171.2007.sum,ucdp_deaths_171.2008.sum,ucdp_deaths_171.2009.sum,ucdp_deaths_171.2010.sum,ucdp_deaths_171.2011.sum,ucdp_deaths_171.2012.sum,ucdp_deaths_171.2013.sum,ucdp_deaths_171.2014.sum,ucdp_deaths_171.2015.sum,ucdp_deaths_171.2016.sum,worldpop_pop_count_1km_mosaic.2000.sum,worldpop_pop_count_1km_mosaic.2001.sum,worldpop_pop_count_1km_mosaic.2003.sum,worldpop_pop_count_1km_mosaic.2002.sum,worldpop_pop_count_1km_mosaic.2005.sum,worldpop_pop_count_1km_mosaic.2004.sum,worldpop_pop_count_1km_mosaic.2006.sum,worldpop_pop_count_1km_mosaic.2008.sum,worldpop_pop_count_1km_mosaic.2007.sum,worldpop_pop_count_1km_mosaic.2009.sum,worldpop_pop_count_1km_mosaic.2010.sum,worldpop_pop_count_1km_mosaic.2011.sum,worldpop_pop_count_1km_mosaic.2012.sum,worldpop_pop_count_1km_mosaic.2013.sum,worldpop_pop_count_1km_mosaic.2014.sum,worldpop_pop_count_1km_mosaic.2015.sum,worldpop_pop_count_1km_mosaic.2016.sum,worldpop_pop_count_1km_mosaic.2017.sum,worldpop_pop_count_1km_mosaic.2018.sum,worldpop_pop_count_1km_mosaic.2019.sum,worldpop_pop_count_1km_mosaic.2020.sum,Level,gqid,id,shapeGroup,shapeID,shapeISO,shapeName,shapeType
0,6508027.92979,947.311253043,3864424.65645,4250296.74064,1106107.19384,793220.760189,1341575.81611,1024357.24434,658617.562474,4835308.21095,0.0,2210823.43939,130348.172727,3536685.97027,3019279.09038,5907727.18779,732529.353047,0.0,0.0,0.0,0.0,0.0,0.0,0.0,0.0,0.0,0.0,0.0,0.0,0.0,0.0,0.0,0.0,0.0,0.0,0.0,0.0,0.0,0.0,0.0,0.0,0.0,0.0,0.0,0.0,92809.9921875,93811.171875,95960.515625,94826.140625,98055.546875,97011.015625,99095.4375,101267.21875,100240.8125,102411.0,103555.421875,104579.390625,105650.078125,106846.585938,108015.867188,109312.335938,110472.195312,111647.007812,112731.320312,114064.796875,115287.46875,ADM1,0,0,LSO,LSO-ADM1-63558799B7870559,LS-J,Mokhotlong District,ADM1
1,6414819.52631,278.785366168,2460920.82913,4277395.84218,1089335.7861,781193.509236,9024853.0798,9206632.32361,1244349.87944,5272162.0489,112310.664721,2177301.71423,8617504.73175,3654201.36788,8447244.25834,4748647.10301,721422.338705,0.0,0.0,0.0,0.0,0.0,0.0,0.0,0.0,0.0,6.0,0.0,0.0,0.0,0.0,0.0,0.0,0.0,0.0,0.0,0.0,0.0,0.0,0.0,0.0,0.0,0.0,0.0,0.0,396286.6875,399324.84375,404845.84375,402053.0,410919.375,407719.4375,413846.96875,420106.75,416974.96875,423039.0,425900.3125,429039.125,432164.5625,435655.0,438774.125,442015.78125,445326.90625,448163.15625,451402.0625,454913.375,457771.0625,ADM1,1,1,LSO,LSO-ADM1-63558799B19064193,LS-A,Maseru District,ADM1
2,5937396.34748,473.837405721,506902.666066,2120349.65256,466997.492204,6290582.25083,474002.743165,432482.734846,636157.747323,2537.50746416,0.0,933407.727251,61350.1148384,1493185.73102,3151120.87301,3230477.97017,309273.253752,0.0,0.0,0.0,0.0,0.0,0.0,0.0,0.0,0.0,0.0,0.0,0.0,0.0,0.0,0.0,0.0,0.0,0.0,0.0,0.0,0.0,0.0,0.0,0.0,0.0,0.0,0.0,0.0,107236.992188,107199.726562,107006.0,107153.671875,107033.578125,106971.796875,106971.507812,106995.523438,107074.96875,106895.0625,106955.75,106821.3125,106811.265625,106596.375,106674.71875,106541.15625,106548.46875,106519.53125,106489.328125,106533.875,106479.15625,ADM1,2,2,LSO,LSO-ADM1-63558799B27102175,LS-B,Butha-Buthe District,ADM1
3,1731098.63765,2110.22186252,14602993.5352,3630182.90461,915915.673321,4840697.8644,996669.24407,848222.360718,667024.611402,4796835.22218,0.0,1830679.56737,775830.341281,4077762.61316,2559193.35284,5138488.56937,606573.322511,0.0,0.0,0.0,0.0,0.0,0.0,0.0,0.0,0.0,0.0,0.0,0.0,0.0,0.0,0.0,0.0,0.0,0.0,0.0,0.0,0.0,0.0,0.0,0.0,0.0,0.0,0.0,0.0,178104.875,177258.234375,175049.25,176098.359375,172954.078125,173972.046875,171859.96875,169738.78125,170738.65625,168690.734375,167589.5625,166544.078125,165588.75,164487.53125,163546.359375,162624.84375,161477.234375,160568.0,159620.9375,158569.03125,157630.8125,ADM1,3,3,LSO,LSO-ADM1-63558799B59228001,LS-F,Mohale's Hoek District,ADM1
4,645843.958336,514.03394816,884524.023024,2603767.37984,631457.13975,452835.778673,897833.781129,584787.531618,570871.121801,1809166.72297,0.0,1262120.21159,686237.88661,2039484.64019,3272031.03573,3731317.45651,418188.12194,0.0,0.0,0.0,0.0,0.0,0.0,0.0,0.0,0.0,0.0,0.0,0.0,0.0,0.0,0.0,0.0,0.0,0.0,0.0,0.0,0.0,0.0,0.0,0.0,0.0,0.0,0.0,0.0,208003.90625,205498.65625,200903.96875,203172.28125,196164.140625,198570.015625,193906.890625,189480.875,191710.40625,187354.109375,185322.875,183085.3125,181090.65625,179047.859375,176999.078125,174827.96875,172986.40625,171068.9375,169003.84375,167130.96875,165198.5,ADM1,4,4,LSO,LSO-ADM1-63558799B41338778,LS-E,Mafeteng District,ADM1
5,5614962.43795,8465.70892964,4139154.04513,3151056.18918,777987.823989,5252424.2112,789658.122102,720488.455319,640796.638474,2288151.71036,0.0,1554997.31528,91888.9072089,3078260.78771,2092143.51985,4520293.1029,515229.374293,0.0,0.0,0.0,0.0,0.0,0.0,0.0,0.0,0.0,0.0,0.0,0.0,0.0,0.0,0.0,0.0,0.0,0.0,0.0,0.0,0.0,0.0,0.0,0.0,0.0,0.0,0.0,0.0,128142.429688,127538.328125,126646.96875,127140.21875,125608.1875,126104.65625,125069.390625,124149.820312,124660.179688,123740.359375,123344.742188,122800.226562,122305.546875,121838.289062,121308.8125,120792.703125,120387.046875,119939.046875,119448.1875,118991.757812,118528.75,ADM1,5,5,LSO,LSO-ADM1-63558799B21394578,LS-G,Quthing District,ADM1
6,6391805.22725,231.65838602,577139.732645,2333415.58907,531705.248047,381300.875177,755625.997463,868245.104329,694261.387042,1137602.23546,2588040.91172,1062741.86785,18123195.0423,5644671.83443,8288663.0391,3467110.4488,352126.542103,0.0,0.0,0.0,0.0,0.0,0.0,0.0,0.0,0.0,0.0,0.0,0.0,0.0,0.0,0.0,0.0,0.0,0.0,0.0,0.0,0.0,0.0,0.0,0.0,0.0,0.0,0.0,0.0,255694.609375,256829.640625,259285.859375,257904.59375,261281.21875,260373.375,262587.5625,265080.09375,263671.03125,266328.03125,267602.0,268575.0,270296.25,271508.0625,272738.34375,273967.78125,275393.40625,276638.53125,277861.53125,279013.65625,280311.875,ADM1,6,6,LSO,LSO-ADM1-63558799B32832072,LS-D,Berea District,ADM1
7,1563641.0335,207.890395931,8770535.40644,4935497.15741,1303125.80983,934508.383322,9149799.53893,1206814.64782,696969.075683,2599116.96491,38899.9871548,2604612.91717,957045.704535,4207976.44557,3592417.83611,6783003.50296,863006.688438,0.0,0.0,0.0,0.0,0.0,0.0,0.0,0.0,0.0,39.0,0.0,0.0,0.0,0.0,0.0,0.0,0.0,0.0,0.0,0.0,0.0,0.0,0.0,0.0,0.0,0.0,0.0,0.0,125806.53125,125683.828125,125405.695312,125593.039062,125228.992188,125370.898438,125155.664062,124945.015625,125022.09375,124804.210938,124724.15625,124682.023438,124510.148438,124306.679688,123973.640625,123973.96875,123823.8125,123818.21875,123823.289062,123609.140625,123541.320312,ADM1,7,7,LSO,LSO-ADM1-63558799B60128978,LS-K,Thaba-Tseka District,ADM1
8,17054528.4582,4457.52739941,1744843.75995,2393216.74642,554253.482947,2094841.09532,693777.285815,513289.827257,619522.842215,2541060.77535,0.0,1107809.98287,71514.7734257,1890795.43405,1490495.41039,3555489.59929,367059.311743,0.0,0.0,0.0,0.0,0.0,0.0,0.0,0.0,0.0,0.0,0.0,0.0,0.0,0.0,0.0,0.0,0.0,0.0,0.0,0.0,0.0,0.0,0.0,0.0,0.0,0.0,0.0,0.0,70941.75,70772.921875,70524.453125,70620.9140625,70236.125,70298.0859375,70102.78125,69772.53125,69960.9375,69544.0625,69458.9140625,69287.828125,69284.328125,69019.8203125,68873.2421875,68848.421875,68463.8671875,68413.0390625,68260.453125,68115.921875,67996.828125,ADM1,8,8,LSO,LSO-ADM1-63558799B26302791,LS-H,Qacha's Nek District,ADM1
9,1048528.40305,644.008050017,10938216.685,3047411.85679,741432.153099,531701.971909,861641.030901,686634.533651,659493.369351,12370.8449966,5864683.25865,1481931.94287,1324816.53401,3307009.65387,4049779.73185,4408242.48184,491020.055254,0.0,0.0,0.0,0.0,0.0,0.0,0.0,0.0,0.0,23.0,0.0,0.0,0.0,0.0,0.0,0.0,0.0,0.0,0.0,0.0,0.0,0.0,0.0,0.0,0.0,0.0,0.0,0.0,inf,294870.90625,292764.71875,293822.5,290380.0625,291511.34375,289349.4375,287309.78125,288040.375,286447.875,285004.15625,284016.65625,283307.59375,281945.8125,280667.84375,279663.625,278560.75,277444.5,276389.875,275357.6875,274063.6875,ADM1,9,9,LSO,LSO-ADM1-63558799B20334254,LS-C,Leribe District,ADM1
