asdf_id,worldbank_geocodedresearchrelease_level1_v1_4_2.bf1de3f.sum,worldbank_geocodedresearchrelease_level1_v1_4_2.a4b4c97.sum,worldbank_geocodedresearchrelease_level1_v1_4_2.f99c939.sum,worldbank_geocodedresearchrelease_level1_v1_4_2.485401a.sum,worldbank_geocodedresearchrelease_level1_v1_4_2.c2de8df.sum,worldbank_geocodedresearchrelease_level1_v1_4_2.887790a.sum,worldbank_geocodedresearchrelease_level1_v1_4_2.653b730.sum,worldbank_geocodedresearchrelease_level1_v1_4_2.034e602.sum,worldbank_geocodedresearchrelease_level1_v1_4_2.6142400.sum,worldbank_geocodedresearchrelease_level1_v1_4_2.381e47f.sum,worldbank_geocodedresearchrelease_level1_v1_4_2.be4c261.sum,worldbank_geocodedresearchrelease_level1_v1_4_2.98af255.sum,worldbank_geocodedresearchrelease_level1_v1_4_2.993244c.sum,worldbank_geocodedresearchrelease_level1_v1_4_2.0cf8a0f.sum,worldbank_geocodedresearchrelease_level1_v1_4_2.c3898aa.sum,worldbank_geocodedresearchrelease_level1_v1_4_2.e9437ae.sum,worldbank_geocodedresearchrelease_level1_v1_4_2.56d6ad1.sum,worldbank_geocodedresearchrelease_level1_v1_4_2.a8d2793.sum,worldbank_geocodedresearchrelease_level1_v1_4_2.d56e944.sum,ucdp_deaths_171.1989.sum,ucdp_deaths_171.1990.sum,ucdp_deaths_171.1991.sum,ucdp_deaths_171.1992.sum,ucdp_deaths_171.1993.sum,ucdp_deaths_171.1994.sum,ucdp_deaths_171.1995.sum,ucdp_deaths_171.1996.sum,ucdp_deaths_171.1997.sum,ucdp_deaths_171.1998.sum,ucdp_deaths_171.1999.sum,ucdp_deaths_171.2000.sum,ucdp_deaths_171.2001.sum,ucdp_deaths_171.2002.sum,ucdp_deaths_171.2003.sum,ucdp_deaths_171.2004.sum,ucdp_deaths_171.2005.sum,ucdp_deaths_171.2006.sum,ucdp_deaths_171.2007.sum,ucdp_deaths_171.2008.sum,ucdp_deaths_171.2009.sum,ucdp_deaths_171.2010.sum,ucdp_deaths_171.2011.sum,ucdp_deaths_171.2012.sum,ucdp_deaths_171.2013.sum,ucdp_deaths_171.2014.sum,ucdp_deaths_171.2015.sum,ucdp_deaths_171.2016.sum,worldpop_pop_count_1km_mosaic.2000.sum,worldpop_pop_count_1km_mosaic.2001.sum,worldpop_pop_count_1km_mosaic.2003.sum,worldpop_pop_count_1km_mosaic.2002.sum,worldpop_pop_count_1km_mosaic.2005.sum,worldpop_pop_count_1km_mosaic.2004.sum,worldpop_pop_count_1km_mosaic.2006.sum,worldpop_pop_count_1km_mosaic.2008.sum,worldpop_pop_count_1km_mosaic.2007.sum,worldpop_pop_count_1km_mosaic.2009.sum,worldpop_pop_count_1km_mosaic.2010.sum,worldpop_pop_count_1km_mosaic.2011.sum,worldpop_pop_count_1km_mosaic.2012.sum,worldpop_pop_count_1km_mosaic.2013.sum,worldpop_pop_count_1km_mosaic.2014.sum,worldpop_pop_count_1km_mosaic.2015.sum,worldpop_pop_count_1km_mosaic.2016.sum,worldpop_pop_count_1km_mosaic.2017.sum,worldpop_pop_count_1km_mosaic.2018.sum,worldpop_pop_count_1km_mosaic.2019.sum,worldpop_pop_count_1km_mosaic.2020.sum,Level,gqid,id,shapeGroup,shapeID,shapeISO,shapeName,shapeType
0,8632022.31395,17883290.3677,0.0,131770287.126,7971962.1047,3091339.87831,46310282.1102,170621.244717,71856.8927572,3073486.24306,2655789.25485,24913830.3178,8712778.0625,9307122.04689,2950329.93686,15321043.0217,0.0,8607615.34047,12763565.2567,0.0,0.0,0.0,0.0,0.0,0.0,0.0,0.0,0.0,0.0,0.0,2.0,0.0,0.0,0.0,0.0,0.0,0.0,0.0,0.0,0.0,0.0,0.0,0.0,0.0,0.0,0.0,0.0,inf,2129180.18555,2297539.02344,2213011.0459,2475441.57617,2383428.70117,2567807.09863,2763649.63672,2659600.17969,2873844.27344,2986528.21094,3104455.46484,3223317.88281,3343856.37012,3477675.85742,3627629.21973,3760779.67383,3926825.63086,4085481.72168,4254296.33789,4454651.64062,ADM1,0,0,CMR,CMR-ADM1-86726319B45659190,CM-LT,Littoral,ADM1
1,9710762.68995,22220889.8912,9628.90919453,13880176.6919,36379792.3967,7202446.07979,848553.382852,405156.592941,4588144.31967,313142.36717,6180139.43248,1217618.41844,5667048.37901,11729939.4354,11232714.3635,747081.356117,448.182617844,22014.844871,8209207.63838,NA,NA,NA,NA,NA,NA,NA,NA,NA,NA,NA,NA,NA,NA,NA,NA,NA,NA,NA,NA,NA,NA,NA,NA,NA,NA,NA,NA,9.52790530023e+37,561445.835938,595201.027344,577999.379395,631497.318115,613142.241699,650298.89209,690013.766113,670225.756348,710786.197266,731643.002441,754106.324707,776557.240723,800608.73877,824080.037598,848408.731689,874824.897461,901442.554199,928544.921631,956439.953125,985116.666016,ADM1,1,1,CMR,CMR-ADM1-86726319B27524114,CM-SU,South,ADM1
2,8194456.67733,56520986.9041,0.0,32244564.8674,22313798.2066,16825707.0906,4691828.96393,984183.991287,156315.896612,3595823.92877,14552434.8065,2883418.21271,53730162.3166,9773938.89575,2379512.98444,16289667.0493,64807054.2056,8513802.24273,17920593.0145,NA,NA,NA,NA,NA,NA,NA,NA,NA,NA,NA,NA,NA,NA,NA,NA,NA,NA,NA,NA,NA,NA,NA,NA,NA,NA,NA,7.0,691294.219727,704455.726562,737060.628906,719772.016113,770955.694824,754106.969727,788939.792969,824642.638184,805974.633301,845285.765625,863523.859375,884652.460938,904499.352539,924935.550781,946964.667725,968324.412109,991047.098633,1013754.48584,1037274.70312,1062387.57373,1086619.89502,ADM1,2,2,CMR,CMR-ADM1-86726319B94194618,CM-ES,East,ADM1
3,992100.400257,16488931.7736,0.0,7233301.2743,1650929.91535,3857083.62653,670143.218245,254319.099074,68852.7024569,291959.746547,3242429.03462,744998.244484,9796693.47667,2539191.85241,5472443.15989,606108.564463,260325.739198,579299.608624,9260001.19625,0.0,0.0,0.0,0.0,0.0,12.680000007152557,0.0,56.0,0.0,1.0,0.0,0.0,0.0,0.0,0.0,0.0,0.0,0.0,0.0,0.0,0.0,0.0,0.0,0.0,0.0,0.0,0.0,0.0,inf,1202193.03125,1260607.53125,1229350.5625,1329232.3125,1293491.40625,1365671.625,1445236.3125,1407446.75,1481257.8125,1521001.0,1560966.875,1608101.5,1658280.75,1705296.875,1744798.375,1804711.5,1844779.125,1899220.375,1952589.9375,1987933.75,ADM1,3,3,CMR,CMR-ADM1-86726319B17200377,CM-SW,Southwest,ADM1
4,8234059.81474,16948545.7122,0.0,4166489.3944,879068.107949,2159615.12884,222390.768263,119196.282485,4505599.44632,89761.0670547,1855338.74616,364707.764541,1830334.45795,8850680.23416,12857712.7828,224281.183569,0.0,88881.2424285,10318039.6792,0.0,0.0,0.0,0.0,0.0,0.0,0.0,0.0,0.0,0.0,0.0,0.0,0.0,0.0,0.0,0.0,0.0,0.0,0.0,0.0,0.0,0.0,0.0,0.0,0.0,0.0,0.0,0.0,inf,1617242.5,1663902.875,1640845.0,1711573.375,1687530.75,1737054.25,1789969.375,1762149.125,1817154.0,1844515.625,1872405.875,1902442.75,1930717.5,1962741.0,1992807.125,2023718.5,2055870.625,2088978.0,2121936.0,2156413.25,ADM1,4,4,CMR,CMR-ADM1-86726319B32970623,CM-OU,West,ADM1
5,2700675.72176,37284907.1433,8082.660199,19697229.6865,6115685.47874,10365030.362,1031022.14758,723632.72879,4696861.45313,3406677.04697,8798191.71329,1794472.21364,8072085.33203,13757144.5091,2972202.89938,1192059.55249,882197.505459,8638879.1097,9384153.66336,NA,NA,NA,NA,NA,NA,NA,NA,NA,NA,NA,NA,NA,NA,NA,NA,NA,NA,NA,NA,NA,NA,NA,NA,NA,NA,NA,NA,inf,1483139.95312,1604850.1875,1541728.79688,1735640.30469,1669038.58594,1807692.96094,1956471.47656,1882305.41406,2032946.0625,2111168.85938,2201821.75781,2292732.53125,2384704.84375,2483227.17969,2589464.86719,2696958.03906,2808454.20312,2923600.92969,3043603.44531,3169721.05469,ADM1,5,5,CMR,CMR-ADM1-86726319B29239079,CM-NO,North,ADM1
6,2523668.4619,38558391.1537,0.0,19025362.6501,17693567.0115,9956073.82923,5580228.12841,619479.180098,4726403.97536,3403744.76329,8519903.25067,1741066.66672,7784239.63187,13640385.0883,12851.4116334,8604927.15139,64312844.7234,8664980.50826,32004377.42,NA,NA,50.0,NA,NA,NA,NA,NA,NA,NA,NA,NA,NA,NA,NA,NA,NA,NA,NA,NA,NA,NA,NA,NA,NA,NA,NA,NA,inf,779825.432617,831520.505859,806135.889648,888832.509766,859753.199219,915545.609375,978025.984375,947000.714844,1010822.55078,1045709.93652,1081618.12598,1121118.23633,1159546.50781,1199097.01953,1238993.20312,1281830.77734,1326354.25977,1372040.91992,1417513.99219,1467001.03906,ADM1,6,6,CMR,CMR-ADM1-86726319B652932,CM-AD,Adamawa,ADM1
7,14792676.5992,36136792.1086,0.0,20495659.3254,18050182.7235,10623508.61,41671118.8009,586346.481995,4700978.89262,3397053.48959,9126722.10941,26185834.9373,8539340.41706,14003237.4283,8253801.71373,1103276.71485,246503.00527,8654833.08466,44060884.7786,NA,NA,NA,NA,NA,NA,NA,NA,NA,NA,NA,NA,NA,NA,NA,9.0,NA,NA,NA,NA,NA,NA,NA,NA,NA,NA,NA,2.0,2568505.96094,2665322.52344,2873827.17188,2766561.72656,3102226.17188,2985546.64844,3225695.6875,3491975.8125,3355421.0,3634910.33594,3785829.90625,3943996.94531,4111138.94531,4286071.50781,4471299.07031,4665761.24219,4869360.73438,5083819.88281,5310097.02344,5549022.33594,5798752.34375,ADM1,7,7,CMR,CMR-ADM1-86726319B41170042,CM-CE,Centre,ADM1
8,18224648.6144,20542428.9895,15615.4225819,10062711.534,3138363.22881,5812330.56601,3084013.2589,463218.335125,130995.601936,3163754.06302,4511222.43869,13737105.3684,4234846.29816,10803547.7104,5307113.09274,16086706.3643,267421.952978,107905103.91,34500497.8544,NA,NA,NA,23.199999928474426,47.0,88.1599999666214,NA,NA,NA,NA,NA,NA,NA,NA,NA,NA,NA,NA,NA,1.7999999523162842,0.18000000715255737,NA,NA,0.18000000715255737,10.060000360012054,1093.6200028806925,1277.160000026226,479.4500000625849,inf,2733711.8125,2899556.69531,2814516.34375,3070661.54688,2980970.3125,3158611.11719,3346564.78125,3249430.57812,3450451.67188,3550741.40625,3654612.3125,3755324.67188,3866902.0625,3976511.71094,4085792.09375,4207358.03125,4328112.78125,4459992.27344,4588068.15625,4723060.40625,ADM1,8,8,CMR,CMR-ADM1-86726319B84103852,CM-EN,Far-North,ADM1
9,776362.53253,39220243.4017,0.0,5139928.25418,1108690.99036,2726403.45378,319153.722891,187644.002636,110014.512472,173593.434475,2308951.29488,12702172.4519,8464594.13923,9320340.15735,7594221.65695,324999.444016,10915.5979744,8421432.422,13093933.2147,0.0,6.0,0.0,0.0,0.0,0.0,0.0,0.0,0.0,51.0,0.0,0.0,0.0,0.0,0.0,0.0,0.0,0.0,0.0,0.0,0.0,0.0,0.0,0.0,0.0,0.0,0.0,2.0,inf,1612415.375,1676676.125,1643511.125,1742016.625,1709752.375,1779457.5,1850386.625,1814909.375,1888018.5,1925354.25,1963410.25,2000246.5,2041104.5,2081118.875,2124734.25,2169010.5,2213882.5,2259234.5,2306803.25,2356006.5,ADM1,9,9,CMR,CMR-ADM1-86726319B21048861,CM-NW,Northwest,ADM1
