asdf_id,accessibility_to_cities_2015_v1.0.mean,accessibility_to_cities_2015_v1.0.max,accessibility_to_cities_2015_v1.0.min,access_50k.none.mean,access_50k.none.max,access_50k.none.min,Level,gqid,id,shapeGroup,shapeID,shapeISO,shapeName,shapeType
0,558.638572786,2099.0,0.0,870.677119356,2202.0,33.0,ADM1,0,0,ERI,ERI-ADM1-12472421B77260743,ER-AN,Anseba Region,ADM1
1,301.471795744,917.0,0.0,357.857178432,1212.0,0.0,ADM1,1,1,ERI,ERI-ADM1-12472421B57115732,ER-GB,Gash-Barka Region,ADM1
2,140.748078184,720.0,0.0,223.915391763,722.0,20.0,ADM1,2,2,ERI,ERI-ADM1-12472421B97407970,ER-DU,Debub Region,ADM1
3,26.9265970039,253.0,0.0,80.0991358978,411.0,0.0,ADM1,3,3,ERI,ERI-ADM1-12472421B14583003,ER-MA,Maekel Region,ADM1
4,370.55715466,1705.0,0.0,485.734519599,2062.0,14.0,ADM1,4,4,ERI,ERI-ADM1-12472421B79808895,ER-SK,Northen Red Sea Region,ADM1
5,367.010220413,1306.0,0.0,328.683438543,810.0,0.0,ADM1,5,5,ERI,ERI-ADM1-12472421B10393698,ER-DK,Southern Red Sea Region,ADM1
