asdf_id,worldbank_geocodedresearchrelease_level1_v1_4_2.f99c939.sum,worldbank_geocodedresearchrelease_level1_v1_4_2.034e602.sum,worldbank_geocodedresearchrelease_level1_v1_4_2.6142400.sum,worldbank_geocodedresearchrelease_level1_v1_4_2.381e47f.sum,worldbank_geocodedresearchrelease_level1_v1_4_2.be4c261.sum,worldbank_geocodedresearchrelease_level1_v1_4_2.98af255.sum,worldbank_geocodedresearchrelease_level1_v1_4_2.993244c.sum,worldbank_geocodedresearchrelease_level1_v1_4_2.0cf8a0f.sum,worldbank_geocodedresearchrelease_level1_v1_4_2.c3898aa.sum,worldbank_geocodedresearchrelease_level1_v1_4_2.e9437ae.sum,worldbank_geocodedresearchrelease_level1_v1_4_2.56d6ad1.sum,worldbank_geocodedresearchrelease_level1_v1_4_2.a8d2793.sum,worldbank_geocodedresearchrelease_level1_v1_4_2.d56e944.sum,ucdp_deaths_171.1989.sum,ucdp_deaths_171.1990.sum,ucdp_deaths_171.1991.sum,ucdp_deaths_171.1992.sum,ucdp_deaths_171.1993.sum,ucdp_deaths_171.1994.sum,ucdp_deaths_171.1995.sum,ucdp_deaths_171.1996.sum,ucdp_deaths_171.1997.sum,ucdp_deaths_171.1998.sum,ucdp_deaths_171.1999.sum,ucdp_deaths_171.2000.sum,ucdp_deaths_171.2001.sum,ucdp_deaths_171.2002.sum,ucdp_deaths_171.2003.sum,ucdp_deaths_171.2004.sum,ucdp_deaths_171.2005.sum,ucdp_deaths_171.2006.sum,ucdp_deaths_171.2007.sum,ucdp_deaths_171.2008.sum,ucdp_deaths_171.2009.sum,ucdp_deaths_171.2010.sum,ucdp_deaths_171.2011.sum,ucdp_deaths_171.2012.sum,ucdp_deaths_171.2013.sum,ucdp_deaths_171.2014.sum,ucdp_deaths_171.2015.sum,ucdp_deaths_171.2016.sum,worldpop_pop_count_1km_mosaic.2000.sum,worldpop_pop_count_1km_mosaic.2001.sum,worldpop_pop_count_1km_mosaic.2003.sum,worldpop_pop_count_1km_mosaic.2002.sum,worldpop_pop_count_1km_mosaic.2005.sum,worldpop_pop_count_1km_mosaic.2004.sum,worldpop_pop_count_1km_mosaic.2006.sum,worldpop_pop_count_1km_mosaic.2008.sum,worldpop_pop_count_1km_mosaic.2007.sum,worldpop_pop_count_1km_mosaic.2009.sum,worldpop_pop_count_1km_mosaic.2010.sum,worldpop_pop_count_1km_mosaic.2011.sum,worldpop_pop_count_1km_mosaic.2012.sum,worldpop_pop_count_1km_mosaic.2013.sum,worldpop_pop_count_1km_mosaic.2014.sum,worldpop_pop_count_1km_mosaic.2015.sum,worldpop_pop_count_1km_mosaic.2016.sum,worldpop_pop_count_1km_mosaic.2017.sum,worldpop_pop_count_1km_mosaic.2018.sum,worldpop_pop_count_1km_mosaic.2019.sum,worldpop_pop_count_1km_mosaic.2020.sum,Level,gqid,shapeGroup,shapeID,shapeISO,shapeName,shapeType
0,53632.2417874,7767.38622989,20978.3648952,0.0,66381.109554,0.0,10217.7155485,28411.8691917,24397.126536,9390.77338239,21473.3105127,6139.4431846,18624.0161407,0.0,0.0,0.0,0.0,0.0,0.0,0.0,0.0,0.0,0.0,0.0,14.0,0.0,5.0,0.0,0.0,0.0,0.0,0.0,0.0,0.0,0.0,0.0,0.0,0.0,0.0,0.0,0.0,inf,79739.140625,81874.765625,80774.359375,84126.3828125,82992.4296875,85303.2890625,87622.875,86499.96875,88982.6875,90308.1796875,91645.828125,92787.8515625,94161.828125,95495.796875,96866.921875,98230.53125,99606.703125,101126.007812,102500.875,104154.617188,ADM1,0,NAM,NAM-ADM1-84003971B74288964,NA-CA,Zambezi Region,ADM1
1,0.0,0.0,0.0,0.0,0.0,0.0,0.0,0.0,0.0,0.0,0.0,0.0,0.0,NA,NA,NA,NA,NA,NA,NA,NA,NA,NA,NA,NA,NA,NA,NA,NA,NA,NA,NA,NA,NA,NA,NA,NA,NA,NA,NA,NA,inf,105633.171387,112849.488647,109168.136108,120658.508057,116719.222412,124813.893188,133678.548584,129154.663086,138427.911133,143344.375732,148509.168701,153832.107178,159435.180908,165299.608643,171409.505615,177812.29126,184480.955322,191476.602539,198774.657959,206408.520508,ADM1,1,NAM,NAM-ADM1-84003971B51016980,NA-ER,Erongo Region,ADM1
2,0.0,0.0,0.0,0.0,0.0,0.0,0.0,0.0,0.0,0.0,0.0,0.0,0.0,NA,NA,NA,NA,NA,NA,NA,NA,NA,NA,NA,NA,NA,NA,NA,NA,NA,NA,NA,NA,NA,NA,NA,NA,NA,NA,NA,NA,inf,68171.6233063,70214.4494934,69179.9008484,72353.162735,71270.4709778,73460.0882874,75750.8323364,74586.9338989,76942.3474274,78164.0846252,79413.8300934,80688.2290497,81989.1004639,83330.8202515,84710.5349121,86119.8369598,87566.5108185,89048.7284546,90576.1683502,92131.5201263,ADM1,2,NAM,NAM-ADM1-84003971B3468804,NA-HA,Hardap Region,ADM1
3,16542.6068326,0.0,0.0,0.0,0.0,0.0,0.0,0.0,0.0,0.0,0.0,0.0,0.0,NA,NA,NA,NA,NA,NA,NA,NA,NA,NA,NA,NA,NA,NA,NA,NA,NA,NA,NA,NA,NA,NA,NA,NA,NA,NA,NA,NA,inf,69185.3984375,70524.5901031,69891.8008881,71921.5326233,71153.3129578,72573.625824,74093.6997986,73308.1395416,74905.0081635,75640.5687561,76459.593811,77192.3537292,77960.3229065,78771.9653625,79598.309021,80434.6422882,81351.3385162,82253.9258881,83169.0023193,84105.8544922,ADM1,3,NAM,NAM-ADM1-84003971B59408194,NA-KA,Karas Region,ADM1
4,0.0,0.0,0.0,0.0,0.0,0.0,0.0,0.0,0.0,0.0,0.0,0.0,0.0,NA,NA,NA,NA,NA,NA,NA,NA,NA,NA,NA,NA,NA,NA,NA,NA,NA,NA,NA,NA,NA,NA,NA,NA,NA,NA,NA,NA,251960.145424,258655.788658,272798.86171,265593.482971,288127.171028,280311.916756,296263.05233,313541.863708,304728.853775,322724.002502,332288.299713,342255.726646,352655.602432,363505.447502,374804.835541,386601.503082,398915.237617,411763.917557,425174.857658,439173.62294,453808.167007,ADM1,4,NAM,NAM-ADM1-84003971B49437075,NA-KH,Khomas Region,ADM1
5,0.0,26879.5670655,6001.11701264,0.0,0.0,0.0,1319.91339128,0.0,21037.3318028,0.0,0.0,20163.3065144,0.0,NA,NA,NA,NA,NA,NA,NA,NA,NA,NA,NA,NA,NA,NA,NA,NA,NA,NA,NA,NA,NA,NA,NA,NA,NA,NA,NA,NA,3.40282327624e+36,70995.7953568,73842.7529945,72508.2641182,76882.2438469,75232.9949493,78408.8554153,81567.2796574,79961.7382526,83393.7950058,85004.4558258,86793.4580078,88835.4383259,90671.6730728,92567.9798508,94607.719593,96773.3410988,98884.1939316,101040.822433,103473.284988,105812.698414,ADM1,5,NAM,NAM-ADM1-84003971B31771393,NA-KU,Kunene Region,ADM1
6,0.0,16118.5670564,4814.34779348,0.0,0.0,0.0,1058.88988825,0.0,16877.0300149,0.0,0.0,11051.202168,0.0,0.0,0.0,0.0,0.0,0.0,0.0,0.0,0.0,0.0,0.0,0.0,0.0,0.0,0.0,0.0,0.0,0.0,0.0,0.0,0.0,0.0,0.0,0.0,0.0,0.0,0.0,0.0,0.0,228702.6875,230357.109375,233258.765625,231858.15625,236439.5,234731.234375,238108.90625,241423.28125,239722.34375,243061.640625,244912.296875,246666.546875,248271.1875,250135.046875,252220.1875,254057.953125,256040.078125,257684.8125,259819.90625,261810.078125,263724.65625,ADM1,6,NAM,NAM-ADM1-84003971B29360118,NA-OW,Ohangwena Region,ADM1
7,0.0,0.0,0.0,0.0,0.0,0.0,593.57123702,3385.6609966,0.0,0.0,0.0,0.0,0.0,NA,NA,NA,NA,NA,NA,NA,NA,NA,NA,NA,NA,NA,NA,NA,NA,NA,NA,NA,NA,NA,NA,NA,NA,NA,NA,NA,NA,67704.590332,67856.7407227,68323.1108398,68077.7910156,68864.4052734,68572.1191406,69172.5068359,69881.140625,69514.2568359,70262.7333984,70670.9682617,71113.6396484,71585.5058594,72071.9111328,72600.4052734,73162.4267578,73743.6020508,74370.6757812,75028.456543,75716.0263672,76438.2001953,ADM1,7,NAM,NAM-ADM1-84003971B25758006,NA-OH,Omaheke Region,ADM1
8,0.0,29862.0320223,2525.43038236,0.0,0.0,0.0,555.45482173,0.0,8853.07131767,0.0,0.0,7017.40691145,0.0,0.0,0.0,0.0,0.0,0.0,0.0,0.0,0.0,0.0,0.0,0.0,0.0,0.0,0.0,0.0,0.0,0.0,0.0,0.0,0.0,0.0,0.0,0.0,0.0,0.0,0.0,0.0,0.0,inf,228210.5,230879.546875,229573.203125,233701.171875,232264.703125,235147.234375,238062.125,236597.734375,239566.96875,241060.265625,242646.125,244218.171875,245874.40625,247447.3125,249021.0,250792.984375,252452.578125,254183.328125,255976.578125,257774.265625,ADM1,8,NAM,NAM-ADM1-84003971B85855460,NA-OS,Omusati Region,ADM1
9,0.0,0.0,0.0,0.0,0.0,0.0,0.0,0.0,0.0,0.0,0.0,0.0,0.0,0.0,0.0,0.0,0.0,0.0,0.0,0.0,0.0,0.0,0.0,0.0,0.0,0.0,0.0,0.0,0.0,0.0,0.0,0.0,0.0,0.0,0.0,0.0,0.0,0.0,0.0,0.0,0.0,inf,162850.140625,165510.90625,164152.71875,168230.234375,166857.0625,169657.890625,172602.65625,171113.140625,174133.546875,175690.546875,177331.609375,178940.234375,180608.609375,182286.953125,184021.75,185782.546875,187586.09375,189430.578125,191322.984375,193255.21875,ADM1,9,NAM,NAM-ADM1-84003971B23311867,NA-ON,Oshana Region,ADM1
10,0.0,0.0,0.0,0.0,0.0,0.0,0.0,0.0,0.0,0.0,0.0,0.0,0.0,0.0,0.0,0.0,0.0,0.0,0.0,0.0,0.0,0.0,0.0,0.0,3.0,0.0,0.0,0.0,0.0,0.0,0.0,0.0,0.0,0.0,0.0,0.0,0.0,0.0,0.0,0.0,0.0,inf,160667.248047,164474.986328,162566.320312,168510.433594,166471.695312,170577.238281,174860.958984,172694.990234,177088.041016,179352.96875,181671.125,184052.552734,186502.009766,189021.300781,191591.501953,194219.265625,196921.783203,199695.984375,202525.054688,205428.445312,ADM1,10,NAM,NAM-ADM1-84003971B8581711,NA-OT,Oshikoto Region,ADM1
11,0.0,0.0,0.0,0.0,0.0,0.0,913.979443407,5213.23197663,0.0,0.0,0.0,0.0,0.0,NA,NA,NA,NA,NA,NA,NA,NA,NA,NA,NA,NA,NA,NA,NA,NA,NA,NA,NA,NA,NA,NA,NA,NA,NA,NA,NA,NA,inf,138352.649414,138686.031738,138463.065918,139428.168457,139017.583008,139940.474609,141259.459961,140545.926758,142069.415039,142966.957031,143960.678711,145041.459961,146237.060059,147524.740723,148892.175781,150362.819336,151918.396973,153578.550781,155336.851562,157189.973633,ADM1,11,NAM,NAM-ADM1-84003971B77682712,NA-OD,Otjozondjupa Region,ADM1
12,0.0,14101.0709233,6863.96892233,0.0,0.0,0.0,3958.75421015,13969.1589059,24062.119002,0.0,0.0,7399.33187344,0.0,0.0,0.0,0.0,0.0,0.0,0.0,0.0,2.0,0.0,0.0,1.0,38.909999907016754,0.0,0.0,0.0,0.0,0.0,0.0,0.0,0.0,0.0,0.0,0.0,0.0,0.0,0.0,0.0,0.0,136383.339844,138047.65625,141274.46875,139603.384766,144654.804688,142783.449219,146368.609375,150387.599609,148298.560547,151791.394531,153871.568359,155469.388672,157216.271484,159145.382812,161064.697266,163311.417969,165389.660156,167402.939453,169693.910156,172050.125,174392.923828,ADM1,12,NAM,NAM-ADM1-84003971B84585283,NA-KE,Kavango-East Region,ADM1
13,0.0,9330.68224993,4541.88999799,0.0,0.0,0.0,998.964262397,0.0,15921.9103207,0.0,0.0,4896.13980018,0.0,0.0,0.0,0.0,0.0,0.0,0.0,0.0,0.0,0.0,0.0,0.0,3.9300000071525574,0.0,0.0,0.0,0.0,0.0,0.0,0.0,0.0,0.0,0.0,0.0,0.0,0.0,0.0,0.0,0.0,68740.8203125,68904.265625,68569.734375,68904.0078125,68573.6875,68328.8046875,68688.7890625,68398.4453125,68473.8359375,68591.8828125,68714.078125,68494.515625,67952.0078125,67744.1796875,67532.53125,67529.8203125,67376.8203125,67091.9609375,66933.296875,67048.4609375,66893.9765625,ADM1,13,NAM,NAM-ADM1-84003971B48583560,NA-KW,Kavango-West Region,ADM1
