asdf_id,accessibility_to_cities_2015_v1.0.mean,accessibility_to_cities_2015_v1.0.max,accessibility_to_cities_2015_v1.0.min,access_50k.none.mean,access_50k.none.max,access_50k.none.min,Level,gqid,shapeGroup,shapeID,shapeISO,shapeName,shapeType
0,0.350738612079,10.0,0.0,13.8016359838,88.0,0.0,ADM1,0,MLI,MLI-ADM1-92416918B76877490,ML-BKO,Bamako,ADM1
1,723.84842656,2713.0,0.0,1053.03449145,4227.0,0.0,ADM1,1,MLI,MLI-ADM1-92416918B30972134,ML-7,Gao,ADM1
2,234.676752989,756.0,0.0,375.059815953,1164.0,0.0,ADM1,2,MLI,MLI-ADM1-92416918B72261864,ML-1,Kayes,ADM1
3,1337.59747725,4828.0,223.0,1787.48672823,4976.0,260.0,ADM1,3,MLI,MLI-ADM1-92416918B32728181,ML-8,Kidal,ADM1
4,239.871341228,746.0,0.0,309.618731043,878.0,0.0,ADM1,4,MLI,MLI-ADM1-92416918B78388911,ML-2,Koulikouro,ADM1
5,247.109976118,629.0,0.0,287.133215072,1091.0,0.0,ADM1,5,MLI,MLI-ADM1-92416918B80310325,ML-5,Mopti,ADM1
6,137.852743366,439.0,0.0,221.361516814,983.0,0.0,ADM1,6,MLI,MLI-ADM1-92416918B74350774,ML-4,Segou,ADM1
7,118.143376862,373.0,0.0,278.025835053,950.0,0.0,ADM1,7,MLI,MLI-ADM1-92416918B6031110,ML-3,Sikasso,ADM1
8,3743.11018952,9518.0,0.0,1832.00266767,5256.0,144.0,ADM1,8,MLI,MLI-ADM1-92416918B22358092,ML-6,Tombouctou,ADM1
