asdf_id,worldbank_geocodedresearchrelease_level1_v1_4_2.bf1de3f.sum,worldbank_geocodedresearchrelease_level1_v1_4_2.f99c939.sum,worldbank_geocodedresearchrelease_level1_v1_4_2.485401a.sum,worldbank_geocodedresearchrelease_level1_v1_4_2.c2de8df.sum,worldbank_geocodedresearchrelease_level1_v1_4_2.034e602.sum,worldbank_geocodedresearchrelease_level1_v1_4_2.6142400.sum,worldbank_geocodedresearchrelease_level1_v1_4_2.381e47f.sum,worldbank_geocodedresearchrelease_level1_v1_4_2.be4c261.sum,worldbank_geocodedresearchrelease_level1_v1_4_2.993244c.sum,worldbank_geocodedresearchrelease_level1_v1_4_2.0cf8a0f.sum,worldbank_geocodedresearchrelease_level1_v1_4_2.c3898aa.sum,worldbank_geocodedresearchrelease_level1_v1_4_2.e9437ae.sum,worldbank_geocodedresearchrelease_level1_v1_4_2.56d6ad1.sum,worldbank_geocodedresearchrelease_level1_v1_4_2.a8d2793.sum,worldbank_geocodedresearchrelease_level1_v1_4_2.d56e944.sum,ucdp_deaths_171.1989.sum,ucdp_deaths_171.1990.sum,ucdp_deaths_171.1991.sum,ucdp_deaths_171.1992.sum,ucdp_deaths_171.1993.sum,ucdp_deaths_171.1994.sum,ucdp_deaths_171.1995.sum,ucdp_deaths_171.1996.sum,ucdp_deaths_171.1997.sum,ucdp_deaths_171.1998.sum,ucdp_deaths_171.1999.sum,ucdp_deaths_171.2000.sum,ucdp_deaths_171.2001.sum,ucdp_deaths_171.2002.sum,ucdp_deaths_171.2003.sum,ucdp_deaths_171.2004.sum,ucdp_deaths_171.2005.sum,ucdp_deaths_171.2006.sum,ucdp_deaths_171.2007.sum,ucdp_deaths_171.2008.sum,ucdp_deaths_171.2009.sum,ucdp_deaths_171.2010.sum,ucdp_deaths_171.2011.sum,ucdp_deaths_171.2012.sum,ucdp_deaths_171.2013.sum,ucdp_deaths_171.2014.sum,ucdp_deaths_171.2015.sum,ucdp_deaths_171.2016.sum,worldpop_pop_count_1km_mosaic.2000.sum,worldpop_pop_count_1km_mosaic.2001.sum,worldpop_pop_count_1km_mosaic.2003.sum,worldpop_pop_count_1km_mosaic.2002.sum,worldpop_pop_count_1km_mosaic.2005.sum,worldpop_pop_count_1km_mosaic.2004.sum,worldpop_pop_count_1km_mosaic.2006.sum,worldpop_pop_count_1km_mosaic.2008.sum,worldpop_pop_count_1km_mosaic.2007.sum,worldpop_pop_count_1km_mosaic.2009.sum,worldpop_pop_count_1km_mosaic.2010.sum,worldpop_pop_count_1km_mosaic.2011.sum,worldpop_pop_count_1km_mosaic.2012.sum,worldpop_pop_count_1km_mosaic.2013.sum,worldpop_pop_count_1km_mosaic.2014.sum,worldpop_pop_count_1km_mosaic.2015.sum,worldpop_pop_count_1km_mosaic.2016.sum,worldpop_pop_count_1km_mosaic.2017.sum,worldpop_pop_count_1km_mosaic.2018.sum,worldpop_pop_count_1km_mosaic.2019.sum,worldpop_pop_count_1km_mosaic.2020.sum,Level,gqid,id,shapeGroup,shapeID,shapeISO,shapeName,shapeType
0,0.0,9709.46645364,0.0,0.0,0.0,0.0,0.0,0.0,6966964.23589,56245886.8312,0.0,0.0,0.0,0.0,0.0,0.0,0.0,0.0,0.0,0.0,0.0,0.0,0.0,0.0,0.0,0.0,0.0,0.0,0.0,0.0,0.0,0.0,0.0,0.0,0.0,0.0,0.0,0.0,0.0,0.0,0.0,0.0,0.0,inf,242652.796875,252289.609375,247648.375,262901.8125,257276.28125,268341.0625,280424.75,274073.40625,286914.28125,293806.875,300386.0,305596.0,312669.5,320038.09375,326392.9375,333935.125,342023.75,349573.84375,357884.375,366270.125,ADM1,0,0,BWA,BWA-ADM1-57670837B19036464,BW-SE,South-East District,ADM1
1,0.0,3154.64006295,0.0,0.0,0.0,0.0,0.0,0.0,328670.713417,27781821.0828,0.0,0.0,0.0,0.0,0.0,0.0,1.0,0.0,0.0,0.0,0.0,0.0,0.0,0.0,0.0,0.0,0.0,0.0,0.0,0.0,0.0,0.0,0.0,0.0,0.0,0.0,0.0,0.0,0.0,0.0,0.0,0.0,0.0,3.40282346639e+38,75477.9453125,80856.015625,77608.53125,84668.765625,82721.953125,86959.765625,91397.3671875,89316.0,93142.2734375,94404.8359375,96413.109375,98764.3046875,101029.773438,103444.78125,108019.007812,110755.585938,112548.398438,115411.03125,118230.171875,121038.859375,ADM1,1,1,BWA,BWA-ADM1-57670837B56556030,BW-KL,Kgatleng District,ADM1
2,0.0,5796.55890097,63641.5308055,0.0,0.0,0.0,0.0,0.0,8257793.76747,460085.829713,0.0,0.0,0.0,0.0,0.0,0.0,0.0,0.0,0.0,0.0,0.0,0.0,0.0,0.0,0.0,0.0,0.0,0.0,0.0,0.0,0.0,0.0,0.0,0.0,0.0,0.0,0.0,0.0,0.0,0.0,0.0,0.0,0.0,inf,131459.6875,136270.328125,133807.5625,140986.0,138688.21875,143434.984375,148867.984375,146195.875,151386.03125,154111.09375,156832.046875,159676.546875,162046.625,165271.203125,168517.203125,171586.21875,174964.84375,178099.453125,181180.09375,184777.609375,ADM1,2,2,BWA,BWA-ADM1-57670837B99498700,BW-NE,North-East District,ADM1
3,0.0,11239.7404337,68432.1179502,0.0,0.0,0.0,0.0,0.0,11091001.9121,69211449.0919,0.0,0.0,0.0,0.0,0.0,NA,NA,NA,NA,NA,NA,NA,NA,NA,NA,NA,NA,NA,NA,NA,NA,NA,NA,NA,NA,NA,NA,NA,NA,NA,NA,NA,NA,inf,566790.79126,581136.576538,573892.625977,596196.91394,588444.600464,603979.77063,619703.924683,611715.80127,627258.035522,635378.092285,643838.41748,652029.305542,661006.951782,669442.460571,678362.559814,687147.492065,695907.954102,705174.608154,714585.818848,723750.56665,ADM1,3,3,BWA,BWA-ADM1-57670837B12727439,BW-CE,Central District,ADM1
4,0.0,0.0,0.0,0.0,0.0,0.0,0.0,0.0,1837412.60293,10440982.4745,0.0,0.0,0.0,0.0,0.0,NA,NA,NA,NA,NA,NA,NA,NA,NA,NA,NA,NA,NA,NA,NA,NA,NA,NA,NA,NA,NA,NA,NA,NA,NA,NA,NA,NA,3.40282346639e+38,33439.4895325,35280.3117065,34367.2411194,37259.232132,36244.043869,38295.6726532,40421.2307739,39342.8342285,41554.74263,42721.2025909,43894.6618958,45145.4525909,46385.5574341,47665.8862457,49014.4771118,50406.8899231,51823.0988159,53267.945816,54752.7217407,56320.2535095,ADM1,4,4,BWA,BWA-ADM1-57670837B60122440,BW-GH,Ghanzi District,ADM1
5,0.0,0.0,0.0,0.0,0.0,0.0,0.0,0.0,9558914.824,77156474.7683,0.0,0.0,0.0,0.0,0.0,NA,NA,NA,NA,NA,NA,NA,NA,NA,NA,NA,NA,NA,NA,NA,NA,NA,NA,NA,NA,NA,NA,NA,NA,NA,NA,NA,NA,3.40282346639e+38,255446.658203,269616.741211,262703.519531,285155.307617,277823.662109,292874.561523,308982.068359,300856.683594,317864.740234,327679.794922,336829.5625,347296.431641,357040.837891,366326.964844,375933.773438,385988.802734,397082.482422,408069.952148,419780.238281,431129.067383,ADM1,5,5,BWA,BWA-ADM1-57670837B18353307,BW-KW,Kweneng District,ADM1
6,0.0,13606.8870673,0.0,0.0,0.0,0.0,0.0,0.0,9638981.40585,68601684.3243,0.0,0.0,0.0,0.0,0.0,0.0,0.0,0.0,0.0,0.0,0.0,0.0,0.0,0.0,0.0,0.0,0.0,0.0,0.0,0.0,0.0,0.0,0.0,0.0,0.0,0.0,0.0,0.0,0.0,0.0,0.0,0.0,0.0,186751.691406,189089.480469,194217.894531,191453.34375,199711.53125,196704.777344,202855.769531,208738.226562,205827.554688,211829.375,214540.023438,218151.105469,222023.652344,225429.773438,229268.554688,232214.933594,235717.09375,239370.175781,243024.703125,246543.351562,250294.851562,ADM1,6,6,BWA,BWA-ADM1-57670837B63073821,BW-SO,Southern District,ADM1
7,0.0,47006.6543473,0.0,0.0,0.0,0.0,0.0,0.0,1686502.84125,9411772.22259,0.0,0.0,0.0,0.0,0.0,NA,NA,NA,NA,NA,NA,NA,NA,NA,NA,NA,NA,NA,NA,NA,NA,NA,NA,NA,NA,NA,NA,NA,NA,NA,NA,NA,NA,inf,42258.0681152,43793.2531738,43016.2028809,45390.8528442,44554.2362061,46243.7839355,47864.1716309,47021.3754883,48742.6251221,49669.007019,50536.3853149,51535.3964844,52418.8185425,53345.5249023,54320.8878174,55326.3708496,56358.3286133,57419.0445557,58460.4300537,59571.9194946,ADM1,7,7,BWA,BWA-ADM1-57670837B75500083,BW-KG,Kgalagadi District,ADM1
8,0.0,0.0,0.0,0.0,0.0,0.0,0.0,0.0,1670797.03745,9464026.00986,0.0,0.0,0.0,0.0,0.0,NA,NA,NA,NA,NA,NA,NA,NA,NA,NA,NA,NA,NA,NA,NA,NA,NA,NA,NA,NA,NA,NA,NA,NA,NA,NA,NA,NA,122636.909912,125109.617432,130153.590088,127558.672607,135461.267212,132762.392334,138189.337402,143784.682617,140948.920654,146720.212036,149640.451172,152695.1604,155871.486328,159001.718262,162264.186523,165568.208252,168872.677246,172299.544434,175781.243652,179379.155273,182925.902344,ADM1,8,8,BWA,BWA-ADM1-57670837B23701881,BW-NW,North-West District,ADM1
9,3083.79415565,3704.33917812,21345.1556447,2830.85983821,100.344648743,535.406550199,0.0,75328.3149975,304648.646444,1736950.16903,645.567228756,249.984067766,686.154899747,107.588334829,86.6611434923,0.0,0.0,0.0,0.0,0.0,0.0,0.0,0.0,0.0,0.0,0.0,0.0,0.0,0.0,0.0,0.0,0.0,0.0,0.0,0.0,0.0,0.0,0.0,0.0,0.0,0.0,0.0,0.0,18478.3847656,18946.9375,19857.4003906,19408.7792969,20785.8828125,20378.46875,21280.7734375,22355.96875,21787.0097656,22913.9375,23449.2539062,24026.96875,24562.6347656,25160.0292969,25800.1132812,26362.9882812,27072.5292969,27708.3769531,28410.1992188,29097.328125,29806.6972656,ADM1,9,9,BWA,BWA-ADM1-57670837B66826813,BW-CH,Chobe District,ADM1
