asdf_id,accessibility_to_cities_2015_v1.0.mean,accessibility_to_cities_2015_v1.0.max,accessibility_to_cities_2015_v1.0.min,access_50k.none.mean,access_50k.none.max,access_50k.none.min,Level,gqid,shapeGroup,shapeID,shapeISO,shapeName,shapeType
0,7.48519366596,40.0,0.0,61.1177854642,266.0,0.0,ADM1,0,RWA,RWA-ADM1-91480417B9677968,RW-01,City of Kigali,ADM1
1,62.4192352842,449.0,0.0,260.36036989,1057.0,7.0,ADM1,1,RWA,RWA-ADM1-91480417B48061901,RW-05,Southern Province,ADM1
2,31.7017745686,301.0,0.0,197.759747981,1001.0,15.0,ADM1,2,RWA,RWA-ADM1-91480417B56285357,RW-03,Northern Province,ADM1
3,64.9594561684,342.0,0.0,202.711815679,824.0,17.0,ADM1,3,RWA,RWA-ADM1-91480417B19767017,RW-02,Eastern Province,ADM1
4,73.6168658409,416.0,0.0,245.240426627,1172.0,38.0,ADM1,4,RWA,RWA-ADM1-91480417B62519517,RW-04,Western Province,ADM1
