asdf_id,accessibility_to_cities_2015_v1.0.mean,accessibility_to_cities_2015_v1.0.max,accessibility_to_cities_2015_v1.0.min,access_50k.none.mean,access_50k.none.max,access_50k.none.min,Level,gqid,id,shapeGroup,shapeID,shapeISO,shapeName,shapeType
0,197.029990624,448.0,47.0,957.025034047,1859.0,149.0,ADM1,0,0,LSO,LSO-ADM1-63558799B7870559,LS-J,Mokhotlong District,ADM1
1,69.4217414797,198.0,0.0,395.011301969,1478.0,0.0,ADM1,1,1,LSO,LSO-ADM1-63558799B19064193,LS-A,Maseru District,ADM1
2,117.956366669,286.0,38.0,763.759121426,2088.0,56.0,ADM1,2,2,LSO,LSO-ADM1-63558799B27102175,LS-B,Butha-Buthe District,ADM1
3,170.870428209,359.0,75.0,502.573048713,1407.0,78.0,ADM1,3,3,LSO,LSO-ADM1-63558799B59228001,LS-F,Mohale's Hoek District,ADM1
4,88.3928529289,255.0,36.0,320.815663582,1264.0,45.0,ADM1,4,4,LSO,LSO-ADM1-63558799B41338778,LS-E,Mafeteng District,ADM1
5,224.42955594,390.0,107.0,692.570601931,1520.0,141.0,ADM1,5,5,LSO,LSO-ADM1-63558799B21394578,LS-G,Quthing District,ADM1
6,55.5399331504,248.0,0.0,295.554239634,1389.0,0.0,ADM1,6,6,LSO,LSO-ADM1-63558799B32832072,LS-D,Berea District,ADM1
7,166.278962773,439.0,63.0,868.059993833,1725.0,77.0,ADM1,7,7,LSO,LSO-ADM1-63558799B60128978,LS-K,Thaba-Tseka District,ADM1
8,228.425368746,439.0,146.0,429.686162287,1129.0,109.0,ADM1,8,8,LSO,LSO-ADM1-63558799B26302791,LS-H,Qacha's Nek District,ADM1
9,70.991968044,264.0,0.0,631.673125973,2089.0,4.0,ADM1,9,9,LSO,LSO-ADM1-63558799B20334254,LS-C,Leribe District,ADM1
