asdf_id,worldbank_geocodedresearchrelease_level1_v1_4_2.c2de8df.sum,worldbank_geocodedresearchrelease_level1_v1_4_2.034e602.sum,worldbank_geocodedresearchrelease_level1_v1_4_2.381e47f.sum,worldbank_geocodedresearchrelease_level1_v1_4_2.e9437ae.sum,worldbank_geocodedresearchrelease_level1_v1_4_2.56d6ad1.sum,worldbank_geocodedresearchrelease_level1_v1_4_2.a8d2793.sum,worldbank_geocodedresearchrelease_level1_v1_4_2.d56e944.sum,ucdp_deaths_171.1989.sum,ucdp_deaths_171.1990.sum,ucdp_deaths_171.1991.sum,ucdp_deaths_171.1992.sum,ucdp_deaths_171.1993.sum,ucdp_deaths_171.1994.sum,ucdp_deaths_171.1995.sum,ucdp_deaths_171.1996.sum,ucdp_deaths_171.1997.sum,ucdp_deaths_171.1998.sum,ucdp_deaths_171.1999.sum,ucdp_deaths_171.2000.sum,ucdp_deaths_171.2001.sum,ucdp_deaths_171.2002.sum,ucdp_deaths_171.2003.sum,ucdp_deaths_171.2004.sum,ucdp_deaths_171.2005.sum,ucdp_deaths_171.2006.sum,ucdp_deaths_171.2007.sum,ucdp_deaths_171.2008.sum,ucdp_deaths_171.2009.sum,ucdp_deaths_171.2010.sum,ucdp_deaths_171.2011.sum,ucdp_deaths_171.2012.sum,ucdp_deaths_171.2013.sum,ucdp_deaths_171.2014.sum,ucdp_deaths_171.2015.sum,ucdp_deaths_171.2016.sum,worldpop_pop_count_1km_mosaic.2000.sum,worldpop_pop_count_1km_mosaic.2001.sum,worldpop_pop_count_1km_mosaic.2003.sum,worldpop_pop_count_1km_mosaic.2002.sum,worldpop_pop_count_1km_mosaic.2005.sum,worldpop_pop_count_1km_mosaic.2004.sum,worldpop_pop_count_1km_mosaic.2006.sum,worldpop_pop_count_1km_mosaic.2008.sum,worldpop_pop_count_1km_mosaic.2007.sum,worldpop_pop_count_1km_mosaic.2009.sum,worldpop_pop_count_1km_mosaic.2010.sum,worldpop_pop_count_1km_mosaic.2011.sum,worldpop_pop_count_1km_mosaic.2012.sum,worldpop_pop_count_1km_mosaic.2013.sum,worldpop_pop_count_1km_mosaic.2014.sum,worldpop_pop_count_1km_mosaic.2015.sum,worldpop_pop_count_1km_mosaic.2016.sum,worldpop_pop_count_1km_mosaic.2017.sum,worldpop_pop_count_1km_mosaic.2018.sum,worldpop_pop_count_1km_mosaic.2019.sum,worldpop_pop_count_1km_mosaic.2020.sum,Level,gqid,shapeGroup,shapeID,shapeISO,shapeName,shapeType
0,0.0,0.0,0.0,11628853.6074,0.0,0.0,0.0,2.0,0.0,0.0,0.0,0.0,0.0,0.0,0.0,0.0,0.0,0.0,0.0,0.0,0.0,0.0,0.0,0.0,0.0,0.0,0.0,0.0,0.0,0.0,0.0,0.0,0.0,0.0,0.0,inf,299559.4375,305920.375,302594.375,312371.875,309085.0625,315695.25,322247.78125,319097.46875,325486.28125,329138.53125,332219.5625,335872.78125,339358.96875,342581.53125,346072.3125,349682.625,353237.53125,356859.9375,360564.71875,364523.625,ADM1,0,SWZ,SWZ-ADM1-75366066B64273406,SZ-MA,Manzini,ADM1
1,11806.6480269,54096.9268288,26930.5069176,12645984.7387,291291.635837,61315.9435746,22754.1792322,0.0,0.0,0.0,0.0,0.0,0.0,0.0,0.0,0.0,0.0,0.0,0.0,0.0,0.0,0.0,0.0,0.0,0.0,0.0,0.0,0.0,0.0,0.0,0.0,0.0,0.0,0.0,0.0,inf,201448.6875,203114.1875,202477.296875,205299.75,204247.5625,206088.375,208065.71875,207164.34375,209074.546875,209838.046875,210668.5,211824.578125,212500.609375,213568.78125,214612.9375,215489.5,216540.765625,217530.53125,218485.5625,219419.546875,ADM1,1,SWZ,SWZ-ADM1-75366066B6804593,SZ-LU,Lubombo,ADM1
2,0.0,0.0,0.0,8744804.66392,0.0,0.0,0.0,0.0,0.0,0.0,0.0,0.0,0.0,0.0,0.0,0.0,0.0,0.0,0.0,0.0,0.0,0.0,0.0,0.0,0.0,0.0,0.0,0.0,0.0,0.0,0.0,0.0,0.0,0.0,0.0,inf,214504.484375,212795.875,213541.296875,210975.515625,211889.0625,210135.40625,208421.0,209251.078125,207595.234375,206825.5625,205966.109375,205054.25,204144.265625,203219.203125,202414.890625,201665.4375,200898.578125,200085.171875,199292.3125,198548.765625,ADM1,2,SWZ,SWZ-ADM1-75366066B38718027,SZ-SH,Shiselweni,ADM1
3,0.0,0.0,0.0,12671453.9805,0.0,0.0,0.0,0.0,0.0,0.0,0.0,0.0,0.0,0.0,0.0,0.0,0.0,0.0,0.0,0.0,0.0,0.0,0.0,0.0,0.0,0.0,0.0,0.0,0.0,0.0,0.0,0.0,0.0,0.0,0.0,inf,270948.625,275293.25,273252.4375,279340.46875,277379.6875,281426.34375,285677.4375,283393.34375,287906.375,289865.53125,292439.875,294292.9375,296633.90625,299265.1875,301631.5625,303800.625,306173.75,308506.625,310831.875,313063.0625,ADM1,3,SWZ,SWZ-ADM1-75366066B90127614,SZ-HH,Hhohho,ADM1
