asdf_id,worldbank_geocodedresearchrelease_level1_v1_4_2.bf1de3f.sum,worldbank_geocodedresearchrelease_level1_v1_4_2.a4b4c97.sum,worldbank_geocodedresearchrelease_level1_v1_4_2.f99c939.sum,worldbank_geocodedresearchrelease_level1_v1_4_2.485401a.sum,worldbank_geocodedresearchrelease_level1_v1_4_2.a127a6e.sum,worldbank_geocodedresearchrelease_level1_v1_4_2.c2de8df.sum,worldbank_geocodedresearchrelease_level1_v1_4_2.887790a.sum,worldbank_geocodedresearchrelease_level1_v1_4_2.653b730.sum,worldbank_geocodedresearchrelease_level1_v1_4_2.034e602.sum,worldbank_geocodedresearchrelease_level1_v1_4_2.6142400.sum,worldbank_geocodedresearchrelease_level1_v1_4_2.381e47f.sum,worldbank_geocodedresearchrelease_level1_v1_4_2.be4c261.sum,worldbank_geocodedresearchrelease_level1_v1_4_2.98af255.sum,worldbank_geocodedresearchrelease_level1_v1_4_2.993244c.sum,worldbank_geocodedresearchrelease_level1_v1_4_2.0cf8a0f.sum,worldbank_geocodedresearchrelease_level1_v1_4_2.c3898aa.sum,worldbank_geocodedresearchrelease_level1_v1_4_2.e9437ae.sum,worldbank_geocodedresearchrelease_level1_v1_4_2.56d6ad1.sum,worldbank_geocodedresearchrelease_level1_v1_4_2.a8d2793.sum,worldbank_geocodedresearchrelease_level1_v1_4_2.d56e944.sum,ucdp_deaths_171.1989.sum,ucdp_deaths_171.1990.sum,ucdp_deaths_171.1991.sum,ucdp_deaths_171.1992.sum,ucdp_deaths_171.1993.sum,ucdp_deaths_171.1994.sum,ucdp_deaths_171.1995.sum,ucdp_deaths_171.1996.sum,ucdp_deaths_171.1997.sum,ucdp_deaths_171.1998.sum,ucdp_deaths_171.1999.sum,ucdp_deaths_171.2000.sum,ucdp_deaths_171.2001.sum,ucdp_deaths_171.2002.sum,ucdp_deaths_171.2003.sum,ucdp_deaths_171.2004.sum,ucdp_deaths_171.2005.sum,ucdp_deaths_171.2006.sum,ucdp_deaths_171.2007.sum,ucdp_deaths_171.2008.sum,ucdp_deaths_171.2009.sum,ucdp_deaths_171.2010.sum,ucdp_deaths_171.2011.sum,ucdp_deaths_171.2012.sum,ucdp_deaths_171.2013.sum,ucdp_deaths_171.2014.sum,ucdp_deaths_171.2015.sum,ucdp_deaths_171.2016.sum,worldpop_pop_count_1km_mosaic.2000.sum,worldpop_pop_count_1km_mosaic.2001.sum,worldpop_pop_count_1km_mosaic.2003.sum,worldpop_pop_count_1km_mosaic.2002.sum,worldpop_pop_count_1km_mosaic.2005.sum,worldpop_pop_count_1km_mosaic.2004.sum,worldpop_pop_count_1km_mosaic.2006.sum,worldpop_pop_count_1km_mosaic.2008.sum,worldpop_pop_count_1km_mosaic.2007.sum,worldpop_pop_count_1km_mosaic.2009.sum,worldpop_pop_count_1km_mosaic.2010.sum,worldpop_pop_count_1km_mosaic.2011.sum,worldpop_pop_count_1km_mosaic.2012.sum,worldpop_pop_count_1km_mosaic.2013.sum,worldpop_pop_count_1km_mosaic.2014.sum,worldpop_pop_count_1km_mosaic.2015.sum,worldpop_pop_count_1km_mosaic.2016.sum,worldpop_pop_count_1km_mosaic.2017.sum,worldpop_pop_count_1km_mosaic.2018.sum,worldpop_pop_count_1km_mosaic.2019.sum,worldpop_pop_count_1km_mosaic.2020.sum,Level,gqid,shapeGroup,shapeID,shapeISO,shapeName,shapeType
0,13841.6011247,9035390.88143,547127.939932,11038.1433304,0.0,2600516.28519,6593783.2045,0.0,5192801.44144,3776067.66209,7526832.20247,12736.9429871,9142157.58284,4425294.80288,5877470.13601,2239027.73187,23695569.9073,0.0,24145468.3854,24357.982211,0.0,0.0,53.0,0.0,0.0,0.0,0.0,0.0,0.0,0.0,0.0,0.0,0.0,0.0,0.0,0.0,0.0,0.0,0.0,0.0,0.0,0.0,0.0,14.0,2.0,0.0,4.0,1.0,1087795.375,1145080.25,1270549.0,1206559.0,1412072.75,1339335.25,1489691.0,1660763.75,1572428.5,1753763.75,1853305.0,1959120.5,2073381.125,2194995.25,2324024.0,2460461.0,2606731.5,2763296.0,2928215.0,3107784.0,3294827.0,ADM1,0,MLI,MLI-ADM1-92416918B76877490,ML-BKO,Bamako,ADM1
1,10102603.1575,13318137.3487,95144.7821617,8172537.85308,3403.41934981,33370953.9352,13747269.7128,145858.525009,3896246.69579,14687192.6772,5050796.80987,9497933.29499,13035800.2541,7151321.85864,16150361.2988,14577547.5296,11220964.374,185368.077876,34827447.4617,17901549.5972,NA,267.0,NA,NA,NA,206.0,NA,NA,NA,NA,52.0,NA,NA,NA,NA,13.0,NA,NA,NA,NA,NA,NA,NA,90.0,203.0,81.0,45.0,12.0,370589.672379,385788.12899,418777.975708,401985.448273,455612.663521,436715.788498,475523.701401,518788.03212,496236.987923,542263.376472,567253.496368,593957.970123,621480.661728,651334.01619,683148.001953,717216.484634,752991.357056,791582.484421,832905.149185,877549.813423,925038.474319,ADM1,1,MLI,MLI-ADM1-92416918B30972134,ML-7,Gao,ADM1
2,7374740.50676,12035241.2478,11054789.1553,5747671.48047,805418.459889,34077307.7822,9517893.36475,142373.17363,9594896.63264,15841851.2623,3467725.9479,6625821.11192,32751472.5845,10946150.1659,24755543.2649,15717562.8306,21157675.6815,213724.236718,33097123.5265,12259828.5329,NA,NA,NA,NA,NA,NA,NA,NA,NA,NA,NA,NA,NA,NA,NA,NA,NA,NA,NA,NA,NA,NA,NA,NA,NA,NA,NA,NA,inf,1518802.09583,1622723.70374,1569545.39795,1736997.513,1678888.22888,1797439.87976,1926549.29193,1860402.51733,1994860.37604,2066740.28748,2140435.28906,2218732.31512,2300263.50146,2386126.69263,2473691.13965,2567012.63318,2663216.65369,2764228.33179,2869051.94409,2977562.20215,ADM1,2,MLI,MLI-ADM1-92416918B72261864,ML-1,Kayes,ADM1
3,8819215.84565,11527071.3338,2915.69807078,6858349.02702,0.0,32314165.9346,11619896.8733,7829.64954152,3038101.12866,3988019.44389,4216656.31764,7912687.36348,10969519.0402,5995204.36949,8563591.34314,11605449.6889,9133583.01681,7530.79991716,28171556.8372,15128343.3029,NA,61.0,NA,NA,NA,16.0,NA,NA,NA,NA,NA,NA,NA,NA,NA,NA,12.0,NA,39.0,58.0,69.0,NA,NA,153.0,287.2699998617172,173.0,63.0,69.0,42127.6407318,44329.1932831,49145.0257263,46651.4868011,54564.6528778,51772.2550812,57622.6707153,64361.684494,60913.2420654,68203.6357422,72214.8666992,76641.2608795,81250.9941711,86331.0948486,91800.8827515,97745.5657501,104174.804962,111095.647339,118574.855042,126677.506622,135471.480377,ADM1,3,MLI,MLI-ADM1-92416918B32728181,ML-8,Kidal,ADM1
4,5131855.12197,10428834.0385,5566796.07918,12198506.9599,24060.1678979,12518304.5079,18378545.7857,13618.3354039,3860106.78987,10929104.8916,25193338.8034,4670414.66906,9444732.2235,5326292.6585,28725696.6217,18912780.4755,23018104.843,17690.994591,43425372.2366,8961557.35225,NA,NA,NA,NA,NA,NA,NA,NA,NA,NA,NA,NA,NA,NA,NA,NA,NA,NA,NA,NA,NA,NA,18.0,13.0,NA,NA,12.0,NA,inf,1786717.48242,1928235.04443,1854730.74805,2087796.24805,2005361.91504,2175588.97852,2368739.16699,2268952.39502,2476804.9541,2592744.6582,2717880.66797,2852174.4375,2997880.875,3157076.94141,3331277.33594,3521711.93359,3730259.32422,3961974.9082,4214325.49414,4497803.72461,ADM1,4,MLI,MLI-ADM1-92416918B78388911,ML-2,Koulikouro,ADM1
5,6454499.21591,59715744.7303,471783.252622,19861680.0718,11890.6602812,44057773.4631,14866055.9515,92561.1745473,8768614.77947,16704276.0605,53786468.4107,4440136.88826,36017686.6695,9196424.98091,24384783.9468,18894496.7731,39855167.4087,144313.967288,64523776.1901,7970959.99834,NA,NA,NA,NA,NA,4.0,NA,NA,NA,NA,NA,NA,NA,NA,NA,NA,NA,NA,NA,NA,NA,NA,NA,38.0,156.0,NA,49.0,48.0,inf,1614298.24219,1711501.20312,1662814.44922,1813685.17188,1761616.97266,1867763.79688,1982246.26953,1924456.33203,2042999.10156,2106765.96875,2172081.08594,2241874.09375,2312211.71094,2385430.28125,2463608.17188,2543767.39062,2627412.92188,2713974.70312,2805077.10938,2899410.53125,ADM1,5,MLI,MLI-ADM1-92416918B80310325,ML-5,Mopti,ADM1
6,5539506.90008,20556185.9326,1542030.90692,2781698.59882,5764.80987296,30860387.1092,13782864.3595,36558.0234971,8688976.88015,1694075.8431,31740740.3876,3354715.25284,22484557.0326,8563960.21328,27189248.9562,22458468.9847,23513659.4708,66335.7156958,42823805.1388,6110882.94884,NA,NA,NA,NA,NA,25.59999990463257,NA,NA,NA,NA,NA,NA,NA,NA,NA,NA,NA,NA,NA,15.0,NA,2.2799999713897705,NA,12.0,28.0,NA,10.0,23.0,3.40282346639e+38,1838750.82812,1952633.80078,1894651.51172,2074984.39062,2012569.1875,2139745.0,2276879.76562,2206848.71875,2349519.25781,2425261.64062,2503868.44531,2585643.05469,2670931.57812,2759557.02344,2852047.35938,2948454.79688,3048806.76562,3153555.29688,3262870.15625,3376931.23438,ADM1,6,MLI,MLI-ADM1-92416918B74350774,ML-4,Segou,ADM1
7,6645827.48226,63205214.8899,1037930.38442,3641411.36227,95373.7198042,27600376.4503,14481032.6104,803828.2149,8594846.55621,6929658.55251,31593040.3946,4018086.05802,11265759.3066,9798654.78976,29902771.7862,12995660.2342,24641280.2474,238447.392231,29950457.059,7172361.57439,NA,NA,NA,NA,NA,NA,NA,NA,NA,NA,NA,NA,NA,NA,NA,NA,NA,NA,NA,NA,NA,NA,NA,NA,NA,NA,NA,NA,inf,1982217.85156,2127283.53125,2053123.96875,2285767.89062,2204923.25,2370331.85938,2551862.76562,2459094.125,2648497.6875,2750304.6875,2856952.67188,2968093.39062,3085271.75,3208329.0,3337463.84375,3473376.625,3615864.8125,3766389.8125,3925151.76562,4091657.125,ADM1,7,MLI,MLI-ADM1-92416918B6031110,ML-3,Sikasso,ADM1
8,29077833.696,47405756.452,41105.7157445,23051220.0207,16634.2583075,51036590.3874,39286450.0234,4843.74542873,10413182.164,15858722.7196,48321405.1197,26615002.3703,36890559.1495,20330037.0922,32788175.9883,37911599.9293,30838874.919,6386.92778998,68673343.9119,50871543.766,NA,NA,135.0,77.0,NA,473.0000001192093,2.0,NA,22.0,NA,7.0,NA,NA,NA,NA,7.0,NA,NA,NA,40.0,58.0,24.400000035762787,1.0,39.0,187.0,37.0,58.0,34.0,inf,493962.532337,532424.956955,512713.207428,575061.126575,553193.577061,598096.762001,648006.129784,622400.485626,675024.440796,703618.154938,733838.844246,765708.681313,799471.874832,835201.762283,873102.037064,913252.039902,955855.777222,1001126.89609,1049272.63824,1100430.17548,ADM1,8,MLI,MLI-ADM1-92416918B22358092,ML-6,Tombouctou,ADM1
