asdf_id,worldbank_geocodedresearchrelease_level1_v1_4_2.bf1de3f.sum,worldbank_geocodedresearchrelease_level1_v1_4_2.a4b4c97.sum,worldbank_geocodedresearchrelease_level1_v1_4_2.f99c939.sum,worldbank_geocodedresearchrelease_level1_v1_4_2.485401a.sum,worldbank_geocodedresearchrelease_level1_v1_4_2.a127a6e.sum,worldbank_geocodedresearchrelease_level1_v1_4_2.c2de8df.sum,worldbank_geocodedresearchrelease_level1_v1_4_2.887790a.sum,worldbank_geocodedresearchrelease_level1_v1_4_2.653b730.sum,worldbank_geocodedresearchrelease_level1_v1_4_2.034e602.sum,worldbank_geocodedresearchrelease_level1_v1_4_2.6142400.sum,worldbank_geocodedresearchrelease_level1_v1_4_2.381e47f.sum,worldbank_geocodedresearchrelease_level1_v1_4_2.be4c261.sum,worldbank_geocodedresearchrelease_level1_v1_4_2.98af255.sum,worldbank_geocodedresearchrelease_level1_v1_4_2.993244c.sum,worldbank_geocodedresearchrelease_level1_v1_4_2.0cf8a0f.sum,worldbank_geocodedresearchrelease_level1_v1_4_2.c3898aa.sum,worldbank_geocodedresearchrelease_level1_v1_4_2.e9437ae.sum,worldbank_geocodedresearchrelease_level1_v1_4_2.56d6ad1.sum,worldbank_geocodedresearchrelease_level1_v1_4_2.a8d2793.sum,worldbank_geocodedresearchrelease_level1_v1_4_2.d56e944.sum,ucdp_deaths_171.1989.sum,ucdp_deaths_171.1990.sum,ucdp_deaths_171.1991.sum,ucdp_deaths_171.1992.sum,ucdp_deaths_171.1993.sum,ucdp_deaths_171.1994.sum,ucdp_deaths_171.1995.sum,ucdp_deaths_171.1996.sum,ucdp_deaths_171.1997.sum,ucdp_deaths_171.1998.sum,ucdp_deaths_171.1999.sum,ucdp_deaths_171.2000.sum,ucdp_deaths_171.2001.sum,ucdp_deaths_171.2002.sum,ucdp_deaths_171.2003.sum,ucdp_deaths_171.2004.sum,ucdp_deaths_171.2005.sum,ucdp_deaths_171.2006.sum,ucdp_deaths_171.2007.sum,ucdp_deaths_171.2008.sum,ucdp_deaths_171.2009.sum,ucdp_deaths_171.2010.sum,ucdp_deaths_171.2011.sum,ucdp_deaths_171.2012.sum,ucdp_deaths_171.2013.sum,ucdp_deaths_171.2014.sum,ucdp_deaths_171.2015.sum,ucdp_deaths_171.2016.sum,worldpop_pop_count_1km_mosaic.2000.sum,worldpop_pop_count_1km_mosaic.2001.sum,worldpop_pop_count_1km_mosaic.2003.sum,worldpop_pop_count_1km_mosaic.2002.sum,worldpop_pop_count_1km_mosaic.2005.sum,worldpop_pop_count_1km_mosaic.2004.sum,worldpop_pop_count_1km_mosaic.2006.sum,worldpop_pop_count_1km_mosaic.2008.sum,worldpop_pop_count_1km_mosaic.2007.sum,worldpop_pop_count_1km_mosaic.2009.sum,worldpop_pop_count_1km_mosaic.2010.sum,worldpop_pop_count_1km_mosaic.2011.sum,worldpop_pop_count_1km_mosaic.2012.sum,worldpop_pop_count_1km_mosaic.2013.sum,worldpop_pop_count_1km_mosaic.2014.sum,worldpop_pop_count_1km_mosaic.2015.sum,worldpop_pop_count_1km_mosaic.2016.sum,worldpop_pop_count_1km_mosaic.2017.sum,worldpop_pop_count_1km_mosaic.2018.sum,worldpop_pop_count_1km_mosaic.2019.sum,worldpop_pop_count_1km_mosaic.2020.sum,Level,gqid,shapeGroup,shapeID,shapeISO,shapeName,shapeType
0,7634882.6701,241736.764537,11086415.9298,2985707.67508,3365714.36356,134434.950867,128035.948495,90738.9777761,234967.609392,401030.615207,299083.385942,273269.234412,291569.389688,29628639.5885,4358892.48747,5171712.73007,8044766.91794,4931312.73068,2343046.30309,3555569.41553,0.0,0.0,31.0,0.0,0.0,0.0,0.0,0.0,0.0,0.0,0.0,0.0,0.0,0.0,0.0,0.0,0.0,0.0,0.0,0.0,0.0,0.0,0.0,0.0,0.0,0.0,0.0,0.0,572553.3125,594404.375,640872.125,617496.375,688593.875,664945.125,715376.375,770586.4375,741660.0625,799130.9375,829936.0,862146.125,893362.8125,927379.1875,962518.0625,999381.75,1036429.4375,1076014.375,1116856.375,1158844.875,1203161.375,ADM1,0,TGO,TGO-ADM1-44829518B84327552,TG-S,Savanes Region,ADM1
1,10225744.4701,9347166.77702,24337106.4443,4001348.37209,337444.173182,94199.1844162,144629.537947,58387.0427539,243029.362369,823744.306427,169744.444092,253421.77657,290978.321098,39612573.777,5636964.22807,5498575.3302,10325522.563,5743697.72084,3065209.13446,3727828.3348,0.0,0.0,0.0,4.0,0.0,0.0,0.0,0.0,0.0,0.0,0.0,0.0,0.0,0.0,0.0,0.0,0.0,0.0,0.0,0.0,0.0,0.0,0.0,0.0,0.0,0.0,0.0,0.0,637148.5,647843.5,670529.3125,658976.6875,695342.6875,682148.125,708415.8125,735212.1875,721229.25,749236.75,764833.8125,780122.4375,796363.125,814188.625,831733.375,851345.8125,870664.25,891571.6875,913192.3125,935325.375,958037.5625,ADM1,1,TGO,TGO-ADM1-44829518B27110459,TG-K,Kara Region,ADM1
2,11773066.4276,8959134.73721,14838901.8393,4593243.18656,165338.358746,82410.9789872,287508.740646,66573.1276079,144858.495548,344436.005528,80468.3253642,213339.013707,221816.02434,45807243.2082,6361550.24253,5476457.87133,11482814.3574,5965185.03079,3461696.89493,8180107.58538,0.0,0.0,0.0,0.0,24.0,0.0,0.0,0.0,0.0,2.0,0.0,0.0,0.0,0.0,0.0,0.0,6.0,0.0,0.0,0.0,0.0,0.0,0.0,0.0,0.0,0.0,0.0,0.0,467601.34375,480763.4375,508396.4375,494289.34375,538028.1875,522992.59375,554145.3125,587946.875,570911.0625,605493.0,622585.25,641845.3125,661265.3125,681157.5625,702242.125,725301.9375,746837.875,770609.1875,795371.75,820397.3125,847875.75,ADM1,2,TGO,TGO-ADM1-44829518B51255236,TG-C,Centrale Region,ADM1
3,15271159.2158,271155.104203,26336717.3542,5990090.93944,257195.045031,103039.876343,457241.484502,103469.017485,154616.238187,634110.624716,100036.864091,269951.359313,279345.648044,59368022.5123,8382463.76595,6649083.10195,16808166.5042,6936715.22615,4524730.88962,8591748.74758,0.0,0.0,0.0,0.0,0.0,0.0,0.0,0.0,0.0,0.0,0.0,0.0,0.0,0.0,0.0,0.0,140.0,0.0,0.0,0.0,0.0,0.0,0.0,0.0,0.0,0.0,0.0,0.0,inf,1078287.375,1134352.625,1105979.0,1195131.5,1164462.0,1226749.875,1292140.25,1259201.5,1327728.375,1364384.0,1402144.125,1439760.5,1480509.875,1521093.5,1561610.625,1607093.5,1653254.875,1699835.25,1750022.875,1799523.25,ADM1,3,TGO,TGO-ADM1-44829518B60863837,TG-P,Plateaux Region,ADM1
4,5545287.43198,29029343.951,21736178.5004,15541940.5038,3171312.17887,64826.808675,49024.9301212,41614.3853103,58939.618663,129976.525503,39508.2953109,136983.623546,109258.709336,21531413.4354,29380937.2504,3439337.9869,16891380.0406,4411352.97007,13646116.1773,3102411.93624,0.0,0.0,32.0,1.0,24.0,0.0,0.0,0.0,0.0,7.0,0.0,0.0,0.0,0.0,0.0,0.0,219.259999871,0.0,0.0,0.0,0.0,0.0,0.0,0.0,0.0,0.0,0.0,0.0,inf,1852814.0,1963260.25,1906156.0,2087556.25,2020016.0,2152668.0,2296906.0,2224061.5,2375762.25,2462795.5,2553672.5,2661985.75,2773121.5,2887118.0,3009564.0,3147413.0,3295668.75,3449817.0,3614201.0,3793987.0,ADM1,4,TGO,TGO-ADM1-44829518B43093726,TG-M,Maritime Region,ADM1
