asdf_id,worldbank_geocodedresearchrelease_level1_v1_4_2.bf1de3f.sum,worldbank_geocodedresearchrelease_level1_v1_4_2.a4b4c97.sum,worldbank_geocodedresearchrelease_level1_v1_4_2.f99c939.sum,worldbank_geocodedresearchrelease_level1_v1_4_2.485401a.sum,worldbank_geocodedresearchrelease_level1_v1_4_2.a127a6e.sum,worldbank_geocodedresearchrelease_level1_v1_4_2.c2de8df.sum,worldbank_geocodedresearchrelease_level1_v1_4_2.887790a.sum,worldbank_geocodedresearchrelease_level1_v1_4_2.653b730.sum,worldbank_geocodedresearchrelease_level1_v1_4_2.034e602.sum,worldbank_geocodedresearchrelease_level1_v1_4_2.6142400.sum,worldbank_geocodedresearchrelease_level1_v1_4_2.381e47f.sum,worldbank_geocodedresearchrelease_level1_v1_4_2.be4c261.sum,worldbank_geocodedresearchrelease_level1_v1_4_2.98af255.sum,worldbank_geocodedresearchrelease_level1_v1_4_2.993244c.sum,worldbank_geocodedresearchrelease_level1_v1_4_2.0cf8a0f.sum,worldbank_geocodedresearchrelease_level1_v1_4_2.c3898aa.sum,worldbank_geocodedresearchrelease_level1_v1_4_2.e9437ae.sum,worldbank_geocodedresearchrelease_level1_v1_4_2.56d6ad1.sum,worldbank_geocodedresearchrelease_level1_v1_4_2.a8d2793.sum,worldbank_geocodedresearchrelease_level1_v1_4_2.d56e944.sum,ucdp_deaths_171.1989.sum,ucdp_deaths_171.1990.sum,ucdp_deaths_171.1991.sum,ucdp_deaths_171.1992.sum,ucdp_deaths_171.1993.sum,ucdp_deaths_171.1994.sum,ucdp_deaths_171.1995.sum,ucdp_deaths_171.1996.sum,ucdp_deaths_171.1997.sum,ucdp_deaths_171.1998.sum,ucdp_deaths_171.1999.sum,ucdp_deaths_171.2000.sum,ucdp_deaths_171.2001.sum,ucdp_deaths_171.2002.sum,ucdp_deaths_171.2003.sum,ucdp_deaths_171.2004.sum,ucdp_deaths_171.2005.sum,ucdp_deaths_171.2006.sum,ucdp_deaths_171.2007.sum,ucdp_deaths_171.2008.sum,ucdp_deaths_171.2009.sum,ucdp_deaths_171.2010.sum,ucdp_deaths_171.2011.sum,ucdp_deaths_171.2012.sum,ucdp_deaths_171.2013.sum,ucdp_deaths_171.2014.sum,ucdp_deaths_171.2015.sum,ucdp_deaths_171.2016.sum,worldpop_pop_count_1km_mosaic.2000.sum,worldpop_pop_count_1km_mosaic.2001.sum,worldpop_pop_count_1km_mosaic.2003.sum,worldpop_pop_count_1km_mosaic.2002.sum,worldpop_pop_count_1km_mosaic.2005.sum,worldpop_pop_count_1km_mosaic.2004.sum,worldpop_pop_count_1km_mosaic.2006.sum,worldpop_pop_count_1km_mosaic.2008.sum,worldpop_pop_count_1km_mosaic.2007.sum,worldpop_pop_count_1km_mosaic.2009.sum,worldpop_pop_count_1km_mosaic.2010.sum,worldpop_pop_count_1km_mosaic.2011.sum,worldpop_pop_count_1km_mosaic.2012.sum,worldpop_pop_count_1km_mosaic.2013.sum,worldpop_pop_count_1km_mosaic.2014.sum,worldpop_pop_count_1km_mosaic.2015.sum,worldpop_pop_count_1km_mosaic.2016.sum,worldpop_pop_count_1km_mosaic.2017.sum,worldpop_pop_count_1km_mosaic.2018.sum,worldpop_pop_count_1km_mosaic.2019.sum,worldpop_pop_count_1km_mosaic.2020.sum,Level,gqid,id,shapeGroup,shapeID,shapeISO,shapeName,shapeType
0,0.0,1605563.34457,2027607.30611,12271359.8912,0.0,29711679.1121,815370.03202,12884677.6973,9938157.92122,5677709.35066,4751673.49073,0.0,0.0,2384517.07419,0.0,0.0,0.0,0.0,0.0,0.0,3050.0,1012.0,2.0,0.0,0.0,0.0,0.0,12.0,6.0,27.440000534057617,0.0,0.0,0.0,0.0,0.0,0.0,0.0,0.0,0.0,0.0,0.0,0.0,0.0,0.0,0.0,0.0,0.0,0.0,577144.257812,577677.892578,574007.410156,576649.396484,567965.797852,570617.072266,565515.255859,560259.451172,562930.74707,558317.961914,555000.588867,552197.569336,548826.262695,546043.106445,542753.669922,538837.011719,536766.830078,534540.574219,531489.251953,529296.788086,526549.914062,ADM1,0,0,ERI,ERI-ADM1-12472421B77260743,ER-AN,Anseba Region,ADM1
1,82300.4806334,4952428.72238,14427537.9714,19360538.6136,0.0,52824653.1847,394952.982785,20315384.0551,20768164.4441,11161122.0717,7288405.09336,860169.722199,894963.632833,3703388.64359,1546060.38858,977248.836565,346874.95489,2339971.34506,346531.886616,2405780.06221,0.0,1480.0,301.0,0.0,18.06000030040741,0.0,0.0,2.0,20.640000343322754,6.0,15143.0,792.0,0.0,0.0,57.0,0.0,0.0,0.0,0.0,0.0,0.0,0.0,0.0,0.0,0.0,0.0,0.0,0.0,625921.652344,637671.796875,661721.328125,648697.246094,685629.898438,673595.398438,698356.507812,724523.164062,713144.246094,740411.71875,752858.609375,767198.398438,783114.460938,798215.902344,814443.007812,829700.714844,845602.097656,861442.585938,878424.898438,895250.085938,912668.859375,ADM1,1,1,ERI,ERI-ADM1-12472421B57115732,ER-GB,Gash-Barka Region,ADM1
2,27020.7238532,6813336.36974,9995132.77377,5568688.89642,0.0,64538601.9339,2204295.27033,5919783.71865,7083221.59325,34023380.7746,2087894.67431,282409.146964,293832.611855,4586598.43061,507599.354203,167761.943093,113885.268902,768254.56003,113772.633434,338448.030014,2749.0,3257.0,304.0,0.0,0.0,0.0,0.0,0.0,1.0,0.0,2447.9999463558197,4854.639913842082,0.0,0.0,0.0,0.0,0.0,0.0,0.0,0.0,0.0,0.0,0.0,0.0,0.0,0.0,0.0,0.0,590191.25,604501.625,633039.9375,619796.5,658937.9375,646140.75,674115.625,703352.9375,687356.0625,720192.125,735981.0625,752254.4375,772986.5625,790204.5625,807358.3125,823840.75,842095.1875,861490.375,880616.25,900430.1875,921558.25,ADM1,2,2,ERI,ERI-ADM1-12472421B97407970,ER-DU,Debub Region,ADM1
3,0.0,7463963.14494,4115734.61223,721468.797303,0.0,16213521.9268,694880.650692,757527.527869,2893124.06208,6004740.41921,279364.649798,0.0,0.0,3892674.64503,0.0,0.0,0.0,0.0,0.0,0.0,212.0,8503.0,35.0,0.0,0.0,0.0,0.0,0.0,0.0,4.0,0.0,0.0,0.0,0.0,0.0,0.0,0.0,0.0,0.0,0.0,0.0,0.0,0.0,0.0,0.0,0.0,0.0,0.0,479493.34375,485723.96875,500017.1875,492232.21875,515401.0,507922.21875,523281.78125,538306.75,531189.8125,545825.8125,553747.125,562142.8125,567519.5625,576039.375,584578.6875,593482.1875,602287.5625,611243.625,619867.75,628828.25,638504.625,ADM1,3,3,ERI,ERI-ADM1-12472421B14583003,ER-MA,Maekel Region,ADM1
4,3769.26609346,1760915.08821,28356964.0732,18962319.7923,0.0,34969041.0943,2079733.44948,19926440.2072,19717821.9279,1284815.3058,7326176.32271,36612.4479303,121188.568289,2162267.18266,224253.529479,33638.8268129,61324.1419792,269464.540009,79234.4098287,274177.142984,600.0,16247.770001530647,NA,NA,NA,NA,NA,NA,NA,NA,NA,1.0,NA,NA,NA,NA,NA,NA,NA,NA,NA,NA,NA,NA,NA,NA,NA,NA,inf,816850.51062,840786.198318,827881.348099,864258.111938,851912.820953,876624.501434,901900.977829,891452.591736,918321.376404,932894.357849,945387.044083,963976.098541,976495.507248,993909.346024,1010544.22906,1025495.09386,1040900.62013,1058097.39026,1073152.57841,1090951.11383,ADM1,4,4,ERI,ERI-ADM1-12472421B79808895,ER-SK,Northen Red Sea Region,ADM1
5,3110.24954948,1501854.92893,803151.702156,11944275.077,0.0,19713643.3436,282454.094549,12552867.8529,9709965.82586,1162464.36467,4630643.34118,22282.2890914,338895.618747,2150036.38586,657445.419299,56929.5368043,217944.754764,765674.557353,300266.482672,906964.125413,NA,NA,4519.999997317791,NA,NA,NA,NA,NA,NA,NA,NA,NA,NA,NA,NA,NA,NA,NA,NA,3.6299999803304672,NA,NA,NA,NA,NA,NA,NA,NA,1.36112934219e+37,68015.7208252,70561.9918213,69614.9008789,74467.8139648,72435.5187988,76159.2600098,76336.039917,76323.4365234,79302.1005859,80370.7304688,82606.916748,83358.2490234,86470.1193848,89562.0297852,92000.1987305,93140.5136719,95918.0427246,97166.7058105,100383.130127,101436.978027,ADM1,5,5,ERI,ERI-ADM1-12472421B10393698,ER-DK,Southern Red Sea Region,ADM1
