asdf_id,accessibility_to_cities_2015_v1.0.mean,accessibility_to_cities_2015_v1.0.max,accessibility_to_cities_2015_v1.0.min,access_50k.none.mean,access_50k.none.max,access_50k.none.min,Level,gqid,shapeGroup,shapeID,shapeISO,shapeName,shapeType
0,7.51740604803,57.0,0.0,46.3686969712,206.0,0.0,ADM1,0,SEN,SEN-ADM1-17790640B61052351,SN-DK,Dakar,ADM1
1,49.811781708,223.0,0.0,128.413249469,440.0,0.0,ADM1,1,SEN,SEN-ADM1-17790640B81501835,SN-DB,Diourbel,ADM1
2,87.851715617,331.0,0.0,169.136351327,620.0,15.0,ADM1,2,SEN,SEN-ADM1-17790640B95944518,SN-FK,Fatick,ADM1
3,132.999799224,459.0,0.0,225.610144432,606.0,33.0,ADM1,3,SEN,SEN-ADM1-17790640B42449421,SN-KA,Kaffrine,ADM1
4,62.0599555647,223.0,0.0,118.608115159,466.0,0.0,ADM1,4,SEN,SEN-ADM1-17790640B53258178,SN-KL,Kaolack,ADM1
5,106.933464849,339.0,0.0,204.670002536,735.0,0.0,ADM1,5,SEN,SEN-ADM1-17790640B2641847,SN-KD,Kolda,ADM1
6,182.446828122,596.0,0.0,220.914650207,947.0,0.0,ADM1,6,SEN,SEN-ADM1-17790640B23540639,SN-LG,Louga,ADM1
7,287.921601,717.0,0.0,371.269893854,1206.0,3.0,ADM1,7,SEN,SEN-ADM1-17790640B50368831,SN-MT,Matam,ADM1
8,223.30473791,717.0,0.0,293.016206135,1011.0,0.0,ADM1,8,SEN,SEN-ADM1-17790640B55949380,SN-SL,Saint Louis,ADM1
9,94.1928727333,329.0,0.0,224.411064988,608.0,28.0,ADM1,9,SEN,SEN-ADM1-17790640B66448795,SN-SE,Sedhiou,ADM1
10,210.56935728,607.0,0.0,266.453290192,976.0,0.0,ADM1,10,SEN,SEN-ADM1-17790640B684150,SN-TC,Tambacounda,ADM1
11,37.8205016539,135.0,0.0,121.280181494,407.0,0.0,ADM1,11,SEN,SEN-ADM1-17790640B47994662,SN-TH,Thies,ADM1
12,98.4079487569,354.0,0.0,272.890548836,745.0,0.0,ADM1,12,SEN,SEN-ADM1-17790640B98041234,SN-ZG,Ziguinchor,ADM1
13,178.839950526,443.0,0.0,474.342673878,1067.0,148.0,ADM1,13,SEN,SEN-ADM1-17790640B75814185,SN-KE,Kedougou,ADM1
