asdf_id,worldbank_geocodedresearchrelease_level1_v1_4_2.bf1de3f.sum,worldbank_geocodedresearchrelease_level1_v1_4_2.a4b4c97.sum,worldbank_geocodedresearchrelease_level1_v1_4_2.f99c939.sum,worldbank_geocodedresearchrelease_level1_v1_4_2.485401a.sum,worldbank_geocodedresearchrelease_level1_v1_4_2.a127a6e.sum,worldbank_geocodedresearchrelease_level1_v1_4_2.c2de8df.sum,worldbank_geocodedresearchrelease_level1_v1_4_2.653b730.sum,worldbank_geocodedresearchrelease_level1_v1_4_2.6142400.sum,worldbank_geocodedresearchrelease_level1_v1_4_2.be4c261.sum,worldbank_geocodedresearchrelease_level1_v1_4_2.98af255.sum,worldbank_geocodedresearchrelease_level1_v1_4_2.993244c.sum,worldbank_geocodedresearchrelease_level1_v1_4_2.0cf8a0f.sum,worldbank_geocodedresearchrelease_level1_v1_4_2.c3898aa.sum,worldbank_geocodedresearchrelease_level1_v1_4_2.e9437ae.sum,worldbank_geocodedresearchrelease_level1_v1_4_2.56d6ad1.sum,worldbank_geocodedresearchrelease_level1_v1_4_2.a8d2793.sum,worldbank_geocodedresearchrelease_level1_v1_4_2.d56e944.sum,ucdp_deaths_171.1989.sum,ucdp_deaths_171.1990.sum,ucdp_deaths_171.1991.sum,ucdp_deaths_171.1992.sum,ucdp_deaths_171.1993.sum,ucdp_deaths_171.1994.sum,ucdp_deaths_171.1995.sum,ucdp_deaths_171.1996.sum,ucdp_deaths_171.1997.sum,ucdp_deaths_171.1998.sum,ucdp_deaths_171.1999.sum,ucdp_deaths_171.2000.sum,ucdp_deaths_171.2001.sum,ucdp_deaths_171.2002.sum,ucdp_deaths_171.2003.sum,ucdp_deaths_171.2004.sum,ucdp_deaths_171.2005.sum,ucdp_deaths_171.2006.sum,ucdp_deaths_171.2007.sum,ucdp_deaths_171.2008.sum,ucdp_deaths_171.2009.sum,ucdp_deaths_171.2010.sum,ucdp_deaths_171.2011.sum,ucdp_deaths_171.2012.sum,ucdp_deaths_171.2013.sum,ucdp_deaths_171.2014.sum,ucdp_deaths_171.2015.sum,ucdp_deaths_171.2016.sum,worldpop_pop_count_1km_mosaic.2000.sum,worldpop_pop_count_1km_mosaic.2001.sum,worldpop_pop_count_1km_mosaic.2003.sum,worldpop_pop_count_1km_mosaic.2002.sum,worldpop_pop_count_1km_mosaic.2005.sum,worldpop_pop_count_1km_mosaic.2004.sum,worldpop_pop_count_1km_mosaic.2006.sum,worldpop_pop_count_1km_mosaic.2008.sum,worldpop_pop_count_1km_mosaic.2007.sum,worldpop_pop_count_1km_mosaic.2009.sum,worldpop_pop_count_1km_mosaic.2010.sum,worldpop_pop_count_1km_mosaic.2011.sum,worldpop_pop_count_1km_mosaic.2012.sum,worldpop_pop_count_1km_mosaic.2013.sum,worldpop_pop_count_1km_mosaic.2014.sum,worldpop_pop_count_1km_mosaic.2015.sum,worldpop_pop_count_1km_mosaic.2016.sum,worldpop_pop_count_1km_mosaic.2017.sum,worldpop_pop_count_1km_mosaic.2018.sum,worldpop_pop_count_1km_mosaic.2019.sum,worldpop_pop_count_1km_mosaic.2020.sum,Level,gqid,id,shapeGroup,shapeID,shapeISO,shapeName,shapeType
0,1552126.1683,0.0,85498.5579497,0.0,0.0,78348.7329029,78412.4950133,22248.7106873,1190177.03225,0.0,25607.3739942,43644.6035496,11204499.2286,967701.779821,0.0,0.0,9761948.66947,0.0,0.0,0.0,0.0,0.0,0.0,0.0,0.0,0.0,276.0,199.0,0.0,0.0,0.0,0.0,0.0,0.0,0.0,0.0,0.0,0.0,0.0,0.0,0.0,0.0,0.0,0.0,0.0,inf,263719.59375,282500.96875,273687.96875,303393.5625,293098.9375,313564.34375,338332.875,325343.78125,351146.71875,360256.78125,372958.75,384289.34375,397179.375,411104.375,427834.125,444118.5625,458450.875,475363.6875,492435.15625,508749.3125,ADM1,0,0,GNB,GNB-ADM1-76643164B2363721,GW-BS,Bissau,ADM1
1,1862213.08856,10560.419923,6114406.51216,51126.3470077,20646.0088037,5743353.14327,5625971.43195,3259184.40456,1713771.41951,8231.14508595,1856125.01621,2703674.72144,1101283.63133,1417369.22417,20826.381962,86335.8660121,4081615.56056,0.0,0.0,0.0,0.0,0.0,0.0,0.0,0.0,0.0,0.0,0.0,0.0,0.0,0.0,0.0,0.0,0.0,0.0,0.0,0.0,0.0,0.0,0.0,0.0,0.0,0.0,0.0,0.0,inf,176089.53125,182527.265625,179289.671875,189351.5,185885.640625,192995.09375,200175.453125,196478.4375,203694.671875,207499.3125,211347.46875,215450.484375,219606.546875,223830.5625,227905.375,232229.875,236596.890625,240826.359375,245716.5,250100.03125,ADM1,1,1,GNB,GNB-ADM1-76643164B72191708,GW-BA,Bafatá,ADM1
2,202615.689662,0.0,767333.758141,0.0,0.0,703165.399577,703737.652735,199678.067033,197232.07187,0.0,229821.449558,1364744.08622,1595580.20378,292280.936246,0.0,0.0,1777624.66608,0.0,0.0,0.0,0.0,0.0,0.0,0.0,0.0,0.0,10.0,0.0,0.0,0.0,0.0,0.0,0.0,0.0,0.0,0.0,0.0,0.0,0.0,0.0,0.0,0.0,0.0,0.0,0.0,inf,87824.921875,92862.53125,89527.5,97480.1015625,94725.375,100645.40625,104154.109375,102855.6875,106280.195312,112565.71875,115692.078125,120788.75,125251.882812,128864.671875,130473.0625,133558.8125,138721.375,142128.109375,146308.1875,151627.65625,ADM1,2,2,GNB,GNB-ADM1-76643164B68395788,GW-BM,Biombo,ADM1
3,591862.192304,0.0,903221.816186,0.0,0.0,827689.805833,828363.399992,1008942.88027,1778001.8261,0.0,270520.806449,214546.590446,158788.16847,359352.856499,0.0,0.0,601165.521552,0.0,0.0,0.0,0.0,0.0,0.0,0.0,0.0,0.0,0.0,0.0,0.0,0.0,0.0,0.0,0.0,0.0,0.0,0.0,0.0,0.0,0.0,0.0,0.0,0.0,0.0,0.0,0.0,inf,26201.9140625,26622.921875,26266.71875,26656.5683594,26596.7792969,26705.4980469,27165.0078125,27011.609375,27559.9570312,28063.625,28321.8808594,28804.7207031,28749.9238281,29124.5859375,29185.4765625,29746.3671875,29927.8554688,30028.3769531,30333.2871094,30607.5097656,ADM1,3,3,GNB,GNB-ADM1-76643164B8776181,GW-BL,Bolama,ADM1
4,10415930.0404,18789.4912475,4752645.22226,76039.7705256,30706.6290394,4468982.36154,4363904.94809,2291787.4789,2973694.57129,12242.110382,1465281.89202,2442962.3608,873616.201447,1590837.23408,30974.8964665,99519.8915251,3241190.30754,0.0,0.0,0.0,2.0,0.0,0.0,3.65999999642,0.0,22.9400002956,100.0,0.0,0.0,0.0,0.0,0.0,0.0,0.0,0.0,0.0,0.0,0.0,0.0,0.0,0.0,0.0,0.0,0.0,0.0,inf,170493.0625,174763.34375,172554.5625,180030.65625,177422.6875,182113.15625,187038.84375,184315.65625,189550.6875,192309.875,195252.15625,197589.859375,200401.8125,203615.59375,206457.234375,209499.875,212575.84375,215159.625,218259.40625,221626.515625,ADM1,4,4,GNB,GNB-ADM1-76643164B9765180,GW-CA,Cacheu,ADM1
5,3494365.54489,39258.213238,9129068.93346,91147.0631986,85442.191103,8393202.92513,8320100.6476,3958562.39846,1776922.12641,30429.6955011,2739855.15433,2196520.17085,1615280.61925,2085318.53099,58287.9180057,85010.3192422,6107569.59948,0.0,0.0,0.0,0.0,0.0,0.0,0.0,0.0,0.0,0.0,0.0,0.0,0.0,0.0,0.0,0.0,0.0,0.0,0.0,0.0,0.0,0.0,0.0,0.0,0.0,0.0,0.0,0.0,165698.875,169733.140625,177889.515625,173763.9375,186491.953125,182121.375,190685.25,200220.609375,195453.4375,205078.09375,210097.0,215120.40625,220405.0625,225672.734375,231145.9375,236735.84375,242686.53125,248697.46875,255038.046875,261598.53125,268087.5,ADM1,5,5,GNB,GNB-ADM1-76643164B30536517,GW-GA,Gabu,ADM1
6,5971433.46851,4526.19047212,5552863.35188,54998.7322849,22209.7681021,5204924.84022,5109276.91156,2289886.04258,1664515.71295,8854.584211,1694093.24008,2635718.41583,1331736.2261,1265175.78166,22403.8029907,80476.828885,4017083.48914,0.0,0.0,0.0,0.0,0.0,0.0,0.0,0.0,0.0,119.0,0.0,0.0,0.0,0.0,0.0,0.0,0.0,0.0,0.0,0.0,0.0,0.0,0.0,0.0,0.0,0.0,0.0,0.0,inf,186529.390625,193466.203125,189883.109375,200631.40625,197021.40625,204373.125,211945.953125,208004.671875,215831.34375,219987.28125,224179.375,228222.5,232544.9375,236993.984375,241466.875,245937.015625,250722.328125,255348.375,260287.28125,265506.125,ADM1,6,6,GNB,GNB-ADM1-76643164B60859401,GW-OI,Oio,ADM1
7,1799313.22333,0.0,2779019.1632,0.0,0.0,2546623.42116,2548695.92543,1425906.47702,2099123.03478,0.0,832334.307802,668154.775099,489293.998065,996710.442738,0.0,0.0,1850296.14894,0.0,0.0,0.0,0.0,0.0,0.0,0.0,0.0,0.0,0.0,0.0,0.0,0.0,0.0,0.0,0.0,0.0,0.0,0.0,0.0,0.0,0.0,0.0,0.0,0.0,0.0,0.0,0.0,inf,48186.78125,50248.8125,49354.2578125,52341.2460938,51388.3046875,53500.6875,55746.3203125,54445.3046875,56783.3359375,57831.96875,58916.8671875,59999.6171875,61303.0078125,62601.6054688,63919.234375,65330.609375,66877.8515625,68283.0625,69795.40625,71322.09375,ADM1,7,7,GNB,GNB-ADM1-76643164B52305557,GW-QU,Quinara,ADM1
8,3624522.84244,10365.7615759,3389557.79502,5616.56863804,23640.8201373,3063595.595,3079829.85756,1228312.72012,1283718.58677,8013.60289573,1005912.26654,804808.167606,587735.562324,1207073.47773,13011.3101604,0.0,2262689.93267,0.0,0.0,0.0,0.0,0.0,0.0,0.0,0.0,0.0,0.0,0.0,0.0,0.0,0.0,0.0,0.0,0.0,0.0,0.0,0.0,0.0,0.0,0.0,0.0,0.0,0.0,0.0,0.0,inf,80414.578125,82766.1953125,81581.4765625,85234.234375,83991.578125,86359.140625,88805.109375,87639.2421875,90131.21875,91449.1015625,92776.765625,94057.4296875,95505.3359375,96875.140625,98189.6328125,99790.25,101177.25,102646.664062,104193.570312,105717.609375,ADM1,8,8,GNB,GNB-ADM1-76643164B98453999,GW-TO,Tombali,ADM1
