asdf_id,accessibility_to_cities_2015_v1.0.mean,accessibility_to_cities_2015_v1.0.max,accessibility_to_cities_2015_v1.0.min,access_50k.none.mean,access_50k.none.max,access_50k.none.min,Level,gqid,id,shapeGroup,shapeID,shapeISO,shapeName,shapeType
0,56.4351060003,177.0,4.0,91.7887010726,353.0,0.0,ADM1,0,0,LBR,LBR-ADM1-1627179B51883426,LR-BM,Bomi,ADM1
1,115.098459515,424.0,13.0,256.15772647,691.0,76.0,ADM1,1,1,LBR,LBR-ADM1-1627179B30038906,LR-BG,Bong,ADM1
2,369.404830197,1113.0,59.0,372.568508561,1419.0,13.0,ADM1,2,2,LBR,LBR-ADM1-1627179B92154571,LR-GP,Gbarpolu,ADM1
3,110.300038904,438.0,0.0,197.879623593,842.0,2.0,ADM1,3,3,LBR,LBR-ADM1-1627179B1009088,LR-GB,Grand Bassa,ADM1
4,152.638392022,493.0,27.0,190.063717287,862.0,33.0,ADM1,4,4,LBR,LBR-ADM1-1627179B81865997,LR-CM,Grand Cape Mount,ADM1
5,359.261629732,999.0,53.0,762.524011235,2098.0,236.0,ADM1,5,5,LBR,LBR-ADM1-1627179B72460129,LR-GG,Grand Gedeh,ADM1
6,398.413932174,763.0,189.0,565.516074529,1380.0,347.0,ADM1,6,6,LBR,LBR-ADM1-1627179B48705910,LR-GK,Grand Kru,ADM1
7,272.929114694,1031.0,24.0,355.687040649,870.0,33.0,ADM1,7,7,LBR,LBR-ADM1-1627179B89842596,LR-LO,Lofa,ADM1
8,65.2646834483,258.0,0.0,127.503393955,448.0,0.0,ADM1,8,8,LBR,LBR-ADM1-1627179B12962925,LR-MG,Margibi,ADM1
9,245.293502641,755.0,92.0,442.039001104,856.0,255.0,ADM1,9,9,LBR,LBR-ADM1-1627179B95932443,LR-MY,Maryland,ADM1
10,38.8872952743,153.0,0.0,90.2000647992,280.0,0.0,ADM1,10,10,LBR,LBR-ADM1-1627179B75705921,LR-MO,Montserrado,ADM1
11,120.74055162,434.0,0.0,401.413735511,1255.0,31.0,ADM1,11,11,LBR,LBR-ADM1-1627179B36936469,LR-NI,Nimba,ADM1
12,429.779434289,1095.0,148.0,570.070665572,1463.0,202.0,ADM1,12,12,LBR,LBR-ADM1-1627179B98319400,LR-RI,River Gee,ADM1
13,170.512149969,507.0,48.0,360.923097835,1065.0,138.0,ADM1,13,13,LBR,LBR-ADM1-1627179B94227781,LR-RG,Rivercess,ADM1
14,465.717144298,1415.0,127.0,825.865866586,1780.0,237.0,ADM1,14,14,LBR,LBR-ADM1-1627179B41556320,LR-SI,Sinoe,ADM1
