asdf_id,worldbank_geocodedresearchrelease_level1_v1_4_2.bf1de3f.sum,worldbank_geocodedresearchrelease_level1_v1_4_2.a4b4c97.sum,worldbank_geocodedresearchrelease_level1_v1_4_2.f99c939.sum,worldbank_geocodedresearchrelease_level1_v1_4_2.485401a.sum,worldbank_geocodedresearchrelease_level1_v1_4_2.a127a6e.sum,worldbank_geocodedresearchrelease_level1_v1_4_2.c2de8df.sum,worldbank_geocodedresearchrelease_level1_v1_4_2.887790a.sum,worldbank_geocodedresearchrelease_level1_v1_4_2.653b730.sum,worldbank_geocodedresearchrelease_level1_v1_4_2.034e602.sum,worldbank_geocodedresearchrelease_level1_v1_4_2.6142400.sum,worldbank_geocodedresearchrelease_level1_v1_4_2.381e47f.sum,worldbank_geocodedresearchrelease_level1_v1_4_2.be4c261.sum,worldbank_geocodedresearchrelease_level1_v1_4_2.98af255.sum,worldbank_geocodedresearchrelease_level1_v1_4_2.993244c.sum,worldbank_geocodedresearchrelease_level1_v1_4_2.0cf8a0f.sum,worldbank_geocodedresearchrelease_level1_v1_4_2.c3898aa.sum,worldbank_geocodedresearchrelease_level1_v1_4_2.e9437ae.sum,worldbank_geocodedresearchrelease_level1_v1_4_2.56d6ad1.sum,worldbank_geocodedresearchrelease_level1_v1_4_2.a8d2793.sum,worldbank_geocodedresearchrelease_level1_v1_4_2.d56e944.sum,ucdp_deaths_171.1989.sum,ucdp_deaths_171.1990.sum,ucdp_deaths_171.1991.sum,ucdp_deaths_171.1992.sum,ucdp_deaths_171.1993.sum,ucdp_deaths_171.1994.sum,ucdp_deaths_171.1995.sum,ucdp_deaths_171.1996.sum,ucdp_deaths_171.1997.sum,ucdp_deaths_171.1998.sum,ucdp_deaths_171.1999.sum,ucdp_deaths_171.2000.sum,ucdp_deaths_171.2001.sum,ucdp_deaths_171.2002.sum,ucdp_deaths_171.2003.sum,ucdp_deaths_171.2004.sum,ucdp_deaths_171.2005.sum,ucdp_deaths_171.2006.sum,ucdp_deaths_171.2007.sum,ucdp_deaths_171.2008.sum,ucdp_deaths_171.2009.sum,ucdp_deaths_171.2010.sum,ucdp_deaths_171.2011.sum,ucdp_deaths_171.2012.sum,ucdp_deaths_171.2013.sum,ucdp_deaths_171.2014.sum,ucdp_deaths_171.2015.sum,ucdp_deaths_171.2016.sum,worldpop_pop_count_1km_mosaic.2000.sum,worldpop_pop_count_1km_mosaic.2001.sum,worldpop_pop_count_1km_mosaic.2003.sum,worldpop_pop_count_1km_mosaic.2002.sum,worldpop_pop_count_1km_mosaic.2005.sum,worldpop_pop_count_1km_mosaic.2004.sum,worldpop_pop_count_1km_mosaic.2006.sum,worldpop_pop_count_1km_mosaic.2008.sum,worldpop_pop_count_1km_mosaic.2007.sum,worldpop_pop_count_1km_mosaic.2009.sum,worldpop_pop_count_1km_mosaic.2010.sum,worldpop_pop_count_1km_mosaic.2011.sum,worldpop_pop_count_1km_mosaic.2012.sum,worldpop_pop_count_1km_mosaic.2013.sum,worldpop_pop_count_1km_mosaic.2014.sum,worldpop_pop_count_1km_mosaic.2015.sum,worldpop_pop_count_1km_mosaic.2016.sum,worldpop_pop_count_1km_mosaic.2017.sum,worldpop_pop_count_1km_mosaic.2018.sum,worldpop_pop_count_1km_mosaic.2019.sum,worldpop_pop_count_1km_mosaic.2020.sum,Level,gqid,id,shapeGroup,shapeID,shapeISO,shapeName,shapeType
0,0.0,0.0,0.0,0.0,2142.69479753,838.920007243,136875.669408,21810961.2735,9229460.34566,17162265.0074,4661934.26788,7390.36843682,8268361.81555,3179708.25998,3380835.43489,3291286.59976,1131442.45096,0.0,4141564.51791,14009057.2998,NA,NA,NA,NA,NA,NA,NA,2.0,400.0,22.0,NA,NA,5.0,140.0,45.0,NA,NA,2.0,NA,675.7999997138977,1054.1399997770786,249.0,123.25999999046326,38.0,8.0,3.0,19.669999942183495,9.0,954137.678467,994271.2099,1077064.89053,1033937.82434,1165216.88269,1119387.38855,1212838.91852,1315001.1076,1262952.8819,1367749.89301,1422408.81409,1481453.95544,1543842.46417,1604611.89044,1668636.65625,1736738.7417,1807592.44312,1880679.448,1957139.89062,2036686.93115,2120713.32422,ADM1,0,0,COD,COD-ADM1-28894549B81467015,CD-HU,Upper Uele,ADM1
1,44079.588299,34490.4532479,249678.590117,216564.986022,105489.46453,114073.307116,756478.530859,15787293.9713,761709.214034,12220255.7167,3220609.83907,265332.996977,5874329.49238,2513373.54885,9383708.4321,2630722.06952,9151479.24411,971344.298479,3041729.00671,12144442.2569,NA,NA,NA,NA,NA,NA,NA,565.4000005722046,NA,1.9800000190734863,1416.0,714.0,483.90000009536743,5287.499999940395,3188.1499957740307,108.0,62.0,115.0,3.469999998807907,2.0,22.0,6.0,12.270000010728836,66.0,25.0,45.0,43.0,32.0,inf,2916990.21875,3156368.12109,3035022.49219,3418991.19922,3286007.80176,3559281.08203,3853996.81543,3702516.51562,4009868.30371,4176471.63477,4343436.59473,4516660.88086,4700478.03809,4890789.63574,5091187.70605,5296624.99219,5511656.88672,5737741.97656,5971697.36523,6211730.97266,ADM1,1,1,COD,COD-ADM1-28894549B90458886,CD-IT,Ituri,ADM1
2,0.0,0.0,0.0,0.0,0.0,0.0,309657.09636,46630229.0369,18861840.0561,36877058.7282,12732721.7584,0.0,17677148.677,20457820.8614,9205582.69266,51779499.5283,25903890.9263,128283.689672,8600600.93089,11830469.9131,NA,NA,NA,13.0,4.0,NA,NA,2.0,1724.0,143.0,47.0,NA,116.0,199.0,NA,NA,NA,NA,NA,NA,NA,NA,27.0,NA,NA,7.0,NA,NA,inf,1643057.14929,1779763.20801,1710396.27069,1927457.28589,1851734.01709,2006333.72699,2173813.02728,2088061.30481,2261857.85883,2354311.42096,2450945.26678,2552412.77936,2654052.88858,2761957.79001,2875185.81464,2991980.35437,3112778.01526,3239463.08447,3370351.50195,3510935.93811,ADM1,2,2,COD,COD-ADM1-28894549B19388952,CD-TO,Tshopo,ADM1
3,0.0,0.0,0.0,0.0,32515.2906922,12730.5708375,246124.554351,35455693.5566,9451484.26415,27907286.6253,7603275.09876,112148.486253,13440971.2195,15281190.7627,1794772.13358,10065593.7487,1417966.33747,52806.4713031,6025600.54132,8844907.37257,NA,NA,NA,NA,NA,NA,NA,NA,204.0,217.0,100.0,4.0,22.0,NA,NA,NA,NA,1.0,NA,31.200000286102295,201.15000028908253,124.79999995231628,40.74000000953674,1.8799999952316284,12.0,26.0,5.0,NA,683645.570312,710074.5,768763.640625,739419.578125,833898.523438,801822.632812,867666.246094,939131.625,902152.585938,977096.859375,1018061.47656,1058513.64062,1100217.875,1144972.26953,1192241.40625,1240268.78125,1290873.75781,1343692.61719,1398224.625,1454289.375,1513998.625,ADM1,3,3,COD,COD-ADM1-28894549B65788779,CD-BU,Lower Uele,ADM1
4,0.0,0.0,0.0,0.0,0.0,0.0,83329.6461281,13509826.8198,8837962.64903,11006263.4034,28418974.5883,0.0,5098702.2885,3129994.62587,5251635.65811,18548589.2356,3027444.97881,2022651.76785,7435963.66095,8408749.98253,NA,NA,NA,NA,NA,NA,NA,NA,NA,146.0,310.0,NA,NA,NA,NA,NA,NA,NA,NA,NA,NA,NA,NA,NA,NA,NA,NA,NA,inf,1122850.98535,1212434.38184,1164942.03906,1303668.79199,1255786.20703,1352714.91016,1457589.82422,1405621.55664,1516392.33984,1573287.04297,1630765.21875,1690011.46289,1758972.30078,1825611.75195,1896148.9668,1966699.77148,2044188.34375,2120837.24219,2201394.70703,2282753.23438,ADM1,4,4,COD,COD-ADM1-28894549B9317454,CD-MO,Mongala,ADM1
5,0.0,0.0,0.0,0.0,26562.0312753,10399.7169805,101092.245888,12828617.0023,310253.008773,10500316.5432,5084653.85867,91615.0997247,4863226.59685,1570562.82472,686665.62233,14101494.3786,1163077.17127,1992758.91508,7042698.84848,8127834.08137,NA,NA,NA,NA,NA,NA,NA,NA,7.0,11.0,24.0,NA,NA,NA,NA,NA,NA,NA,NA,NA,NA,NA,NA,NA,NA,45.0,NA,NA,inf,760388.767578,819265.162109,789063.855469,881917.556641,849726.417969,914990.910156,985364.537109,949565.115234,1025592.07812,1063508.28516,1102923.04688,1142506.71875,1188990.38672,1232669.70703,1282017.55078,1329685.48828,1381846.28906,1434323.72656,1488901.0,1543851.78906,ADM1,5,5,COD,COD-ADM1-28894549B22433478,CD-NU,Nord-Ubangi,ADM1
6,0.0,0.0,0.0,0.0,0.0,0.0,220005.043489,33332438.718,525296.792337,27206301.0948,27984256.9704,0.0,12553371.9019,4069412.93205,10744506.582,25644220.3916,2978702.70465,4915238.64809,18258728.8314,20519256.1551,NA,NA,NA,NA,NA,NA,NA,NA,2372.0,NA,132.0,41.0,2.9800000190734863,NA,NA,NA,NA,NA,NA,1.0,NA,NA,NA,NA,NA,NA,NA,NA,802430.568573,831428.857819,894987.228806,862646.452759,964169.199814,929916.912659,1001380.18033,1079121.9037,1038621.32974,1118252.15298,1161505.68317,1205730.81113,1249281.86359,1296703.99722,1346495.11053,1395896.1947,1449650.37201,1506116.03497,1563489.59448,1622935.79895,1684834.40881,ADM1,6,6,COD,COD-ADM1-28894549B26181372,CD-TU,Tshuapa,ADM1
7,25724.0997823,0.0,0.0,0.0,0.0,0.0,263874.201121,38508409.1458,496491.152447,20516537.7562,48687783.1844,0.0,9459389.22618,3132308.93783,15021253.053,37524534.2822,4561675.78799,3800627.81972,30958561.7104,15698690.3622,NA,NA,NA,NA,NA,NA,NA,NA,458.0,NA,1011.0,277.0,6.0,NA,NA,NA,9.0,NA,1.0,NA,NA,NA,NA,NA,NA,NA,NA,NA,inf,1213110.94043,1303797.10938,1259731.30371,1410010.21289,1358829.50781,1463662.70508,1577345.57617,1518509.10547,1633410.01172,1698075.97363,1763538.16113,1833528.47852,1899023.56445,1972914.00977,2047468.75195,2127777.40039,2205190.54102,2291685.16602,2378676.26367,2471507.21484,ADM1,7,7,COD,COD-ADM1-28894549B82129789,CD-EQ,Équateur,ADM1
8,725335.165055,196957.962693,363743.395739,0.0,508056.461414,2766766.2035,298396.727691,92049045.6791,19322327.265,23705818.6525,29178181.3766,7919.35033729,11337109.1613,82282259.9834,8360759.70704,51507731.8806,4615654.05977,3991278.70469,28162795.0066,16212731.897,19.0,136.0,17.0,2.0,NA,NA,NA,NA,26.0,NA,NA,203.0,8.0,10.0,NA,70.0,NA,3.0,NA,1.0,NA,NA,4.0,14.0,152.0,45.0,10.0,18.0,inf,2046697.68933,2435453.31348,2233234.7417,2898839.20288,2657558.31079,3163276.5061,3770274.45996,3449896.32275,4112395.8999,4488051.6062,4898323.02539,5345927.08105,5830769.65381,6359830.19629,6943972.51904,7577529.32227,8267071.47754,9021919.65625,9848022.34375,10751217.4541,ADM1,8,8,COD,COD-ADM1-28894549B16197919,CD-HK,Haut-Katanga,ADM1
9,0.0,0.0,0.0,0.0,0.0,0.0,182836.847268,100444061.522,16518674.4507,20920548.0578,8303966.83285,0.0,58058455.5932,38530389.8277,7095908.44943,42524080.2189,2013374.3672,3281475.8508,12708506.1016,14325540.9142,NA,NA,NA,10.0,NA,NA,5.0,NA,1.0,NA,56.0,12.0,10.0,55.0,25.0,130.0,37.0,NA,NA,NA,NA,NA,NA,NA,69.0,12.0,NA,1.0,inf,1520713.43286,1809392.80811,1658188.84229,2152625.32861,1970869.36914,2348374.91699,2796401.28955,2563188.02344,3055035.18164,3331723.29199,3634728.19434,3966302.63867,4330588.03711,4726379.11914,5152344.3623,5623455.27344,6139507.15625,6696610.96875,7312657.35352,7975645.42969,ADM1,9,9,COD,COD-ADM1-28894549B11892894,CD-HL,Haut-Lomami,ADM1
10,150557.445287,0.0,0.0,371.52762302,0.0,183215.949321,26777071.4068,86317524.9278,19849215.8032,23796507.8427,30661636.323,0.0,6195694.50345,37879074.7367,25547062.4224,12412972.9412,13446976.8104,350326.450409,118211569.772,58460822.056,NA,2.0,1.0,NA,NA,2.0,NA,NA,NA,1071.340000629425,NA,NA,NA,14.0,1.5,NA,NA,NA,114.9800009727478,252.0,NA,NA,2.0,NA,NA,NA,NA,NA,inf,2845791.92188,2865062.67578,2854106.36328,2880666.87109,2870938.51953,2889477.96875,2909291.86719,2901567.66406,2918717.76562,2927978.07812,2937679.48438,2953937.17969,2966686.55859,2976307.96094,2988519.36719,2999303.14844,3011836.38672,3026312.53516,3038812.34375,3049320.86719,ADM1,10,10,COD,COD-ADM1-28894549B8896748,CD-BC,Kongo-Central,ADM1
11,2140.7103282,0.0,0.0,531.56249563,0.0,0.0,190647.744996,41657509.6409,1693414.10557,18933755.7803,7370865.14571,0.0,9076527.33729,7851755.26467,1159799.36232,5741425.67516,1584566.07424,4631028.00609,15736357.2006,16533698.1785,NA,NA,NA,NA,NA,NA,NA,NA,2.0,1.0,NA,NA,NA,NA,NA,NA,NA,NA,NA,NA,NA,NA,NA,NA,NA,NA,NA,NA,1491951.65564,1525934.7782,1594135.77173,1561055.87695,1667648.40857,1631005.0946,1705298.19116,1783098.86658,1744221.34143,1822224.02441,1862974.06714,1906851.78162,1952159.87524,1993006.71167,2037143.79321,2081545.30566,2130814.8501,2177322.1792,2226628.54883,2276961.48608,2331562.31836,ADM1,11,11,COD,COD-ADM1-28894549B61312612,CD-KG,Kwango,ADM1
12,0.0,0.0,0.0,0.0,0.0,0.0,2297821.64209,25627848.4437,18224329.5404,26593856.8976,10074608.8704,0.0,9631928.81373,3122254.20743,2672673.50468,7515076.60067,328784.295473,60222.9374735,4396797.32175,4378747.81237,NA,NA,NA,NA,1.0,NA,NA,NA,NA,2.0,4.0,22.0,9.0,1.0,NA,NA,NA,NA,NA,NA,NA,NA,NA,NA,NA,NA,NA,NA,98579.1148987,103081.673096,112252.233246,106669.336243,121334.267059,115300.839996,126769.851898,136814.106049,132107.899902,145352.716217,150715.929138,157294.783539,159815.33725,168991.214508,176713.382843,182477.226318,191637.836487,200698.099548,209330.353882,219686.945862,227210.575867,ADM1,12,12,COD,COD-ADM1-28894549B60721216,CD-SA,Sankuru,ADM1
13,7719.45941872,0.0,0.0,0.0,9133.7253881,3576.08791396,118934.959601,12707354.6282,17897503.2057,10425402.9547,17280620.901,31503.131429,7048516.66153,1572262.51706,7954197.70976,21278835.7255,13071223.2247,1930397.16668,6991594.32457,8454857.21098,NA,NA,NA,NA,NA,NA,NA,NA,NA,27.0,860.0,185.0,NA,NA,NA,NA,NA,NA,1.0,NA,NA,NA,NA,NA,NA,NA,NA,NA,inf,1512012.95312,1628328.96875,1571388.64062,1756485.01562,1691822.14062,1822076.98438,1964645.3125,1890335.1875,2037215.4375,2115674.1875,2197560.07812,2282105.03125,2366240.32812,2455457.125,2547900.3125,2647215.46875,2745815.23438,2849544.46875,2957382.0,3073388.96875,ADM1,13,13,COD,COD-ADM1-28894549B75719999,CD-SU,Sud-Ubangi,ADM1
14,201477.724798,48790.2301998,90106.15143,0.0,125855.240215,178663.520312,10281944.4597,30346227.5517,31752249.1744,22629772.9804,6607966.49969,767.249642795,10866297.45,9984813.07339,7675466.64756,19040667.0497,2193898.32729,3566805.58167,23402425.5091,15548574.0037,NA,NA,NA,NA,NA,NA,NA,NA,219.9999988079071,1229.0,868.0,367.0,14.0,164.0,NA,NA,NA,4.0,1.0,1.0,NA,NA,NA,NA,87.0,27.0,82.0,83.0,inf,1034056.28125,1230760.09375,1130360.69531,1468641.4375,1347136.64062,1602895.29688,1904084.04688,1748929.625,2075027.14062,2266474.5625,2473925.76562,2700612.59375,2947446.71875,3213210.21875,3510192.40625,3827998.40625,4176985.625,4561812.8125,4972924.125,5431146.5625,ADM1,14,14,COD,COD-ADM1-28894549B87473068,CD-TA,Tanganyika,ADM1
15,706.575631062,0.0,0.0,175.45069076,0.0,0.0,147034.715762,57207086.1831,381874.963734,24948434.0002,45216891.1821,0.0,8741867.3306,2869780.44725,1159593.43193,25393368.8632,2898423.12883,66566.6243983,4031237.56924,5121458.66063,NA,NA,NA,NA,NA,NA,NA,NA,NA,NA,NA,307.0,0.019999999552965164,NA,NA,NA,NA,1.0,NA,NA,NA,NA,NA,NA,NA,NA,NA,NA,inf,1895163.08984,2152231.42969,2019356.88281,2442415.58594,2292158.625,2601717.57812,2953495.21875,2772516.20312,3149088.6875,3355672.07031,3574757.85156,3818413.66406,4067416.39844,4333612.35938,4616660.19531,4920218.48438,5242975.9375,5585811.9375,5950312.23438,6343030.75,ADM1,15,15,COD,COD-ADM1-28894549B87528803,CD-KS,Kasai,ADM1
16,0.0,0.0,0.0,0.0,0.0,0.0,3289341.35639,24971180.0181,16804831.3068,2554109.91756,4777887.07257,0.0,925966.914803,8127047.04554,122779.38739,721339.34874,2329689.36905,0.0,408069.132067,398455.031541,0.0,0.0,11.0,0.0,0.0,0.0,0.0,0.0,0.0,0.0,241.0,0.0,1.0,0.0,0.0,0.0,0.0,5.0,25.0,0.0,0.0,0.0,1.0,0.0,0.0,0.0,0.0,0.0,2365648.25,2472973.75,2700066.75,2583134.5,2945363.0,2818097.75,3076458.75,3357942.5,3214538.0,3510281.25,3666289.5,3830883.0,4001887.75,4182080.25,4370160.0,4566514.5,4770135.0,4984857.0,5207609.0,5440776.5,5683156.5,ADM1,16,16,COD,COD-ADM1-28894549B23989415,CD-KE,Kasai-Oriental,ADM1
17,0.0,0.0,0.0,0.0,0.0,0.0,7070564.83426,31113561.8858,31631758.5675,44276500.3741,15742945.6336,0.0,11794903.6641,9317937.92113,1568094.97502,29751665.2762,6549905.07856,7369424.55607,41241507.2198,37305010.5663,NA,NA,NA,NA,NA,NA,NA,NA,1806.3499718308449,206.0,11.0,32.0,48.0,484.0,NA,NA,NA,NA,NA,NA,2.0,6.0,8.0,NA,2.0,NA,1.9499999284744263,NA,inf,1403020.4082,1523171.49023,1461355.89062,1653093.07812,1586197.97461,1721986.13672,1869187.85938,1794106.19336,1947981.13672,2028812.65625,2113780.23828,2202013.28125,2295006.98047,2391070.55078,2491198.63281,2595221.77344,2704365.50781,2817382.04297,2935868.35938,3056765.98438,ADM1,17,17,COD,COD-ADM1-28894549B44422704,CD-MA,Maniema,ADM1
18,196845.132344,29005.4514835,326590.715227,500652.004371,2811945.47843,395850.994411,2064611.13306,14499358.7772,42965035.336,20467017.0967,8819823.87692,346913.934955,5492081.23854,9319271.03342,3568817.44818,11928739.0933,7404632.62164,3712745.00935,11440747.6369,26397847.2535,NA,NA,NA,NA,3208.0,326.0,508.0,16107.69000083208,3450.3000275194645,1054.0,477.0,116.0,125.2000002861023,107.0,71.0,144.50000071525574,17.00000011920929,209.22000044584274,676.4100007712841,747.8100000023842,2692.270000100136,178.85000002384186,157.0,1339.8000001907349,1644.9400002360344,1230.0,467.0,659.25,4.01533163709e+38,4074911.6875,4448946.23438,4259480.35938,4859588.4375,4649521.20312,5078379.375,5545566.0,5307100.78125,5793656.3125,6053542.125,6326513.125,6611103.46875,6906586.4375,7218162.3125,7540699.1875,7881500.125,8234857.96875,8604120.78125,8990961.6875,9398996.375,ADM1,18,18,COD,COD-ADM1-28894549B86820442,CD-NK,North Kivu,ADM1
19,75204.6163394,0.0,604253.358936,7611.10130791,617788.694964,769059.991017,906577.420883,15513759.0091,18064680.1116,22250380.0353,10911540.8816,775887.821247,5968849.73377,18883867.3891,2064685.00951,13036401.8491,6172544.06875,4361101.56375,40849403.7883,36803840.726,NA,NA,NA,NA,NA,NA,NA,15684.120005335659,2461.1499928832054,1985.290010560304,1514.5800000429153,592.8500002026558,443.0,533.480001911521,141.98000012338161,79.0100000500679,164.6399999409914,43.31999999284744,61.78999997675419,23.189999997615814,1140.5199999809265,108.40000009536743,103.40000003576279,332.25999999046326,84.25,108.79000008106232,9.049999982118607,0.30000001192092896,inf,3164088.15625,3399955.10938,3280806.59375,3655596.35938,3526697.0,3790150.0625,4073446.40625,3929745.84375,4223216.625,4378998.15625,4539506.375,4707272.75,4880075.04688,5058437.20312,5244425.09375,5438326.15625,5636975.9375,5845681.5625,6059883.90625,6284325.1875,ADM1,19,19,COD,COD-ADM1-28894549B97272036,CD-SK,South Kivu,ADM1
20,68.9994562577,0.0,0.0,17.1333424623,0.0,0.0,519467.938354,39257763.0509,495520.524369,14973107.1869,12036275.5351,0.0,5248453.43265,1691317.02186,3002020.15833,17925328.0977,4006400.86376,12543.4498892,16176396.3512,2981815.98783,NA,NA,NA,NA,6.0,NA,NA,NA,9.0,NA,70.0,30.0,4.0,NA,NA,NA,NA,NA,2.0,NA,NA,NA,2.0,NA,NA,NA,NA,56.0,2020947.85784,2154236.72251,2445819.03502,2295425.05822,2777319.75948,2606940.26627,2960387.07158,3362246.83672,3154402.83384,3582181.8504,3817652.52629,4068876.87645,4328053.01106,4613592.10323,4915042.85432,5238062.77026,5581089.90961,5947039.06091,6336993.52081,6755066.698,7196062.48605,ADM1,20,20,COD,COD-ADM1-28894549B21715888,CD-KC,Central Kasai,ADM1
21,0.0,0.0,0.0,0.0,0.0,0.0,1155092.75066,40561691.1065,1192392.00058,13384451.7555,8252035.66999,0.0,4887288.31864,1637981.08563,1623514.02074,8579941.37717,160661.171545,45518.8790691,2268731.92948,2234639.72258,NA,NA,NA,NA,NA,NA,NA,NA,NA,NA,268.0,32.0,NA,NA,NA,NA,NA,NA,NA,NA,NA,NA,NA,NA,NA,NA,NA,NA,1705967.88184,1781835.1416,1946213.33496,1863131.31055,2127415.59766,2036850.00781,2223551.47656,2429071.0,2324048.63281,2537003.38867,2652870.92383,2771754.72168,2897600.74414,3028268.48438,3166788.0459,3312480.04297,3461773.61719,3616911.1875,3781730.3125,3951125.41016,4130683.01562,ADM1,21,21,COD,COD-ADM1-28894549B57795066,CD-LO,Lomami,ADM1
22,114843.591474,31355.2761895,57907.1517574,1589.56668107,80881.4756697,114818.970958,200999.499947,104875897.573,18570237.0475,23403272.449,53967943.6205,18081.0848068,11248129.6335,10790903.4416,7954268.50758,35033322.5163,2270144.05833,3690511.476,14269514.3135,16078887.9544,NA,NA,NA,NA,NA,NA,NA,NA,NA,NA,NA,NA,NA,NA,NA,NA,NA,NA,NA,NA,NA,NA,NA,NA,1.0,NA,NA,NA,inf,774070.089478,922611.762268,844301.360107,1099656.26282,1008240.83679,1200166.69873,1430144.8894,1309808.8844,1558176.80444,1700523.52856,1855989.60547,2027478.22107,2210910.3457,2417039.93457,2635346.87708,2878655.39746,3139698.3772,3427998.34985,3740483.51221,4083727.96704,ADM1,22,22,COD,COD-ADM1-28894549B64287465,CD-LU,Lualaba,ADM1
23,6411.15088153,0.0,0.0,0.0,0.0,0.0,6367292.41997,29563507.089,82855732.6554,16690350.2519,12394628.1508,0.0,97649063.6776,94499670.1207,23805534.4704,95264200.8097,6083799.53043,13826659.9659,60011055.1003,23753515.703,9.0,9.0,3.0,40.0,95.0,2.0,10.0,2.0,263.0,505.0,0.0,0.0,0.0,0.0,0.0,13.0,0.0,1.0,7.0,1.0,0.0,1.0,3.0,0.0,64.0,0.0,0.0,0.0,inf,5159739.0,5393315.5,5277183.0,5632598.5,5517867.0,5764169.5,6028082.5,5896625.5,6156771.5,6296455.0,6436346.5,6576752.5,6721385.0,6872481.0,7023075.5,7179970.0,7339732.0,7504244.5,7667656.0,7845406.5,ADM1,23,23,COD,COD-ADM1-28894549B40291046,CD-KN,Kinshasa,ADM1
24,0.0,0.0,0.0,0.0,0.0,0.0,143453.185439,107518479.078,850294.456622,16890141.4497,49898005.2478,0.0,7614311.82075,7485673.7994,962935.105982,14723510.6149,3126544.72137,4049105.9703,30822183.8511,14834322.38,NA,NA,NA,NA,NA,NA,NA,NA,321.0,NA,NA,NA,NA,NA,NA,NA,NA,NA,NA,NA,NA,NA,NA,NA,NA,NA,NA,NA,inf,2916658.45909,3053356.73936,2985586.18236,3193003.68752,3126107.83879,3267598.64793,3420559.67978,3343301.00348,3496778.30812,3578225.69682,3658311.37917,3743855.33325,3830552.5471,3916052.16759,4009078.67432,4100232.20442,4193160.43353,4289078.53296,4388420.51578,4490474.7579,ADM1,24,24,COD,COD-ADM1-28894549B99836497,CD-KL,Kwilu,ADM1
25,11596.1918124,0.0,0.0,0.0,0.0,0.0,341762.53836,32396664.4573,2833453.90853,26927900.504,32371959.4554,0.0,13064285.1956,9084267.44187,12964642.9967,23547810.9221,2822125.13071,6670794.36534,22666067.8038,23491711.1054,NA,NA,NA,NA,NA,NA,NA,NA,NA,NA,NA,NA,NA,NA,NA,NA,NA,NA,2.0,NA,NA,NA,NA,NA,NA,NA,NA,NA,inf,1112739.27344,1163150.03516,1135368.9082,1215741.45703,1184324.27344,1242364.39844,1297752.30078,1270219.01562,1330761.4375,1358397.62891,1390475.5,1419470.71484,1453593.94531,1487606.27344,1519823.96875,1553897.125,1592016.45703,1627734.69531,1665214.01562,1699423.43359,ADM1,25,25,COD,COD-ADM1-28894549B16854960,CD-MN,Mai-Ndombe,ADM1
