asdf_id,worldbank_geocodedresearchrelease_level1_v1_4_2.bf1de3f.sum,worldbank_geocodedresearchrelease_level1_v1_4_2.a4b4c97.sum,worldbank_geocodedresearchrelease_level1_v1_4_2.f99c939.sum,worldbank_geocodedresearchrelease_level1_v1_4_2.485401a.sum,worldbank_geocodedresearchrelease_level1_v1_4_2.a127a6e.sum,worldbank_geocodedresearchrelease_level1_v1_4_2.c2de8df.sum,worldbank_geocodedresearchrelease_level1_v1_4_2.887790a.sum,worldbank_geocodedresearchrelease_level1_v1_4_2.653b730.sum,worldbank_geocodedresearchrelease_level1_v1_4_2.034e602.sum,worldbank_geocodedresearchrelease_level1_v1_4_2.6142400.sum,worldbank_geocodedresearchrelease_level1_v1_4_2.381e47f.sum,worldbank_geocodedresearchrelease_level1_v1_4_2.be4c261.sum,worldbank_geocodedresearchrelease_level1_v1_4_2.98af255.sum,worldbank_geocodedresearchrelease_level1_v1_4_2.993244c.sum,worldbank_geocodedresearchrelease_level1_v1_4_2.0cf8a0f.sum,worldbank_geocodedresearchrelease_level1_v1_4_2.c3898aa.sum,worldbank_geocodedresearchrelease_level1_v1_4_2.e9437ae.sum,worldbank_geocodedresearchrelease_level1_v1_4_2.56d6ad1.sum,worldbank_geocodedresearchrelease_level1_v1_4_2.a8d2793.sum,worldbank_geocodedresearchrelease_level1_v1_4_2.d56e944.sum,ucdp_deaths_171.1989.sum,ucdp_deaths_171.1990.sum,ucdp_deaths_171.1991.sum,ucdp_deaths_171.1992.sum,ucdp_deaths_171.1993.sum,ucdp_deaths_171.1994.sum,ucdp_deaths_171.1995.sum,ucdp_deaths_171.1996.sum,ucdp_deaths_171.1997.sum,ucdp_deaths_171.1998.sum,ucdp_deaths_171.1999.sum,ucdp_deaths_171.2000.sum,ucdp_deaths_171.2001.sum,ucdp_deaths_171.2002.sum,ucdp_deaths_171.2003.sum,ucdp_deaths_171.2004.sum,ucdp_deaths_171.2005.sum,ucdp_deaths_171.2006.sum,ucdp_deaths_171.2007.sum,ucdp_deaths_171.2008.sum,ucdp_deaths_171.2009.sum,ucdp_deaths_171.2010.sum,ucdp_deaths_171.2011.sum,ucdp_deaths_171.2012.sum,ucdp_deaths_171.2013.sum,ucdp_deaths_171.2014.sum,ucdp_deaths_171.2015.sum,ucdp_deaths_171.2016.sum,worldpop_pop_count_1km_mosaic.2000.sum,worldpop_pop_count_1km_mosaic.2001.sum,worldpop_pop_count_1km_mosaic.2003.sum,worldpop_pop_count_1km_mosaic.2002.sum,worldpop_pop_count_1km_mosaic.2005.sum,worldpop_pop_count_1km_mosaic.2004.sum,worldpop_pop_count_1km_mosaic.2006.sum,worldpop_pop_count_1km_mosaic.2008.sum,worldpop_pop_count_1km_mosaic.2007.sum,worldpop_pop_count_1km_mosaic.2009.sum,worldpop_pop_count_1km_mosaic.2010.sum,worldpop_pop_count_1km_mosaic.2011.sum,worldpop_pop_count_1km_mosaic.2012.sum,worldpop_pop_count_1km_mosaic.2013.sum,worldpop_pop_count_1km_mosaic.2014.sum,worldpop_pop_count_1km_mosaic.2015.sum,worldpop_pop_count_1km_mosaic.2016.sum,worldpop_pop_count_1km_mosaic.2017.sum,worldpop_pop_count_1km_mosaic.2018.sum,worldpop_pop_count_1km_mosaic.2019.sum,worldpop_pop_count_1km_mosaic.2020.sum,Level,gqid,id,shapeGroup,shapeID,shapeISO,shapeName,shapeType
0,445998.808119,0.0,0.0,0.0,21016.7848441,30564.77365,5456462.18854,1277105.9983,6840297.41969,1622223.26745,0.0,2856589.4994,1106946.97747,31623386.6644,13450355.1726,3869116.49793,2553414.61037,10387486.0126,108099.194902,9999112.54244,0.0,0.0,135.0,0.0,0.0,4.0,99.9900000095,148.580001354,28.9900000691,148.78000021,207.319999993,115.460000008,338.57000041,65.0700000376,90.9800000191,62.0,54.2300000042,12.1299999952,33.0,11.0,0.0,0.0,0.0,0.0,0.0,0.0,135.0,8.0,1.3611293105e+37,330993.3125,364396.5,348732.375,403787.59375,382853.625,422824.28125,466749.03125,441442.375,488668.21875,510144.0625,539404.1875,563869.75,594106.8125,621690.5,651609.4375,683622.25,719438.125,754331.75,792509.25,829590.5,ADM1,0,0,BDI,BDI-ADM1-69449131B64450407,BI-BM,Bujumbura Mairie,ADM1
1,1002188.02646,0.0,0.0,0.0,223312.567699,528090.617334,4573211.33378,5259348.07181,2204482.41478,7249244.42915,295.259122278,5657908.87473,3275355.59783,11429360.7042,8068261.236,7714968.8882,5838834.51455,4519588.10669,1149537.59039,4091609.39908,0.0,0.0,0.0,0.0,5.0,5.0,473.01,196.419999968,241.889999881,520.219999995,433.680000007,447.539999962,350.010000033,553.929999828,340.560000021,514.0,182.769999981,73.8700000141,27.0,127.0,0.0,0.0,0.0,0.0,0.0,0.0,0.0,0.0,4.08338805825e+37,478287.875,506287.5625,490551.90625,533937.3125,519794.9375,549965.5625,581510.875,567452.875,599499.9375,619905.6875,633659.25,654214.875,670373.75,692022.75,713057.125,733938.8125,754504.8125,776972.375,799253.75,824761.75,ADM1,1,1,BDI,BDI-ADM1-69449131B28308487,BI-BL,Bujumbura Rural,ADM1
2,3553007.78331,0.0,0.0,0.0,538741.010318,661532.901886,7516412.03491,8161885.74347,588124.136953,14292716.887,0.0,6079916.61247,3988057.79986,3895483.85137,7067134.13616,5709964.96767,3793344.18164,3268035.53455,2383694.43279,46287541.431,0.0,0.0,0.0,0.0,0.0,18.0,12.0,154.599998832,232.129998241,264.55999887,35.0999999344,30.7399999499,120.339999616,52.0599998832,0.419999986887,18.0,0.0,0.0,2.0,0.0,0.0,0.0,0.0,0.0,0.0,0.0,0.0,0.0,6.12508183385e+37,462423.3125,490272.78125,475978.875,520366.34375,505024.53125,536399.0,570285.875,553114.25,588280.4375,606889.375,627079.375,646884.9375,667938.75,690053.375,713281.75,737264.9375,762311.25,788643.625,815957.625,844589.0,ADM1,2,2,BDI,BDI-ADM1-69449131B93132286,BI-BR,Bururi,ADM1
3,800218.925099,2075.90353587,22848.2374164,169.738074923,3901009.16395,524510.781567,2942854.43754,6393090.61494,4266323.45212,9983741.35743,20991.3908591,4467021.95695,3259409.12613,3044940.11036,5546380.50841,6845242.77271,2846825.0621,2491945.40666,1828836.4227,1568830.09962,0.0,7.0,0.0,0.0,0.0,0.0,7.07999992371,13.0,225.370000154,155.120000184,162.300000042,305.800000668,95.380000025,114.300000042,9.0,0.0,2.46000000834,0.0,0.0,0.0,0.0,0.0,0.0,0.0,0.0,0.0,0.0,0.0,3.06254091692e+37,367456.5,382711.28125,374718.34375,399114.40625,390851.96875,407798.0625,425693.28125,416460.4375,435128.59375,445008.1875,455830.59375,466378.1875,478353.46875,490273.28125,502340.125,515003.0,527851.875,541908.25,556007.4375,571102.375,ADM1,3,3,BDI,BDI-ADM1-69449131B81952367,BI-MA,Makamba,ADM1
4,1158448.86542,9509.14809333,8976.71890561,117.921014427,541809.647573,526125.724599,3100483.71714,6991516.44802,596845.934529,8612206.20045,51693.1967498,4538821.24293,3867349.19438,3263658.48226,6213770.56016,5801574.00972,2840933.24462,2483861.69005,1819515.10763,1140177.23099,0.0,0.0,0.0,0.0,0.0,0.0,0.0,0.0,3.0,0.0,121.0,309.0,56.0,19.8000007868,0.0,0.0,0.0,1.0,0.0,0.0,0.0,0.0,0.0,0.0,0.0,0.0,0.0,0.0,255845.5625,264146.03125,282218.5,272956.6875,302067.1875,291791.75,312756.375,335883.8125,324050.59375,348352.78125,361624.71875,375407.65625,390051.21875,405083.75,421438.375,438572.4375,456533.625,475609.5,495635.46875,516846.1875,539057.0625,ADM1,4,4,BDI,BDI-ADM1-69449131B47793556,BI-RT,Rutana,ADM1
5,2128530.75217,2900.19104959,17629.5808285,231.587741254,459540.953902,7263533.38784,1793761.39087,6850966.18062,512900.805073,10013569.1563,18414.9913125,4499371.99034,3807061.12581,3285203.70736,6037817.6699,5745386.30626,2791130.28111,2444128.01126,1798046.79908,1132271.64675,0.0,0.0,0.0,0.0,0.0,0.0,0.0,0.0,0.0,0.0,0.0,44.0,7.0,16.0,4.0,0.0,0.0,0.0,0.0,0.0,0.0,0.0,0.0,0.0,0.0,0.0,0.0,0.0,177512.828125,183165.34375,194886.75,189028.28125,207438.5,201089.84375,213945.171875,228083.9375,220905.796875,235542.359375,243518.40625,251191.296875,259663.8125,267858.0,276578.25,285763.65625,295168.96875,305239.5,315395.0625,325939.96875,337035.34375,ADM1,5,5,BDI,BDI-ADM1-69449131B925865,BI-CA,Cankuzo,ADM1
6,1100172.39766,307.997609017,8907.98875255,117.018153431,5236019.23739,1008154.3239,948923.631833,8116513.7807,5721304.16687,7833996.53901,9304.8460474,7907141.59091,4289406.72549,3825263.78976,7113675.3855,2302834.64854,3462910.18965,3030112.86446,2217889.24946,1395967.10863,0.0,0.0,0.0,0.0,0.0,0.0,0.0,64.0,7.0,0.0,3.0,338.0,19.0,32.0,90.0,0.0,0.0,1.0,0.0,0.0,0.0,0.0,0.0,0.0,0.0,0.0,0.0,0.0,315570.75,325169.375,344952.125,334843.6875,366610.5625,355581.25,378308.6875,403171.0,390405.5,416463.1875,430521.3125,444981.6875,460502.75,476513.59375,493084.34375,510781.9375,528973.1875,548452.4375,568291.0,589683.0,611616.125,ADM1,6,6,BDI,BDI-ADM1-69449131B88501395,BI-RY,Ruyigi,ADM1
7,2098719.10882,0.0,0.0,0.0,199312.353083,7047933.55782,7696368.06878,5007467.61816,218319.222607,8466216.22455,1116.41443297,5011029.32933,3241090.64533,5726309.53624,4580370.70883,5917423.73945,1610246.96408,1406588.95765,1028696.8487,644345.494975,0.0,0.0,55.0,0.0,0.0,0.0,21.0,121.0,159.0,103.0,8.0,40.0,69.0,282.680000067,104.75999999,61.0,81.3599998951,35.7599999905,12.0,60.0,0.0,0.0,0.0,0.0,0.0,0.0,19.0,2.0,293516.59375,298539.6875,308899.625,303574.0625,319867.03125,314299.125,325726.6875,337402.5625,331301.75,343644.375,349499.75,356170.6875,362781.21875,369788.1875,377062.84375,384074.125,391323.9375,398787.0,406730.75,414627.875,422782.0,ADM1,7,7,BDI,BDI-ADM1-69449131B21301284,BI-BB,Bubanza,ADM1
8,2260818.03414,0.0,178633.137466,23138.034648,523307.392414,7464950.7742,5212427.81749,6290173.60318,394240.405969,10549251.8349,178765.531155,6133291.40549,3564340.42002,3114060.99926,5702202.5203,1991810.97079,2808409.5423,2271212.59158,1950325.67416,1618440.25538,0.0,0.0,88.0,61.0,0.0,29.0,32.0,1012.0000003,482.0,3.0,0.0,0.0,39.0,20.0,21.0,2.0,23.0,5.0,3.0,1.0,0.0,0.0,0.0,9.0,0.0,50.0,40.0,1.0,392473.21875,400205.0625,416206.125,408235.03125,432860.9375,424076.0,441562.28125,459587.125,449664.9375,468598.0,478054.25,489087.46875,499668.125,510224.125,521008.15625,531677.625,543351.0625,555095.875,567090.5625,579404.0625,592064.25,ADM1,8,8,BDI,BDI-ADM1-69449131B31117115,BI-CI,Cibitoke,ADM1
9,2274588.6023,0.0,66589.2771479,19927.0274972,315848.31049,574541.429979,3931058.14561,5521361.64715,278052.854085,7250787.95324,106254.294109,5390299.86846,3434147.3694,2615291.05512,5796121.15991,3111485.11989,2021604.22986,1731427.44868,1305577.55357,4223004.72972,0.0,0.0,0.0,0.0,0.0,0.0,26.0,14.0,0.0,16.0,17.0,8.0,6.0,1.0,24.0,0.0,2.0,2.0,0.0,3.0,0.0,0.0,0.0,0.0,9.0,0.0,19.0,0.0,472584.0,484611.34375,510226.0,497126.5,538661.375,524066.125,553782.5,586700.375,569857.9375,604397.375,623013.875,642405.625,662853.75,684338.375,706777.25,730485.875,755229.25,781288.25,808447.0,837282.875,867432.875,ADM1,9,9,BDI,BDI-ADM1-69449131B45952274,BI-KY,Kayanza,ADM1
10,1557367.21799,0.0,0.0,0.0,130149.268753,301985.236876,474795.496753,4035380.25388,142079.264238,8358575.02,0.0,4079940.14474,2899987.08066,1808039.08529,6966219.97155,4643536.61037,1606709.61762,917770.515888,669418.813282,7406910.80632,0.0,0.0,0.0,0.0,0.0,0.0,7.0,318.0,8.0,35.0,19.0,57.0,17.4199999571,52.0799999982,66.0,0.0,18.0,0.0,1.0,0.0,0.0,0.0,0.0,0.0,0.0,0.0,0.0,1.0,258009.0,262029.5625,270982.625,266357.6875,279888.375,275579.875,284954.875,294544.0,289717.625,299378.21875,304266.375,309562.625,314770.5,320612.1875,326307.53125,331910.03125,337813.625,343367.21875,349408.9375,355509.28125,361747.4375,ADM1,10,10,BDI,BDI-ADM1-69449131B63119840,BI-MU,Muramvya,ADM1
11,264041.433022,0.0,0.0,0.0,156881.6668,223938.74653,2768341.86588,4323971.96835,171262.059363,12467408.4268,0.0,4325222.39188,2943980.8139,1903446.30812,4345980.80937,4604126.35529,10629583.4285,1202545.44353,806916.091199,560916.855677,0.0,0.0,0.0,0.0,0.0,0.0,0.0,7.80999995768,0.0,0.0,0.0,30.0,64.0,0.0,6.0,0.0,0.0,0.0,0.0,0.0,0.0,0.0,0.0,0.0,0.0,0.0,0.0,0.0,231256.546875,235890.09375,245146.921875,240597.234375,255145.46875,249931.265625,259864.84375,270264.75,265090.96875,275796.34375,281463.84375,287126.625,292902.9375,298376.59375,304196.125,310220.25,316360.25,322918.75,329444.25,335955.8125,342844.59375,ADM1,11,11,BDI,BDI-ADM1-69449131B34687779,BI-MW,Mwaro,ADM1
12,2653187.67695,0.0,0.0,0.0,428235.526076,775275.281598,1010880.95648,7444120.93841,467489.284021,9252763.09513,0.0,7274633.3795,4155160.29398,3453055.98211,16157376.529,2347399.38708,5482252.55847,7393849.75991,1890051.65416,7666493.60521,0.0,0.0,0.0,0.0,0.0,0.0,0.0,1185.18999898,3.0,79.0,0.0,301.0,37.0,282.0,66.0,1.0,11.0,54.0,0.0,18.0,0.0,0.0,0.0,0.0,0.0,0.0,0.0,1.0,639193.6875,649418.125,670045.3125,659576.5625,691724.0,680734.4375,703129.0,726644.3125,714363.75,738440.5,750997.25,763500.5,776763.625,789630.9375,803908.4375,818051.25,831717.125,847143.625,861801.0,877767.0,892815.625,ADM1,12,12,BDI,BDI-ADM1-69449131B49479057,BI-GI,Gitega,ADM1
13,1074082.34311,0.0,0.0,0.0,340250.530678,7029820.52767,577554.411421,6005297.41454,371439.236795,5761216.20512,0.0,5896343.69937,3568694.23482,2832400.18642,5410264.25236,1565612.7404,2207429.66724,1937841.40474,1405902.00133,872501.84476,0.0,0.0,0.0,0.0,0.0,0.0,20.0,0.0,0.0,0.0,0.0,0.0,2.0,1.0,0.0,0.0,0.0,0.0,0.0,0.0,0.0,0.0,0.0,0.0,0.0,0.0,0.0,0.0,388909.375,393601.625,404485.6875,398927.25,416146.84375,410158.9375,422153.125,434911.4375,428510.9375,441774.125,448373.03125,455819.21875,462805.09375,470825.8125,478632.75,486562.8125,495162.09375,503215.6875,512623.40625,521288.65625,531451.75,ADM1,13,13,BDI,BDI-ADM1-69449131B30443545,BI-KR,Karuzi,ADM1
14,2292311.20932,0.0,288363.04526,4958.98456129,717505.113318,7795650.21291,4794128.03429,7075608.68061,494226.849683,12350373.8228,241921.891622,6801323.90413,3779926.76703,7176438.59509,6462755.09115,6262743.04828,3534268.67416,2764104.02029,2323247.34468,2724411.99368,0.0,0.0,0.0,0.0,0.0,0.0,0.0,20.0,0.0,0.0,0.0,0.0,0.0,0.0,0.0,0.0,0.0,0.0,1.0,0.0,0.0,0.0,0.0,0.0,0.0,0.0,0.0,0.0,inf,528452.4375,555036.125,541326.1875,583215.5,569027.625,598208.125,629292.6875,613555.4375,645666.75,662503.0,680148.125,698182.0625,716965.625,736089.125,756053.625,777051.125,798175.0,820322.875,842926.25,866633.5,ADM1,14,14,BDI,BDI-ADM1-69449131B67713830,BI-KI,Kirundo,ADM1
15,1238289.55083,5451.35086183,99032.492694,1642.99160007,455122.656265,1167177.59191,3055592.7753,6690375.71822,422735.391039,12644979.0263,83583.9946566,6541202.21929,3724230.29504,6645356.15915,6487807.47024,5757280.91332,2925900.9794,2426343.67992,1907016.18314,1381570.57361,0.0,0.0,0.0,0.0,0.0,0.0,432.0,0.0,126.0,0.0,0.0,0.0,0.0,11.0,0.0,0.0,0.0,0.0,0.0,0.0,0.0,0.0,0.0,0.0,0.0,0.0,0.0,0.0,3.40282346639e+37,505076.90625,533266.5,518427.65625,565841.25,549125.3125,583864.9375,624951.8125,603357.5625,647573.75,671666.1875,698178.75,725889.25,756516.9375,789633.875,824793.625,862707.75,903314.125,948317.625,995960.6875,1047460.8125,ADM1,15,15,BDI,BDI-ADM1-69449131B17284218,BI-MY,Muyinga,ADM1
16,2313618.20248,0.0,124475.484117,14868.8527264,430892.2473,948584.978842,742064.401363,6009391.38541,345618.544406,13032622.7512,107361.995726,3647065.12754,3512782.5535,2916475.37171,7880573.41082,5432146.56429,2490700.49476,6922595.60095,1620013.70452,1956354.94301,0.0,0.0,0.0,0.0,0.0,0.0,291.0,0.0,0.0,28.0,0.0,0.0,0.0,3.0,10.0,0.0,0.0,0.0,0.0,0.0,0.0,0.0,0.0,0.0,0.0,0.0,0.0,0.0,598654.25,602900.75,614208.5,608104.9375,627872.375,620750.25,635847.875,653710.0,644436.0625,663770.875,674514.625,686506.9375,698427.125,712029.5,725505.0,740726.875,757285.375,774058.4375,792824.5,811959.5,832801.0625,ADM1,16,16,BDI,BDI-ADM1-69449131B7204477,BI-NG,Ngozi,ADM1
