asdf_id,accessibility_to_cities_2015_v1.0.mean,accessibility_to_cities_2015_v1.0.max,accessibility_to_cities_2015_v1.0.min,access_50k.none.mean,access_50k.none.max,access_50k.none.min,Level,admin1Name,gqid,id,shapeGroup,shapeID,shapeISO,shapeName,shapeType
0,157.378923672,944.0,0.0,407.570807083,2150.0,0.0,CI-BS,Bas-Sassandra,0,0,CIV,CIV-ADM1-50440921B36497067,ADM1,Bas-Sassandra,ADM1
1,174.840560881,399.0,67.0,422.003629495,1008.0,184.0,CI-DN,Denguele,1,1,CIV,CIV-ADM1-50440921B91782267,ADM1,Denguele,ADM1
2,17.5406299937,142.0,0.0,93.956602113,598.0,0.0,CI-AB,District Autonome D'Abidjan,2,2,CIV,CIV-ADM1-50440921B88297474,ADM1,District Autonome D'Abidjan,ADM1
3,43.9548544527,170.0,0.0,96.9775624383,329.0,0.0,CI-YM,District Autonome De Yamoussoukro,3,3,CIV,CIV-ADM1-50440921B9500253,ADM1,District Autonome De Yamoussoukro,ADM1
4,84.007289019,390.0,0.0,180.453167015,683.0,0.0,CI-GD,Goh-Djiboua,4,4,CIV,CIV-ADM1-50440921B11931239,ADM1,Goh-Djiboua,ADM1
5,85.0970221078,276.0,0.0,186.08006506,778.0,0.0,CI-LC,Lacs,5,5,CIV,CIV-ADM1-50440921B28754641,ADM1,Lacs,ADM1
6,138.644658649,1051.0,0.0,382.905985061,2168.0,0.0,CI-MG,Montagnes,6,6,CIV,CIV-ADM1-50440921B85774629,ADM1,Montagnes,ADM1
7,80.4661080401,474.0,0.0,206.3469213,981.0,0.0,CI-SM,Sassandra-Marahoue,7,7,CIV,CIV-ADM1-50440921B32709945,ADM1,Sassandra-Marahoue,ADM1
8,97.2867854809,408.0,0.0,252.803951384,1074.0,0.0,CI-SV,Savanes,8,8,CIV,CIV-ADM1-50440921B99341844,ADM1,Savanes,ADM1
9,101.533968555,359.0,0.0,231.409183078,1137.0,0.0,CI-VB,Valle Du Bandama,9,9,CIV,CIV-ADM1-50440921B62986508,ADM1,Valle Du Bandama,ADM1
10,130.301232785,392.0,25.0,342.486429906,974.0,72.0,CI-WR,Woroba,10,10,CIV,CIV-ADM1-50440921B49666023,ADM1,Woroba,ADM1
11,149.86325199,528.0,0.0,377.716067551,1412.0,0.0,CI-ZZ,Zanzan,11,11,CIV,CIV-ADM1-50440921B41346230,ADM1,Zanzan,ADM1
12,93.8167540597,531.0,0.0,171.992405108,648.0,0.0,CI-LG,Lagunes,12,12,CIV,CIV-ADM1-50440921B33348156,ADM1,Lagunes,ADM1
13,94.3802274292,530.0,0.0,194.453515298,728.0,0.0,CI-CM,Comoe,13,13,CIV,CIV-ADM1-50440921B88312895,ADM1,Comoe,ADM1
