asdf_id,worldbank_geocodedresearchrelease_level1_v1_4_2.bf1de3f.sum,worldbank_geocodedresearchrelease_level1_v1_4_2.a4b4c97.sum,worldbank_geocodedresearchrelease_level1_v1_4_2.f99c939.sum,worldbank_geocodedresearchrelease_level1_v1_4_2.485401a.sum,worldbank_geocodedresearchrelease_level1_v1_4_2.c2de8df.sum,worldbank_geocodedresearchrelease_level1_v1_4_2.887790a.sum,worldbank_geocodedresearchrelease_level1_v1_4_2.653b730.sum,worldbank_geocodedresearchrelease_level1_v1_4_2.034e602.sum,worldbank_geocodedresearchrelease_level1_v1_4_2.6142400.sum,worldbank_geocodedresearchrelease_level1_v1_4_2.381e47f.sum,worldbank_geocodedresearchrelease_level1_v1_4_2.be4c261.sum,worldbank_geocodedresearchrelease_level1_v1_4_2.98af255.sum,worldbank_geocodedresearchrelease_level1_v1_4_2.993244c.sum,worldbank_geocodedresearchrelease_level1_v1_4_2.0cf8a0f.sum,worldbank_geocodedresearchrelease_level1_v1_4_2.c3898aa.sum,worldbank_geocodedresearchrelease_level1_v1_4_2.e9437ae.sum,worldbank_geocodedresearchrelease_level1_v1_4_2.56d6ad1.sum,worldbank_geocodedresearchrelease_level1_v1_4_2.a8d2793.sum,worldbank_geocodedresearchrelease_level1_v1_4_2.d56e944.sum,ucdp_deaths_171.1989.sum,ucdp_deaths_171.1990.sum,ucdp_deaths_171.1991.sum,ucdp_deaths_171.1992.sum,ucdp_deaths_171.1993.sum,ucdp_deaths_171.1994.sum,ucdp_deaths_171.1995.sum,ucdp_deaths_171.1996.sum,ucdp_deaths_171.1997.sum,ucdp_deaths_171.1998.sum,ucdp_deaths_171.1999.sum,ucdp_deaths_171.2000.sum,ucdp_deaths_171.2001.sum,ucdp_deaths_171.2002.sum,ucdp_deaths_171.2003.sum,ucdp_deaths_171.2004.sum,ucdp_deaths_171.2005.sum,ucdp_deaths_171.2006.sum,ucdp_deaths_171.2007.sum,ucdp_deaths_171.2008.sum,ucdp_deaths_171.2009.sum,ucdp_deaths_171.2010.sum,ucdp_deaths_171.2011.sum,ucdp_deaths_171.2012.sum,ucdp_deaths_171.2013.sum,ucdp_deaths_171.2014.sum,ucdp_deaths_171.2015.sum,ucdp_deaths_171.2016.sum,worldpop_pop_count_1km_mosaic.2000.sum,worldpop_pop_count_1km_mosaic.2001.sum,worldpop_pop_count_1km_mosaic.2003.sum,worldpop_pop_count_1km_mosaic.2002.sum,worldpop_pop_count_1km_mosaic.2005.sum,worldpop_pop_count_1km_mosaic.2004.sum,worldpop_pop_count_1km_mosaic.2006.sum,worldpop_pop_count_1km_mosaic.2008.sum,worldpop_pop_count_1km_mosaic.2007.sum,worldpop_pop_count_1km_mosaic.2009.sum,worldpop_pop_count_1km_mosaic.2010.sum,worldpop_pop_count_1km_mosaic.2011.sum,worldpop_pop_count_1km_mosaic.2012.sum,worldpop_pop_count_1km_mosaic.2013.sum,worldpop_pop_count_1km_mosaic.2014.sum,worldpop_pop_count_1km_mosaic.2015.sum,worldpop_pop_count_1km_mosaic.2016.sum,worldpop_pop_count_1km_mosaic.2017.sum,worldpop_pop_count_1km_mosaic.2018.sum,worldpop_pop_count_1km_mosaic.2019.sum,worldpop_pop_count_1km_mosaic.2020.sum,Level,gqid,shapeGroup,shapeID,shapeISO,shapeName,shapeType
0,0.0,0.0,0.0,0.0,0.0,0.0,0.0,0.0,0.0,0.0,0.0,0.0,0.0,0.0,0.0,0.0,0.0,12694.8443979,4557.35020468,0.0,0.0,0.0,0.0,0.0,0.0,0.0,0.0,61.0,18.0,0.0,0.0,0.0,0.0,0.0,0.0,0.0,0.0,0.0,15.0,1.0,140.0,103.0,0.0,21.0,55.0,39.0,44.0,78938.109375,71813.078125,74853.296875,72233.171875,85048.421875,80725.046875,77387.421875,73759.203125,76794.9296875,73951.25,75095.375,72425.296875,76921.609375,77372.25,76965.59375,77752.640625,78233.046875,76732.015625,78041.59375,78050.5625,77772.765625,ADM1,0,SDN,SDN-ADM1-26471942B88867350,N/A,Abyei PCA,ADM1
1,0.0,0.0,0.0,0.0,0.0,0.0,0.0,0.0,0.0,0.0,0.0,0.0,0.0,0.0,0.0,0.0,0.0,0.0,0.0,0.0,0.0,0.0,0.0,0.0,0.0,0.0,0.0,0.0,0.0,0.0,0.0,0.0,0.0,0.0,0.0,0.0,0.0,0.0,0.0,0.0,0.0,0.0,3.0,0.0,0.0,0.0,0.0,3089218.81653,3146185.71716,3263907.948,3204662.13708,3386462.84851,3324901.02502,3448619.82056,3577566.36487,3512850.65405,3642867.33496,3711613.521,3779890.01294,3847008.05005,3918977.90308,3990841.96887,4065484.97827,4140193.77393,4217580.75977,4295791.12183,4374695.34961,4455653.77661,ADM1,1,SDN,SDN-ADM1-26471942B51960613,SD-GZ,Gezira,ADM1
2,37761.8600691,131278.301926,0.0,113085.264938,132274.316206,87772.7374485,150283.169699,24652.0709987,213135.080171,0.0,275099.400136,135997.9515,167409.360113,200693.797955,47678.0849411,150821.734802,712101.204345,178271.922025,532419.458414,152.0,NA,NA,NA,NA,NA,NA,12.0,1020.0,1372.6000012755394,606.0,758.6000024080276,582.0,5.0,NA,NA,NA,NA,NA,NA,NA,NA,37.0,249.0,77.0,13.0,153.80000001192093,165.80000001192093,inf,663001.300781,707338.224121,684686.688965,754460.853516,730668.88623,779368.063965,831473.80127,805103.856445,858789.041504,886544.291016,915967.204102,946063.568359,977123.274414,1009313.53711,1042464.88818,1076715.9707,1112145.21973,1148637.05469,1186393.24414,1225184.70898,ADM1,2,SDN,SDN-ADM1-26471942B91082353,SD-NB,Blue Nile,ADM1
3,5040.64225742,7366.04895105,4581.17778513,960.359871152,4994.88460459,7180.76419017,0.0,13827.3526744,4186.37346304,0.0,0.0,1458.62493291,0.0,0.0,253.816742491,4166.17116712,20204.4831133,302.537673079,10562.556995,1500.0,NA,NA,NA,NA,NA,23.0,60.0,NA,50.0,120.0,NA,NA,NA,652.0,1953.760000050068,276.0,76.99999991059303,2.0,69.0,92.0,257.4000000655651,47.0,7.0,348.0,144.7999997138977,344.0,669.7400000989437,502054.498779,501981.040283,500647.358887,501066.159668,500355.499268,499753.631592,501441.134766,499808.064941,499224.29248,498106.592773,498616.75,500342.02832,498627.359863,497528.663574,501086.747559,502516.980957,500745.300049,500226.066406,500585.196289,500295.599854,498704.020996,ADM1,3,SDN,SDN-ADM1-26471942B3923818,SD-DC,Central Darfur,ADM1
4,0.0,0.0,0.0,0.0,0.0,0.0,0.0,0.0,0.0,0.0,0.0,0.0,0.0,0.0,0.0,0.0,0.0,26701.3226013,13885.6431783,NA,NA,NA,NA,NA,NA,NA,NA,NA,NA,NA,NA,NA,NA,NA,512.0,179.0,132.0,150.0,168.0,193.0,302.0,NA,2.0,251.0,447.0,276.0,30.0,895252.793945,937384.042969,1022887.81836,979501.783203,1114996.51367,1066238.4043,1164310.7168,1270487.2334,1214475.56641,1321322.38281,1381377.30078,1440899.13281,1503854.82617,1565916.8457,1634278.12695,1704216.13672,1781756.7793,1860358.08984,1939980.82812,2028546.57422,2118624.10938,ADM1,4,SDN,SDN-ADM1-26471942B82453041,SD-DE,East Darfur,ADM1
5,10206.8391666,32824.0718393,0.0,68719.7847738,79583.0882601,48547.7526797,64075.1273709,26550.7056683,160658.237429,0.0,133043.302628,2253323.26144,154533.0809,248682.632751,147708.149089,82009.6927406,369333.384274,63704.799,182827.48547,NA,37.0,NA,NA,NA,NA,NA,6.0,55.0,78.75,15.0,NA,NA,NA,NA,NA,NA,NA,NA,NA,NA,NA,NA,NA,NA,NA,NA,NA,inf,1250121.01562,1276895.90625,1263432.82812,1304375.75,1290751.90625,1318574.25,1347135.40625,1332863.59375,1362622.28125,1377257.875,1392234.25,1406823.20312,1421995.42188,1437746.3125,1453634.65625,1469373.60938,1484953.75,1501153.71875,1517299.0625,1533477.15625,ADM1,5,SDN,SDN-ADM1-26471942B11858188,SD-GD,Gedaref,ADM1
6,449.24576194,16778.1732596,42082.4728376,160229.298111,237517.938828,2694.79388572,166685.850633,156378.262383,15646.0516797,60906.3214153,4695.32619096,4885.25238305,10710.5140208,8439.33196896,4493.9342215,1893.45313913,12772.9777729,1891.58046516,126145.194324,NA,NA,NA,NA,NA,NA,NA,127.50000011920929,77.0,276.960000038147,277.0,909.0,51.0,NA,NA,NA,NA,NA,NA,NA,NA,NA,NA,NA,NA,NA,NA,NA,inf,1502567.71094,1578984.75,1540252.46875,1659009.80469,1618325.10156,1700418.57812,1787013.34375,1743305.10156,1831753.3125,1877605.55469,1924786.15625,1972253.34375,2021827.57812,2072828.36719,2124752.96094,2178052.75,2232634.17188,2288702.875,2346244.90625,2404727.0,ADM1,6,SDN,SDN-ADM1-26471942B90817386,SD-KA,Kassala,ADM1
7,0.0,0.0,0.0,0.0,0.0,0.0,0.0,0.0,0.0,0.0,0.0,0.0,0.0,0.0,0.0,0.0,0.0,0.0,0.0,0.0,0.0,0.0,15.0,0.0,0.0,0.0,0.0,0.0,1.0,40.0,0.0,2.0,0.0,0.0,0.0,112.0,1.0,11.0,342.0,0.0,0.0,1.0,0.0,0.0,2.0,0.0,0.0,inf,4356725.65234,4599954.66797,4477154.77344,4856013.37109,4725651.61719,4989599.58594,5267608.01172,5126248.30078,5411613.45312,5560566.72656,5713360.54297,5870308.02344,6030814.91016,6197998.6875,6366931.5625,6542366.51562,6721814.01562,6905780.74219,7096055.29688,7290838.28906,ADM1,7,SDN,SDN-ADM1-26471942B11096066,SD-KH,Khartoum,ADM1
8,6889.86738895,10068.3797543,6261.84240278,1312.68037286,6827.32294641,9815.12087052,0.0,18900.096734,5722.19898338,0.0,0.0,1993.74044908,0.0,0.0,346.932713641,5694.5852126,0.0,413.527550901,3391.15146743,725.0,720.8000005483627,NA,NA,NA,NA,NA,106.0,NA,37.0,NA,NA,210.0,24.0,2154.0,1822.0,366.0,587.0,106.0,178.0,70.0,271.8000009059906,66.89999997615814,378.0,392.0,546.0,424.0,107.69999957084656,1534822.33545,1598160.7312,1732029.21582,1663864.11816,1876797.12939,1802762.51367,1953826.99561,2116788.92871,2033831.85547,2203920.81055,2294352.0791,2389045.58496,2487989.6792,2589959.83984,2695778.34814,2806171.08594,2921425.73975,3041505.45605,3165857.91602,3296103.68652,3431702.12646,ADM1,8,SDN,SDN-ADM1-26471942B1690804,SD-DN,North Darfur,ADM1
9,0.0,0.0,0.0,0.0,0.0,0.0,0.0,0.0,0.0,0.0,0.0,0.0,0.0,0.0,0.0,0.0,0.0,0.0,0.0,NA,NA,421.0,519.0,9.0,NA,118.0,5.0,NA,NA,133.0,NA,NA,NA,NA,NA,NA,20.0,NA,NA,NA,NA,31.0,34.0,20.0,2.0,4.0,1.0,inf,1682915.57031,1776702.94531,1729080.63281,1875867.84375,1825625.63281,1927392.32031,2035013.69531,1980179.53125,2091044.16406,2148142.33594,2206636.39844,2267051.21094,2329304.90625,2393157.10938,2459430.45312,2526754.69531,2596225.79688,2668094.28125,2741171.65625,2816168.54688,ADM1,9,SDN,SDN-ADM1-26471942B69992162,SD-KN,North Kordofan,ADM1
10,0.0,10932.7084706,140.752006003,8616.00257694,1097.08889237,0.0,295.055027386,45.4108186127,0.0,666.060194257,28423.8594019,0.0,25052.7923235,34234.8943943,42334.8970343,0.0,9424.62114202,0.0,44077.7854169,NA,NA,NA,NA,NA,NA,NA,NA,NA,NA,NA,NA,NA,NA,NA,NA,NA,NA,8.0,NA,NA,NA,NA,NA,NA,1.0,NA,NA,inf,604308.605957,629966.234314,616997.375061,656760.718079,643251.282654,670574.371948,699034.282288,684654.35968,713736.930298,728703.322571,744038.803467,759741.488281,775718.268433,791989.46405,808642.740967,825650.494629,842989.102905,860745.879395,878768.264648,897276.506287,ADM1,10,SDN,SDN-ADM1-26471942B6749338,SD-NO,Northern,ADM1
11,0.0,73542.6360435,9435.73972573,168881.216606,131660.400512,1320.14941653,142098.647767,108244.796012,7551.45515776,55792.4364685,172844.745908,0.0,156206.09935,208181.497773,290541.360082,0.0,57310.8747669,0.0,45054.5890911,NA,NA,NA,NA,NA,NA,NA,NA,28.0,16.899999976158142,20.0,4.0,NA,NA,NA,NA,NA,NA,NA,NA,NA,NA,NA,NA,NA,NA,NA,NA,inf,1004531.56415,1103924.90588,1053276.41693,1212746.71497,1157275.37744,1272002.19507,1397435.81671,1332970.91248,1465826.06616,1537447.33386,1611446.65991,1689123.55444,1770341.32886,1856485.31616,1945393.71118,2040633.35205,2139523.61914,2242946.56763,2351510.50916,2465240.32031,ADM1,11,SDN,SDN-ADM1-26471942B89754425,SD-RS,Red Sea,ADM1
12,0.0,6186.64414831,80.8734452868,4732.74557357,550.402817758,0.0,169.533048171,26.09219903,0.0,382.705612571,16331.812977,0.0,14394.8614786,19670.7239727,24745.6199924,0.0,5415.20937372,0.0,22491.9280482,NA,NA,NA,NA,NA,NA,NA,NA,NA,NA,NA,NA,NA,NA,NA,NA,NA,NA,NA,NA,NA,NA,NA,NA,NA,NA,NA,NA,921666.776642,944303.092529,990071.523315,966766.931946,1039319.62604,1014423.67392,1065392.15427,1118048.97804,1091342.08592,1145540.61957,1173336.72403,1202518.48459,1231441.49333,1261523.67168,1292097.48038,1324112.27728,1356197.19077,1389096.74252,1423171.34134,1457469.65491,1493323.05145,ADM1,12,SDN,SDN-ADM1-26471942B80268870,SD-NR,River Nile,ADM1
13,5261.0024345,17209.3926519,0.0,25263.5948419,33648.902196,22163.8992346,27817.5583858,8268.66956865,63311.8207844,0.0,57046.4113617,53341.59511,52090.6345903,84635.69755,50373.992006,37765.0631973,155566.698197,36330.9132183,105572.299582,NA,NA,NA,NA,NA,NA,NA,NA,NA,NA,49.0,NA,NA,NA,NA,NA,NA,NA,NA,NA,NA,NA,NA,NA,NA,NA,NA,NA,3.40282346639e+38,1131617.06934,1173410.23633,1152196.80469,1216701.56738,1194916.78711,1239200.2959,1285190.62109,1261960.94629,1309476.19824,1332568.11133,1357237.38184,1383865.53809,1409226.25098,1434963.5957,1461152.66406,1488164.7207,1515335.11133,1543498.72266,1572034.13086,1601189.13672,ADM1,13,SDN,SDN-ADM1-26471942B2883900,SD-SI,Sennar,ADM1
14,378.811913887,553.569755288,344.282461642,72.1725014855,7521.85744709,15390.3412841,0.0,1039.14653393,314.612317795,0.0,62956.1239174,109.617876902,5766.3715662,3618.06606958,9716.1667529,313.094084603,1518.39756253,15124.2718467,33772.0822539,40.0,NA,NA,NA,NA,NA,NA,15.0,NA,42.0,NA,NA,NA,54.0,286.0,1503.2399999946356,261.0,466.0,524.0,163.0,104.0,402.59999895095825,131.0,48.0,597.0,172.0,846.0,560.559999987483,2026874.78906,2113004.21094,2296950.17188,2203196.75,2496573.29688,2395417.25781,2602223.125,2830904.16406,2715326.95312,2953156.80469,3079558.125,3209997.95312,3349165.58594,3493797.50781,3640074.3125,3795488.40625,3960759.58594,4132298.125,4310144.82812,4496164.125,4692220.70312,ADM1,14,SDN,SDN-ADM1-26471942B86275988,SD-DS,South Darfur,ADM1
15,0.0,0.0,0.0,0.0,0.0,0.0,0.0,0.0,0.0,0.0,0.0,0.0,0.0,0.0,0.0,0.0,0.0,77494.9641983,184188.482509,189.0,373.0,359.0,933.0,40.0,467.0,211.0,2.0,50.0,156.0,69.0,74.0,66.0,6.0,NA,25.0,NA,NA,NA,NA,244.0,NA,331.0,746.0,99.0,200.0,429.0,330.0,862873.375,865051.46875,867790.390625,866333.742188,870229.398438,868617.03125,871325.140625,873568.210938,872316.515625,874868.351562,876594.320312,877510.703125,878946.476562,880747.492188,881980.140625,883466.242188,884545.046875,885711.660156,887511.3125,888949.53125,890417.570312,ADM1,15,SDN,SDN-ADM1-26471942B97861395,SD-KS,South Kordofan,ADM1
16,13710.9772324,20036.2819464,12461.1946458,2612.26083023,13586.5125106,19532.29158,0.0,47301.4048883,11387.2931874,0.0,0.0,3967.58433238,0.0,0.0,690.403206529,11332.3412179,18080.0373501,822.92829677,13980.2877404,0.0,0.0,0.0,0.0,0.0,0.0,0.0,2.0,0.0,50.0,180.0,0.0,0.0,0.0,1676.5999994277954,321.60000345110893,99.55999994277954,605.8999997973442,13.0,170.0,0.0,121.0,0.0,0.0,0.0,3.0,17.0,57.0,756317.796875,755295.953125,753650.15625,754974.390625,753131.015625,753007.984375,752565.5625,751215.21875,751034.8125,750228.390625,750872.0,749936.875,747358.1875,746641.40625,747180.078125,746262.265625,745699.53125,745475.21875,744828.65625,744700.84375,743647.8125,ADM1,16,SDN,SDN-ADM1-26471942B93854462,SD-DW,West Darfur,ADM1
17,0.0,0.0,0.0,0.0,0.0,0.0,0.0,0.0,0.0,0.0,0.0,0.0,0.0,0.0,0.0,0.0,0.0,24016.8718509,5970.45642162,2.0,NA,NA,20.0,108.0,NA,NA,NA,NA,NA,NA,NA,NA,NA,NA,8.0,NA,67.0,60.0,NA,2.0,2.0,13.0,58.0,121.0,324.0,7.0,2.0,1197905.07031,1224066.94141,1264386.9375,1244532.96094,1301394.82031,1283268.90625,1333324.01953,1386325.35156,1359944.91016,1417793.91406,1441871.44141,1473700.58203,1498655.69531,1532072.05469,1563512.79297,1596446.84375,1625839.53516,1660523.05469,1695876.64453,1728003.85938,1763475.14062,ADM1,17,SDN,SDN-ADM1-26471942B97552203,SD-GK,West Kordofan,ADM1
18,0.0,0.0,0.0,0.0,0.0,0.0,0.0,0.0,0.0,0.0,0.0,0.0,0.0,0.0,0.0,0.0,0.0,5557.06143519,16688.6968615,1000.0,NA,NA,NA,NA,NA,NA,NA,NA,NA,NA,NA,NA,NA,NA,NA,NA,NA,NA,NA,NA,NA,25.0,NA,NA,NA,NA,NA,inf,1474177.25,1543301.75,1508011.875,1615358.875,1579015.75,1653290.0625,1731046.3125,1691732.4375,1771342.75,1812000.3125,1854443.5625,1897354.875,1941450.125,1986717.25,2032997.0625,2079745.125,2128236.5,2177183.4375,2228096.625,2279343.25,ADM1,18,SDN,SDN-ADM1-26471942B53073919,SD-NW,White Nile,ADM1
