asdf_id,worldbank_geocodedresearchrelease_level1_v1_4_2.bf1de3f.sum,worldbank_geocodedresearchrelease_level1_v1_4_2.a4b4c97.sum,worldbank_geocodedresearchrelease_level1_v1_4_2.f99c939.sum,worldbank_geocodedresearchrelease_level1_v1_4_2.485401a.sum,worldbank_geocodedresearchrelease_level1_v1_4_2.a127a6e.sum,worldbank_geocodedresearchrelease_level1_v1_4_2.c2de8df.sum,worldbank_geocodedresearchrelease_level1_v1_4_2.887790a.sum,worldbank_geocodedresearchrelease_level1_v1_4_2.653b730.sum,worldbank_geocodedresearchrelease_level1_v1_4_2.034e602.sum,worldbank_geocodedresearchrelease_level1_v1_4_2.6142400.sum,worldbank_geocodedresearchrelease_level1_v1_4_2.381e47f.sum,worldbank_geocodedresearchrelease_level1_v1_4_2.be4c261.sum,worldbank_geocodedresearchrelease_level1_v1_4_2.98af255.sum,worldbank_geocodedresearchrelease_level1_v1_4_2.993244c.sum,worldbank_geocodedresearchrelease_level1_v1_4_2.0cf8a0f.sum,worldbank_geocodedresearchrelease_level1_v1_4_2.c3898aa.sum,worldbank_geocodedresearchrelease_level1_v1_4_2.e9437ae.sum,worldbank_geocodedresearchrelease_level1_v1_4_2.56d6ad1.sum,worldbank_geocodedresearchrelease_level1_v1_4_2.a8d2793.sum,worldbank_geocodedresearchrelease_level1_v1_4_2.d56e944.sum,ucdp_deaths_171.1989.sum,ucdp_deaths_171.1990.sum,ucdp_deaths_171.1991.sum,ucdp_deaths_171.1992.sum,ucdp_deaths_171.1993.sum,ucdp_deaths_171.1994.sum,ucdp_deaths_171.1995.sum,ucdp_deaths_171.1996.sum,ucdp_deaths_171.1997.sum,ucdp_deaths_171.1998.sum,ucdp_deaths_171.1999.sum,ucdp_deaths_171.2000.sum,ucdp_deaths_171.2001.sum,ucdp_deaths_171.2002.sum,ucdp_deaths_171.2003.sum,ucdp_deaths_171.2004.sum,ucdp_deaths_171.2005.sum,ucdp_deaths_171.2006.sum,ucdp_deaths_171.2007.sum,ucdp_deaths_171.2008.sum,ucdp_deaths_171.2009.sum,ucdp_deaths_171.2010.sum,ucdp_deaths_171.2011.sum,ucdp_deaths_171.2012.sum,ucdp_deaths_171.2013.sum,ucdp_deaths_171.2014.sum,ucdp_deaths_171.2015.sum,ucdp_deaths_171.2016.sum,worldpop_pop_count_1km_mosaic.2000.sum,worldpop_pop_count_1km_mosaic.2001.sum,worldpop_pop_count_1km_mosaic.2003.sum,worldpop_pop_count_1km_mosaic.2002.sum,worldpop_pop_count_1km_mosaic.2005.sum,worldpop_pop_count_1km_mosaic.2004.sum,worldpop_pop_count_1km_mosaic.2006.sum,worldpop_pop_count_1km_mosaic.2008.sum,worldpop_pop_count_1km_mosaic.2007.sum,worldpop_pop_count_1km_mosaic.2009.sum,worldpop_pop_count_1km_mosaic.2010.sum,worldpop_pop_count_1km_mosaic.2011.sum,worldpop_pop_count_1km_mosaic.2012.sum,worldpop_pop_count_1km_mosaic.2013.sum,worldpop_pop_count_1km_mosaic.2014.sum,worldpop_pop_count_1km_mosaic.2015.sum,worldpop_pop_count_1km_mosaic.2016.sum,worldpop_pop_count_1km_mosaic.2017.sum,worldpop_pop_count_1km_mosaic.2018.sum,worldpop_pop_count_1km_mosaic.2019.sum,worldpop_pop_count_1km_mosaic.2020.sum,Level,gqid,shapeGroup,shapeID,shapeISO,shapeName,shapeType
0,466139.355095,0.0,12223499.4094,38246.416734,3012770.3138,11713453.2921,8129779.82354,3192557.64536,1059638.5373,2924579.64839,26998562.6464,3157998.96314,1286504.60132,9391973.54297,4906886.1207,3588912.42955,9954791.84216,3540846.84407,5105366.30951,8965867.69966,0.0,205.299999714,0.0,302.0,2.0,175615.830791,0.0,15.3699991703,1231.9999342,0.0,0.0,0.0,0.0,0.0,0.0,0.0,0.0,0.0,0.0,0.0,0.0,0.0,0.0,0.0,3.0,0.0,0.0,0.0,718412.9375,741405.5,791563.5625,765653.25,850464.0,819970.625,882738.75,954726.75,917295.5625,995021.375,1038271.125,1083962.875,1132865.875,1185792.5,1242567.125,1303718.25,1369580.875,1440150.875,1515680.625,1597653.5,1685470.125,ADM1,0,RWA,RWA-ADM1-91480417B9677968,RW-01,City of Kigali,ADM1
1,22257266.7769,0.0,37253447.8424,2895227.32173,24135625.0011,21569892.1352,28075763.3899,26049304.114,8505778.31208,31548861.1596,24053906.0724,16149790.7575,4299557.66413,25657796.3779,51252537.4514,29052133.9878,55582409.9443,28500321.9173,46667845.5555,78935082.8014,0.0,4.69999998808,0.0,0.0,0.0,260322.159616,4014.0,28.6299999654,1137.99999726,541.0,0.0,0.0,0.0,0.0,0.0,0.0,0.0,0.0,0.0,0.0,0.0,0.0,0.0,0.0,0.0,0.0,0.0,0.0,1967918.75,2011060.5,2100725.0,2055612.5,2197177.5,2147950.5,2247091.5,2352899.0,2299089.5,2408710.5,2466257.0,2525338.5,2587617.5,2650839.75,2717087.0,2784801.0,2855134.75,2928317.5,3002923.0,3081581.5,3162869.25,ADM1,1,RWA,RWA-ADM1-91480417B48061901,RW-05,Southern Province,ADM1
2,21767200.8149,7758.57007012,10025837.5611,1692350.24865,13171602.8517,15200188.707,18308832.7549,19738435.345,4729966.74346,16403037.1195,13226968.2311,9124257.22424,5993237.45381,13868228.749,22020228.8414,15857574.6562,47044916.6079,15486308.6256,26173791.9182,37209267.5545,0.0,205.0,623.0,54.0,313.0,396.0,0.0,62.0,790.000003219,429.0,0.19999999553,0.0,95.0,0.0,0.0,0.0,0.0,0.0,0.0,0.0,0.0,0.0,0.0,1.0,0.0,0.0,0.0,0.0,inf,1551181.625,1576937.25,1563551.625,1605446.0,1591064.0,1621557.25,1654813.25,1638322.0,1673156.0,1691472.5,1711061.375,1731118.75,1753255.25,1775524.625,1800075.75,1823331.75,1849512.5,1877133.0,1904535.125,1933218.5,ADM1,2,RWA,RWA-ADM1-91480417B56285357,RW-03,Northern Province,ADM1
3,22599603.0143,42661.6243905,27893851.2305,530111.825057,37758374.782,31757418.5577,48256556.9908,58738218.6788,13431789.3724,43201419.6878,23738598.0161,21656571.9299,5280272.93148,39973831.8221,76330641.5122,46754380.342,97878711.233,44456563.7264,73347592.0589,117245480.516,0.0,1580.36000061,51.0,498.309999764,283.0,28552.0,0.0,47.0,0.0,8.0,0.0,0.0,0.0,0.0,0.0,0.0,0.0,0.0,0.0,0.0,0.0,0.0,0.0,0.0,0.0,0.0,0.0,0.0,inf,1633211.125,1767750.625,1698621.75,1916652.875,1839831.875,1997667.625,2174283.25,2083663.875,2269592.75,2370797.5,2478534.25,2592127.25,2713244.25,2842117.5,2977298.25,3123357.25,3277800.25,3442363.0,3618496.75,3806733.0,ADM1,3,RWA,RWA-ADM1-91480417B19767017,RW-02,Eastern Province,ADM1
4,880529.671627,0.0,37655868.7674,1632228.89497,23394124.0487,16834736.5318,15523835.7682,25936717.6973,10663684.5848,27458175.2962,23368106.6813,15047413.5485,5739328.21939,26765970.4838,45956885.5087,28582263.2027,59510802.1013,27548370.6536,48133869.9518,87458979.4367,0.0,648.0,428.0,85.0,361.0,36975.0,127.0,156.0,1524.00000125,759.0,29.0,0.0,1941.80000007,0.0,0.0,16.0,0.0,0.0,0.0,0.0,2.0,0.0,1.0,14.5000000596,1.30000001192,0.0,0.0,0.0,inf,2014833.5,2088904.125,2050868.5,2164770.75,2125834.0,2204478.0,2289572.5,2246024.5,2334167.5,2379256.0,2428905.0,2478095.75,2531214.0,2583737.0,2639871.0,2697420.5,2757818.5,2818819.5,2883744.0,2949075.25,ADM1,4,RWA,RWA-ADM1-91480417B62519517,RW-04,Western Province,ADM1
