asdf_id,accessibility_to_cities_2015_v1.0.mean,accessibility_to_cities_2015_v1.0.max,accessibility_to_cities_2015_v1.0.min,access_50k.none.mean,access_50k.none.max,access_50k.none.min,Level,gqid,shapeGroup,shapeID,shapeISO,shapeName,shapeType
0,228.5175175,807.0,0.0,351.746712468,1589.0,0.0,ADM1,0,MOZ,MOZ-ADM1-27363107B59228821,MZ-P,Cabo Delgado,ADM1
1,107.524492912,410.0,0.0,310.989357747,1305.0,0.0,ADM1,1,MOZ,MOZ-ADM1-27363107B53711247,MZ-N,Nampula,ADM1
2,314.810102377,870.0,0.0,403.868095253,2001.0,0.0,ADM1,2,MOZ,MOZ-ADM1-27363107B67951769,MZ-A,Niassa,ADM1
3,296.970924865,788.0,0.0,406.831476153,1787.0,0.0,ADM1,3,MOZ,MOZ-ADM1-27363107B39304968,MZ-G,Gaza,ADM1
4,190.159700699,651.0,0.0,473.744256913,1864.0,0.0,ADM1,4,MOZ,MOZ-ADM1-27363107B88125647,MZ-I,Inhambane,ADM1
5,182.221587953,573.0,0.0,395.858800521,1734.0,0.0,ADM1,5,MOZ,MOZ-ADM1-27363107B36132920,MZ-B,Manica,ADM1
6,126.060450082,389.0,0.0,237.191394282,1160.0,0.0,ADM1,6,MOZ,MOZ-ADM1-27363107B486506,MZ-L,Maputo,ADM1
7,158.438095825,627.0,0.0,375.905963244,1716.0,0.0,ADM1,7,MOZ,MOZ-ADM1-27363107B26140273,MZ-S,Sofala,ADM1
8,266.380673361,996.0,0.0,415.435354897,1538.0,0.0,ADM1,8,MOZ,MOZ-ADM1-27363107B92745796,MZ-T,Tete,ADM1
9,108.055446684,523.0,0.0,432.171933408,1821.0,0.0,ADM1,9,MOZ,MOZ-ADM1-27363107B80685564,MZ-Q,Zambézia,ADM1
