asdf_id,worldbank_geocodedresearchrelease_level1_v1_4_2.bf1de3f.sum,worldbank_geocodedresearchrelease_level1_v1_4_2.f99c939.sum,worldbank_geocodedresearchrelease_level1_v1_4_2.485401a.sum,worldbank_geocodedresearchrelease_level1_v1_4_2.c2de8df.sum,worldbank_geocodedresearchrelease_level1_v1_4_2.887790a.sum,worldbank_geocodedresearchrelease_level1_v1_4_2.653b730.sum,worldbank_geocodedresearchrelease_level1_v1_4_2.034e602.sum,worldbank_geocodedresearchrelease_level1_v1_4_2.6142400.sum,worldbank_geocodedresearchrelease_level1_v1_4_2.381e47f.sum,worldbank_geocodedresearchrelease_level1_v1_4_2.be4c261.sum,worldbank_geocodedresearchrelease_level1_v1_4_2.98af255.sum,worldbank_geocodedresearchrelease_level1_v1_4_2.993244c.sum,worldbank_geocodedresearchrelease_level1_v1_4_2.0cf8a0f.sum,worldbank_geocodedresearchrelease_level1_v1_4_2.c3898aa.sum,worldbank_geocodedresearchrelease_level1_v1_4_2.e9437ae.sum,worldbank_geocodedresearchrelease_level1_v1_4_2.56d6ad1.sum,worldbank_geocodedresearchrelease_level1_v1_4_2.a8d2793.sum,worldbank_geocodedresearchrelease_level1_v1_4_2.d56e944.sum,ucdp_deaths_171.1989.sum,ucdp_deaths_171.1990.sum,ucdp_deaths_171.1991.sum,ucdp_deaths_171.1992.sum,ucdp_deaths_171.1993.sum,ucdp_deaths_171.1994.sum,ucdp_deaths_171.1995.sum,ucdp_deaths_171.1996.sum,ucdp_deaths_171.1997.sum,ucdp_deaths_171.1998.sum,ucdp_deaths_171.1999.sum,ucdp_deaths_171.2000.sum,ucdp_deaths_171.2001.sum,ucdp_deaths_171.2002.sum,ucdp_deaths_171.2003.sum,ucdp_deaths_171.2004.sum,ucdp_deaths_171.2005.sum,ucdp_deaths_171.2006.sum,ucdp_deaths_171.2007.sum,ucdp_deaths_171.2008.sum,ucdp_deaths_171.2009.sum,ucdp_deaths_171.2010.sum,ucdp_deaths_171.2011.sum,ucdp_deaths_171.2012.sum,ucdp_deaths_171.2013.sum,ucdp_deaths_171.2014.sum,ucdp_deaths_171.2015.sum,ucdp_deaths_171.2016.sum,worldpop_pop_count_1km_mosaic.2000.sum,worldpop_pop_count_1km_mosaic.2001.sum,worldpop_pop_count_1km_mosaic.2003.sum,worldpop_pop_count_1km_mosaic.2002.sum,worldpop_pop_count_1km_mosaic.2005.sum,worldpop_pop_count_1km_mosaic.2004.sum,worldpop_pop_count_1km_mosaic.2006.sum,worldpop_pop_count_1km_mosaic.2008.sum,worldpop_pop_count_1km_mosaic.2007.sum,worldpop_pop_count_1km_mosaic.2009.sum,worldpop_pop_count_1km_mosaic.2010.sum,worldpop_pop_count_1km_mosaic.2011.sum,worldpop_pop_count_1km_mosaic.2012.sum,worldpop_pop_count_1km_mosaic.2013.sum,worldpop_pop_count_1km_mosaic.2014.sum,worldpop_pop_count_1km_mosaic.2015.sum,worldpop_pop_count_1km_mosaic.2016.sum,worldpop_pop_count_1km_mosaic.2017.sum,worldpop_pop_count_1km_mosaic.2018.sum,worldpop_pop_count_1km_mosaic.2019.sum,worldpop_pop_count_1km_mosaic.2020.sum,Level,gqid,id,shapeGroup,shapeID,shapeISO,shapeName,shapeType
0,455020.784814,0.0,0.0,0.0,1948923.22691,12417058.7831,1795687.4025,2310686.41924,6148.38126765,0.0,2920008.54629,1520579.17445,638108.050339,91091.9802964,5605.88509081,1154402.8333,1540405.29824,367564.451573,0.0,0.0,0.0,0.0,0.0,0.0,0.0,1.0,43.0,264.0,203.0,0.0,0.0,1.0,11.0,0.0,0.0,0.0,0.0,0.0,0.0,0.0,0.0,0.0,0.0,0.0,0.0,0.0,332879.3125,329292.78125,321674.59375,325507.25,314461.15625,318132.4375,310768.8125,304166.1875,307373.5625,300403.8125,297103.625,293943.1875,290757.65625,287460.8125,284239.3125,280959.0625,278130.625,275011.875,272002.875,269217.96875,266062.0,ADM1,0,0,COG,COG-ADM1-67827341B95269334,CG-11,Bouenza,ADM1
1,1633200.85519,4257.06689575,701.584881839,0.0,6958853.25206,3888507.64433,6444683.02868,8037287.68232,13039.3874868,0.0,3222627.72276,5453525.21274,2126872.25835,342093.903653,2195.14874123,1442630.1886,1910790.12402,1389695.10266,NA,NA,NA,NA,NA,NA,NA,NA,4.0,NA,NA,NA,NA,NA,NA,NA,NA,NA,NA,NA,NA,NA,NA,NA,NA,NA,NA,NA,inf,149611.224854,151759.370117,150660.01709,154155.175293,152992.451904,155269.885254,157857.495605,156650.26123,158987.669678,160363.327148,161602.493896,162757.723877,164124.658691,165635.636719,166680.354004,168332.258789,169745.193115,171159.629883,172668.674561,174132.849365,ADM1,1,1,COG,COG-ADM1-67827341B83538750,CG-8,Cuvette,ADM1
2,876240.503227,25779.1993773,4248.53472871,0.0,3733464.85378,789723.663562,3457478.39821,4305059.51046,32696.4203011,0.0,878544.358971,2924334.59849,1141388.34178,143041.904053,0.0,1238649.26774,249993.575654,397796.983727,0.0,0.0,0.0,0.0,0.0,0.0,0.0,0.0,8532.0,0.0,25.0,0.0,0.0,0.0,0.0,0.0,0.0,0.0,0.0,0.0,0.0,0.0,0.0,0.0,0.0,0.0,0.0,0.0,45116.6015625,48229.1757812,55086.4257812,51567.3994141,62906.90625,58843.4541016,67239.8808594,76765.2070312,71867.3476562,82037.1523438,87651.0703125,93759.1015625,100283.871094,107145.947266,114495.488281,122492.800781,130939.597656,139908.171875,149606.570312,159940.292969,170969.945312,ADM1,2,2,COG,COG-ADM1-67827341B16918229,CG-15,Cuvette-Ouest,ADM1
3,543832.994915,15525.4799193,2646.14697059,88354.9354322,2047519.33958,8021896.18523,2047385.93186,5622396.11684,19691.3647079,0.0,2252917.89535,1604344.54257,1492024.14207,3008255.58488,0.0,1497970.48201,371621.811631,6714754.16683,0.0,0.0,0.0,0.0,0.0,0.6000000238418579,0.0,0.0,0.0,0.0,8.0,0.0,0.0,0.0,0.0,0.0,0.0,0.0,0.0,0.0,0.0,0.0,0.0,0.0,0.0,0.0,0.0,0.0,inf,592365.75,594407.9375,584726.5625,527475.3125,539739.0,492334.75,483956.3125,510096.96875,469031.75,438964.1875,438830.15625,432289.21875,423268.125,398430.25,396619.71875,380168.5,372091.65625,356179.40625,359815.0625,351695.84375,ADM1,3,3,COG,COG-ADM1-67827341B37048895,CG-5,Kouilou,ADM1
4,2403825.31227,0.0,0.0,7507.76995508,10258376.3912,2247839.41857,9486606.50735,11878678.8657,323630.538701,66138.8280502,1631763.12509,8040533.20238,3167352.10832,702063.565073,156257.818118,576556.158849,720458.275973,1024232.39953,NA,NA,NA,NA,NA,NA,NA,NA,NA,NA,NA,NA,NA,NA,NA,NA,NA,NA,NA,NA,NA,NA,NA,NA,NA,NA,NA,NA,inf,62402.9233398,84353.6835938,72535.59375,114062.09082,98039.8134766,132783.235352,179529.526367,154275.599609,209266.416016,243601.171875,283522.660156,330424.511719,386006.779297,450233.96875,524349.681641,609815.109375,711665.484375,829119.835938,966484.234375,1124721.0625,ADM1,4,4,COG,COG-ADM1-67827341B50325397,CG-2,Likouala,ADM1
5,764385.472956,6710.1650589,1105.86713229,0.0,3256875.58098,3282253.47596,3016119.71932,6441670.03777,8510.67458861,0.0,1912417.50628,2551033.5084,1709561.97514,137584.594811,0.0,1246199.21986,250598.916575,489036.167914,0.0,0.0,0.0,0.0,0.0,0.0,0.0,0.0,0.0,0.0,32.0,0.0,0.0,0.0,0.0,0.0,0.0,0.0,0.0,0.0,0.0,0.0,0.0,0.0,0.0,0.0,0.0,0.0,74256.96875,77072.9921875,83064.0625,79972.0625,89684.4140625,86239.4765625,93229.2890625,100593.046875,96879.03125,104687.320312,108815.414062,113108.382812,117614.1875,122339.617188,127082.585938,132265.875,137477.296875,142968.78125,148676.921875,154629.578125,160874.453125,ADM1,5,5,COG,COG-ADM1-67827341B74767684,CG-7,Lékoumou,ADM1
6,966428.031972,130589.284026,21583.6859497,62574.4199868,3955460.85587,5867974.55876,3772262.89264,10072126.2889,172792.738418,0.0,4662669.71622,3078495.46627,1963786.19328,4175941.10727,6530.97757036,1290765.03524,2008311.92683,1070393.39522,NA,NA,NA,NA,NA,NA,NA,NA,55.0,3.0,88.0,NA,NA,NA,0.23999999463558197,3.200000047683716,NA,NA,NA,NA,NA,NA,NA,NA,NA,NA,NA,NA,297558.428711,287124.476074,269185.237793,278249.347656,253410.716309,261411.005127,245952.296387,231419.277832,238314.962402,224132.335449,217533.367188,211078.168213,205034.856934,199237.273438,194552.65918,188858.734375,183715.643799,179165.796631,174136.225098,170553.979736,166391.761719,ADM1,6,6,COG,COG-ADM1-67827341B1685335,CG-9,Niari,ADM1
7,1446115.89035,2206.01121466,363.561145566,0.0,6161830.87992,3764349.34582,5706749.73903,7135531.38814,409810.832164,0.0,3825755.33525,4836352.40044,1884505.17813,348507.271303,3129.75140998,1406099.4503,1883940.90901,1075189.57779,NA,NA,NA,NA,NA,NA,NA,NA,NA,NA,2.0,NA,NA,NA,NA,NA,NA,NA,NA,NA,NA,NA,NA,NA,NA,NA,NA,NA,inf,212010.01123,198415.102783,205048.026855,185752.86499,191915.054199,179774.072754,168274.07373,173881.352051,162951.254639,157672.479126,152592.435791,147789.64209,143100.771973,138454.776733,134134.216431,129759.721802,125639.105713,121724.049561,117867.520752,114052.561768,ADM1,7,7,COG,COG-ADM1-67827341B13350591,CG-14,Plateaux,ADM1
8,1050027.20302,0.0,0.0,0.0,4499357.14362,7893810.22685,4144207.53758,5257594.10214,314060.296575,0.0,3683126.36151,3514943.74666,1461638.30544,315423.020934,16805.4110544,1132859.49925,1591510.82211,736836.620687,NA,NA,NA,NA,NA,NA,NA,NA,33.0,315.0,464.0,NA,3.0,112.0,16.0,NA,NA,NA,NA,1.0,NA,NA,NA,NA,NA,NA,NA,34.0,inf,545850.175781,365454.925781,440659.046875,249076.384766,302366.603516,203051.412109,130738.664062,161974.582031,116173.480469,94373.9570312,76595.4628906,62760.2006836,51229.5605469,42960.3171387,36175.105957,28247.9440918,23938.5407715,19631.3327637,15988.8430176,13649.0224609,ADM1,8,8,COG,COG-ADM1-67827341B27831038,CG-12,Pool,ADM1
9,2121468.80363,13363.4299497,146157.579821,31339.2420515,8949000.10358,1859592.83475,8220626.40023,12924959.7239,31547.213072,72620.2341769,2798516.50373,7008818.26882,3482407.86957,341243.110647,850243.057911,473283.893679,4056395.42396,990146.331612,NA,NA,NA,NA,NA,NA,NA,NA,NA,NA,NA,NA,NA,NA,NA,NA,NA,NA,NA,NA,NA,NA,NA,NA,NA,NA,NA,NA,76672.2579346,78087.3005371,80943.6807861,79558.302124,83897.6193848,82328.994751,85322.1708984,88611.0494385,86971.5146484,90085.706543,91948.4313965,93474.9519043,95265.956665,97160.4016113,99018.2003174,100896.889526,102842.666016,104676.907227,106672.571533,108726.593994,110710.295044,ADM1,9,9,COG,COG-ADM1-67827341B99308508,CG-13,Sangha,ADM1
10,218453.066568,0.0,0.0,0.0,1279904.05483,5840877.88605,2182239.57839,4069313.26894,15979.4837285,0.0,12869148.8558,4245333.21293,3408269.66102,14724570.5903,246989.927282,1704279.8318,4827585.60141,28475510.3022,0.0,0.0,0.0,2.0,135.0,18.0,2.0,0.0,1620.0,3180.0,105.0,0.0,0.0,121.0,6.0,0.0,15.0,0.0,2.0,0.0,0.0,0.0,0.0,0.0,0.0,0.0,0.0,17.0,inf,1653751.375,1540751.375,1597633.75,1462928.375,1493522.5,1426470.875,1375196.0,1398091.5,1349183.75,1329532.25,1314177.125,1299844.375,1283449.625,1267066.25,1254790.75,1246944.125,1233572.625,1220019.125,1211964.125,1196797.375,ADM1,10,10,COG,COG-ADM1-67827341B4323901,CG-BZV,Brazzaville,ADM1
11,2536.33266616,0.0,0.0,0.0,10806.7463576,1672142.55476,10007.8863869,1868762.62028,0.0,0.0,190904.562398,8464.66848044,496634.645971,10182193.6147,0.0,1091286.82904,1100884.04117,20160350.029,0.0,0.0,0.0,0.0,0.0,0.0,0.0,0.0,132.0,1.0,11.0,0.0,0.0,0.0,0.0,0.0,0.0,0.0,0.0,0.0,0.0,0.0,1.0,2.0,0.0,0.0,0.0,0.0,423368.75,410543.6875,328945.03125,377126.46875,320627.84375,345343.75,320997.8125,268084.1875,272067.5625,254254.15625,255343.15625,231982.1875,214669.671875,201842.625,203960.609375,186674.703125,183906.203125,174090.71875,173964.171875,154968.6875,148198.546875,ADM1,11,11,COG,COG-ADM1-67827341B27925898,CG-16,Pointe-Noire,ADM1
