asdf_id,accessibility_to_cities_2015_v1.0.mean,accessibility_to_cities_2015_v1.0.max,accessibility_to_cities_2015_v1.0.min,access_50k.none.mean,access_50k.none.max,access_50k.none.min,Level,gqid,id,shapeGroup,shapeID,shapeISO,shapeName,shapeType
0,186.356034069,1140.0,0.0,228.0625713,1673.0,0.0,ADM1,0,0,CMR,CMR-ADM1-86726319B45659190,CM-LT,Littoral,ADM1
1,306.059514401,1812.0,0.0,415.369182074,2619.0,0.0,ADM1,1,1,CMR,CMR-ADM1-86726319B27524114,CM-SU,South,ADM1
2,466.612794795,1972.0,0.0,784.613467063,3513.0,0.0,ADM1,2,2,CMR,CMR-ADM1-86726319B94194618,CM-ES,East,ADM1
3,201.356311905,1024.0,0.0,324.640321912,1728.0,0.0,ADM1,3,3,CMR,CMR-ADM1-86726319B17200377,CM-SW,Southwest,ADM1
4,56.1596516954,485.0,0.0,209.778419526,1080.0,0.0,ADM1,4,4,CMR,CMR-ADM1-86726319B32970623,CM-OU,West,ADM1
5,168.751844726,653.0,0.0,330.720140104,1634.0,0.0,ADM1,5,5,CMR,CMR-ADM1-86726319B29239079,CM-NO,North,ADM1
6,138.702980605,691.0,0.0,353.174651329,1778.0,0.0,ADM1,6,6,CMR,CMR-ADM1-86726319B652932,CM-AD,Adamawa,ADM1
7,189.965638272,1072.0,0.0,342.911703998,1683.0,0.0,ADM1,7,7,CMR,CMR-ADM1-86726319B41170042,CM-CE,Centre,ADM1
8,92.2133712708,695.0,0.0,219.653492719,1572.0,0.0,ADM1,8,8,CMR,CMR-ADM1-86726319B84103852,CM-EN,Far-North,ADM1
9,89.5571907854,535.0,0.0,354.668717532,1481.0,0.0,ADM1,9,9,CMR,CMR-ADM1-86726319B21048861,CM-NW,Northwest,ADM1
