asdf_id,accessibility_to_cities_2015_v1.0.mean,accessibility_to_cities_2015_v1.0.max,accessibility_to_cities_2015_v1.0.min,access_50k.none.mean,access_50k.none.max,access_50k.none.min,Level,gqid,id,shapeGroup,shapeID,shapeISO,shapeName,shapeType
0,165.110835313,591.0,0.0,253.309333366,891.0,0.0,ADM1,0,0,COG,COG-ADM1-67827341B95269334,CG-11,Bouenza,ADM1
1,1101.5092616,3012.0,162.0,1092.85758749,3314.0,407.0,ADM1,1,1,COG,COG-ADM1-67827341B83538750,CG-8,Cuvette,ADM1
2,1255.6030718,3225.0,362.0,1051.71006186,2536.0,508.0,ADM1,2,2,COG,COG-ADM1-67827341B16918229,CG-15,Cuvette-Ouest,ADM1
3,197.516289552,815.0,0.0,590.077573934,2814.0,0.0,ADM1,3,3,COG,COG-ADM1-67827341B37048895,CG-5,Kouilou,ADM1
4,900.374044581,2345.0,0.0,1493.71795951,5212.0,223.0,ADM1,4,4,COG,COG-ADM1-67827341B50325397,CG-2,Likouala,ADM1
5,285.826406047,868.0,0.0,551.475772714,1925.0,54.0,ADM1,5,5,COG,COG-ADM1-67827341B74767684,CG-7,Lékoumou,ADM1
6,308.061087036,1286.0,0.0,492.954362453,2155.0,0.0,ADM1,6,6,COG,COG-ADM1-67827341B1685335,CG-9,Niari,ADM1
7,477.320558418,1186.0,181.0,597.588159095,1583.0,207.0,ADM1,7,7,COG,COG-ADM1-67827341B13350591,CG-14,Plateaux,ADM1
8,335.154907522,1048.0,25.0,413.561826125,1528.0,38.0,ADM1,8,8,COG,COG-ADM1-67827341B27831038,CG-12,Pool,ADM1
9,1278.60609858,2760.0,474.0,1722.97068612,5431.0,377.0,ADM1,9,9,COG,COG-ADM1-67827341B99308508,CG-13,Sangha,ADM1
10,137.798360656,588.0,0.0,296.38148935,1347.0,0.0,ADM1,10,10,COG,COG-ADM1-67827341B4323901,CG-BZV,Brazzaville,ADM1
11,0.253529768911,6.0,0.0,6.70806369424,55.0,0.0,ADM1,11,11,COG,COG-ADM1-67827341B27925898,CG-16,Pointe-Noire,ADM1
