asdf_id,accessibility_to_cities_2015_v1.0.mean,accessibility_to_cities_2015_v1.0.max,accessibility_to_cities_2015_v1.0.min,access_50k.none.mean,access_50k.none.max,access_50k.none.min,Level,gqid,shapeGroup,shapeID,shapeISO,shapeName,shapeType
0,4126.33068947,9209.0,172.0,2570.72210909,6683.0,398.0,ADM1,0,MRT,MRT-ADM1-64602211B65222448,MR-AD,Adrar,ADM1
1,738.502029858,1503.0,161.0,383.031413756,1434.0,0.0,ADM1,1,MRT,MRT-ADM1-64602211B84250573,MR-AS,Assaba,ADM1
2,730.946076509,2127.0,0.0,494.826764696,2057.0,26.0,ADM1,2,MRT,MRT-ADM1-64602211B3763928,MR-BR,Brakna,ADM1
3,342.958860396,936.0,0.0,483.543358057,1188.0,0.0,ADM1,3,MRT,MRT-ADM1-64602211B26477663,MR-DN,Dakhlet Nouadhibou,ADM1
4,403.642160665,908.0,9.0,280.306779428,862.0,0.0,ADM1,4,MRT,MRT-ADM1-64602211B34335722,MR-GO,Gorgol,ADM1
5,418.291411601,657.0,105.0,370.618124977,912.0,85.0,ADM1,5,MRT,MRT-ADM1-64602211B57510199,MR-GD,Guidimaka,ADM1
6,2846.77830504,9229.0,0.0,2247.40369354,5920.0,214.0,ADM1,6,MRT,MRT-ADM1-64602211B18885604,MR-HC,Hodh ech Chargui,ADM1
7,921.308300699,2285.0,334.0,620.117283367,1840.0,99.0,ADM1,7,MRT,MRT-ADM1-64602211B85975421,MR-HG,Hodh el Gharbi,ADM1
8,759.160983274,2033.0,62.0,953.318469139,2308.0,141.0,ADM1,8,MRT,MRT-ADM1-64602211B39036992,MR-IN,Inchiri,ADM1
9,48.7335764344,312.0,0.0,132.558226651,449.0,0.0,ADM1,9,MRT,MRT-ADM1-64602211B46643775,MR-NO,Nouakchott,ADM1
10,1982.47143908,4461.0,477.0,1625.84689836,4461.0,130.0,ADM1,10,MRT,MRT-ADM1-64602211B19861166,MR-TG,Tagant,ADM1
11,2599.41263713,7139.0,103.0,1917.19753441,4746.0,312.0,ADM1,11,MRT,MRT-ADM1-64602211B67592419,MR-TZ,Tiris Zemmour,ADM1
12,867.30932536,3023.0,0.0,836.584965073,3426.0,0.0,ADM1,12,MRT,MRT-ADM1-64602211B38202790,MR-TR,Trarza,ADM1
